origin,destination,departure_date,return_date,airline,cabin_class,adults,children,infants,stops,trip_type,currency,flight_duration_minutes,departure_hour,arrival_hour,price,price_usd
PNQ,BOM,2026-08-29,,GA,ECONOMY,2,1,0,1,ONE_WAY,INR,476,2,9,3944.8,47.34
SYD,BAH,2027-08-06,,MH,PREMIUM_ECONOMY,2,1,0,1,ONE_WAY,USD,319,13,18,5006.77,5006.77
AMS,AUH,2027-04-06,,EY,FIRST,1,1,0,1,ONE_WAY,USD,503,17,1,9766.29,9766.29
SYD,MAD,2026-09-23,2026-10-23,SQ,PREMIUM_ECONOMY,2,0,0,0,ROUND_TRIP,EUR,304,7,12,5307.9,5732.53
AMD,MIA,2026-09-19,2026-10-11,WY,ECONOMY,1,0,0,1,ROUND_TRIP,USD,416,20,2,1629.18,1629.18
KUL,DFW,2026-08-30,2026-09-27,WY,FIRST,2,1,0,0,ROUND_TRIP,EUR,180,10,13,46943.23,50698.69
AMS,MAA,2026-10-26,2026-11-06,EY,BUSINESS,1,0,0,1,ROUND_TRIP,INR,614,4,14,4471.96,53.66
DPS,SIN,2027-07-01,,DL,ECONOMY,2,0,0,0,ONE_WAY,AUD,606,5,15,2808.26,1825.37
SIN,MAA,2027-07-29,2027-08-18,AF,ECONOMY,4,1,0,1,ROUND_TRIP,EUR,269,8,12,10648.04,11499.88
SIN,DOH,2027-06-30,2027-07-12,IB,ECONOMY,4,1,0,0,ROUND_TRIP,INR,653,20,6,7374.52,88.49
BAH,AUH,2027-02-15,,LH,BUSINESS,2,0,0,0,ONE_WAY,INR,486,9,17,6130.43,73.57
CCU,AMD,2026-12-27,,GA,ECONOMY,2,0,0,1,ONE_WAY,INR,544,16,1,2476.46,29.72
SIN,MCT,2027-04-02,2027-04-08,UA,BUSINESS,1,0,0,2,ROUND_TRIP,INR,208,7,10,1264.44,15.17
SYD,LHR,2026-12-13,,DL,ECONOMY,1,2,0,0,ONE_WAY,GBP,489,8,16,1920.99,2439.66
MNL,MCT,2026-10-02,2026-10-26,UA,ECONOMY,1,1,0,0,ROUND_TRIP,EUR,159,13,15,1589.08,1716.21
BLR,PNQ,2027-01-03,,6E,ECONOMY,1,0,0,1,ONE_WAY,AED,643,14,0,292.49,79.56
MAA,KUL,2027-03-10,2027-03-28,UA,ECONOMY,1,0,0,0,ROUND_TRIP,EUR,410,15,21,1946.1,2101.79
DOH,MIA,2027-05-25,,AI,FIRST,1,0,1,2,ONE_WAY,INR,517,21,5,1522.3,18.27
MNL,AUH,2027-04-28,2027-05-28,EY,ECONOMY,2,1,0,1,ROUND_TRIP,EUR,480,16,0,7270.02,7851.62
KWI,MAA,2026-09-24,2026-10-10,WN,ECONOMY,4,0,0,0,ROUND_TRIP,EUR,120,21,23,2833.65,3060.34
MEL,NRT,2027-01-22,,BA,BUSINESS,1,0,0,0,ONE_WAY,INR,406,2,8,2565.88,30.79
AMD,MAA,2027-05-19,,UA,ECONOMY,3,1,0,0,ONE_WAY,SGD,622,22,8,7090.23,5246.77
NRT,DEL,2027-05-24,,TG,BUSINESS,4,0,0,0,ONE_WAY,GBP,555,4,13,5166.35,6561.26
JFK,MCT,2027-01-02,,TG,PREMIUM_ECONOMY,3,1,0,1,ONE_WAY,EUR,563,1,10,6481.29,6999.79
JFK,DXB,2027-08-02,,SQ,FIRST,2,0,0,2,ONE_WAY,EUR,330,4,9,19802.75,21386.97
SYD,AUH,2026-12-19,,KL,ECONOMY,2,1,0,0,ONE_WAY,AED,353,21,2,4676.39,1271.98
LAX,MEL,2027-03-13,2027-03-16,KL,FIRST,1,0,0,0,ROUND_TRIP,AED,513,5,13,9403.17,2557.66
SFO,CDG,2027-02-09,2027-02-21,WY,ECONOMY,1,0,0,2,ROUND_TRIP,USD,396,7,13,1863.47,1863.47
BOM,MCT,2027-05-15,2027-05-28,AF,ECONOMY,1,0,0,2,ROUND_TRIP,SGD,775,0,12,2667.97,1974.3
DPS,FRA,2027-06-05,,6E,ECONOMY,1,0,0,0,ONE_WAY,INR,138,6,8,740.68,8.89
HYD,BKK,2027-07-20,2027-08-02,AI,ECONOMY,4,1,0,1,ROUND_TRIP,GBP,289,19,23,7799.51,9905.38
FCO,NRT,2026-11-11,,GF,PREMIUM_ECONOMY,2,0,0,0,ONE_WAY,GBP,621,19,5,3808.77,4837.14
FCO,SFO,2027-07-25,,UA,BUSINESS,2,0,0,1,ONE_WAY,USD,353,6,11,7510.91,7510.91
DOH,CCU,2026-11-23,2026-11-30,GF,ECONOMY,3,1,0,0,ROUND_TRIP,USD,443,0,7,3172.31,3172.31
CDG,MNL,2026-12-16,,WN,BUSINESS,2,0,0,1,ONE_WAY,EUR,584,4,13,4754.8,5135.18
AMD,BKK,2027-04-08,2027-05-02,QR,ECONOMY,1,0,0,1,ROUND_TRIP,EUR,673,16,3,2290.62,2473.87
ZRH,KUL,2027-04-01,2027-04-12,WN,BUSINESS,3,0,0,2,ROUND_TRIP,EUR,560,7,16,9679.21,10453.55
NRT,MNL,2026-10-30,,SQ,ECONOMY,1,0,0,0,ONE_WAY,INR,361,7,13,596.33,7.16
AUH,LHR,2027-08-05,,SG,ECONOMY,1,1,0,1,ONE_WAY,EUR,304,0,5,2030.85,2193.32
CGK,DEL,2026-12-04,,LH,ECONOMY,3,0,0,1,ONE_WAY,AED,537,15,23,986.66,268.37
AMS,BKK,2027-06-28,,LX,ECONOMY,1,0,0,0,ONE_WAY,GBP,252,17,21,1068.58,1357.1
BOM,AMD,2027-02-24,2027-03-07,SQ,ECONOMY,1,0,0,0,ROUND_TRIP,USD,84,13,14,457.06,457.06
CCU,MNL,2026-08-29,,AI,PREMIUM_ECONOMY,1,0,1,0,ONE_WAY,SGD,309,7,12,1901.52,1407.12
CDG,DXB,2026-10-11,2026-11-07,LX,PREMIUM_ECONOMY,2,1,0,1,ROUND_TRIP,USD,255,5,9,5081.29,5081.29
AMD,BOM,2026-12-16,2026-12-22,GF,ECONOMY,4,0,0,1,ROUND_TRIP,USD,588,22,7,9016.68,9016.68
PNQ,DPS,2026-10-07,,6E,ECONOMY,2,0,0,1,ONE_WAY,USD,698,13,0,2157.99,2157.99
KUL,AUH,2027-06-13,,KL,ECONOMY,2,2,0,1,ONE_WAY,GBP,365,8,14,3766.22,4783.1
CCU,MAD,2026-11-30,,IB,ECONOMY,1,0,0,0,ONE_WAY,GBP,541,11,20,934.65,1187.01
FRA,LAX,2027-04-21,2027-05-11,WY,BUSINESS,1,2,0,1,ROUND_TRIP,USD,201,7,10,3205.31,3205.31
BKK,BOM,2027-05-22,,SG,ECONOMY,2,0,0,0,ONE_WAY,USD,602,10,20,1966.68,1966.68
KUL,AMS,2026-12-02,,GF,ECONOMY,1,0,0,0,ONE_WAY,USD,376,23,5,479.39,479.39
NRT,MAD,2026-09-10,,UK,BUSINESS,1,1,0,0,ONE_WAY,USD,344,17,22,5528.6,5528.6
DXB,HKG,2027-04-15,2027-04-21,UK,BUSINESS,1,0,0,2,ROUND_TRIP,EUR,717,2,13,3427.59,3701.8
BLR,DOH,2027-06-26,2027-07-06,IX,BUSINESS,1,0,0,1,ROUND_TRIP,USD,260,16,20,1774.51,1774.51
BKK,KUL,2026-11-28,2026-12-21,GF,BUSINESS,2,0,0,2,ROUND_TRIP,USD,333,6,11,3557.41,3557.41
KWI,MEL,2027-04-03,,SG,ECONOMY,1,0,0,0,ONE_WAY,GBP,144,2,4,837.06,1063.07
LHR,AMS,2026-10-25,2026-10-30,SQ,ECONOMY,1,0,0,0,ROUND_TRIP,USD,545,1,10,776.28,776.28
MEL,MAD,2026-09-03,2026-09-19,IB,ECONOMY,4,0,0,0,ROUND_TRIP,GBP,141,23,1,6536.54,8301.41
FRA,BOM,2027-06-05,2027-06-09,SG,ECONOMY,2,0,0,1,ROUND_TRIP,AED,263,5,9,1490.19,405.33
AMS,KWI,2026-11-04,2026-11-17,DL,ECONOMY,1,0,0,0,ROUND_TRIP,SGD,106,13,14,2107.47,1559.53
MNL,MAD,2027-03-08,2027-04-07,TG,BUSINESS,1,0,0,2,ROUND_TRIP,EUR,498,16,0,4172.52,4506.32
ICN,KUL,2026-10-20,,KL,ECONOMY,1,0,0,0,ONE_WAY,GBP,187,9,12,319.01,405.14
MNL,PNQ,2026-10-11,2026-10-28,AI,FIRST,1,0,0,0,ROUND_TRIP,USD,232,3,6,10961.26,10961.26
MAD,NRT,2027-05-01,2027-05-27,MH,ECONOMY,1,0,0,2,ROUND_TRIP,AUD,719,4,15,1688.67,1097.64
MAA,MAD,2027-06-10,,PR,BUSINESS,2,1,0,0,ONE_WAY,SGD,639,18,4,4766.1,3526.91
ICN,CGK,2027-02-26,2027-03-08,LH,ECONOMY,4,1,1,0,ROUND_TRIP,USD,457,13,20,13696.3,13696.3
ZRH,MNL,2026-10-17,,MH,BUSINESS,2,0,0,2,ONE_WAY,AUD,794,16,5,5064.64,3292.02
BKK,AMD,2026-12-27,,AA,BUSINESS,3,2,0,1,ONE_WAY,USD,462,10,17,27376.08,27376.08
MIA,CCU,2026-09-01,2026-09-23,BA,BUSINESS,1,1,0,2,ROUND_TRIP,USD,304,2,7,3344.98,3344.98
LHR,CCU,2027-01-27,2027-02-24,KL,FIRST,1,0,0,0,ROUND_TRIP,INR,318,1,6,9258.8,111.11
LAX,DFW,2027-06-27,,KL,ECONOMY,2,0,0,2,ONE_WAY,EUR,746,21,9,762.32,823.31
LHR,CGK,2027-03-28,,SQ,ECONOMY,3,2,0,0,ONE_WAY,USD,83,11,12,1243.04,1243.04
FCO,BKK,2027-06-04,2027-06-16,MH,ECONOMY,1,0,0,1,ROUND_TRIP,USD,144,22,0,1397.68,1397.68
MIA,AMS,2027-01-07,2027-02-03,AI,ECONOMY,1,0,0,2,ROUND_TRIP,INR,335,7,12,1257.4,15.09
LAX,LHR,2027-07-01,,SQ,ECONOMY,2,0,0,0,ONE_WAY,INR,157,20,22,2093.72,25.12
DPS,ORD,2027-02-17,2027-03-08,GA,ECONOMY,1,0,0,2,ROUND_TRIP,USD,498,16,0,381.24,381.24
AMS,DOH,2026-09-21,2026-09-28,WY,BUSINESS,1,1,0,1,ROUND_TRIP,SGD,510,7,15,12588.87,9315.76
MIA,MEL,2027-02-25,,LH,ECONOMY,1,0,0,0,ONE_WAY,USD,391,20,2,586.57,586.57
ORD,AMD,2027-04-08,,TG,ECONOMY,2,2,0,0,ONE_WAY,AED,198,22,1,3522.95,958.24
HYD,BLR,2027-08-05,,GF,FIRST,2,0,0,2,ONE_WAY,USD,371,17,23,15281.37,15281.37
DPS,AUH,2027-03-29,2027-04-08,KL,PREMIUM_ECONOMY,4,0,0,0,ROUND_TRIP,GBP,638,11,21,19392.88,24628.96
LAX,BLR,2026-08-24,2026-08-28,AF,ECONOMY,3,0,0,1,ROUND_TRIP,SGD,641,10,20,10858.68,8035.42
DXB,DPS,2027-06-15,2027-06-18,EY,ECONOMY,1,1,0,0,ROUND_TRIP,USD,514,8,16,4723.99,4723.99
ICN,FRA,2026-12-27,2026-12-31,EK,ECONOMY,1,1,0,0,ROUND_TRIP,USD,142,4,6,5045.72,5045.72
SFO,ICN,2026-09-05,,UK,PREMIUM_ECONOMY,2,0,0,2,ONE_WAY,INR,503,23,7,1984.94,23.82
FCO,CGK,2026-09-20,,SQ,FIRST,1,0,0,2,ONE_WAY,EUR,767,2,14,7097.57,7665.38
AUH,MAA,2027-06-19,2027-07-05,IX,ECONOMY,1,2,0,1,ROUND_TRIP,EUR,213,3,6,959.75,1036.53
SYD,MCT,2027-07-20,,KL,ECONOMY,1,0,0,1,ONE_WAY,USD,498,8,16,398.99,398.99
AUH,MNL,2027-05-28,,SG,ECONOMY,2,0,0,0,ONE_WAY,EUR,66,17,18,946.87,1022.62
SIN,BLR,2027-05-25,,GF,PREMIUM_ECONOMY,1,0,0,0,ONE_WAY,EUR,271,11,15,385.16,415.97
AMS,DPS,2027-07-16,2027-08-14,QR,BUSINESS,3,0,0,0,ROUND_TRIP,AUD,139,22,0,8683.83,5644.49
FCO,LAX,2027-05-12,2027-05-21,LH,ECONOMY,1,0,0,0,ROUND_TRIP,EUR,642,12,22,2931.34,3165.85
KUL,JFK,2027-06-26,2027-06-30,EK,ECONOMY,2,0,0,0,ROUND_TRIP,INR,543,21,6,3196.39,38.36
MNL,BKK,2027-07-21,2027-08-02,KL,ECONOMY,1,0,0,1,ROUND_TRIP,USD,594,1,10,1871.0,1871.0
MIA,BLR,2027-03-22,2027-03-30,AI,ECONOMY,2,0,0,1,ROUND_TRIP,INR,546,4,13,1561.14,18.73
SYD,LAX,2027-03-09,2027-04-03,SG,ECONOMY,1,0,0,1,ROUND_TRIP,EUR,559,20,5,1246.63,1346.36
MAD,PNQ,2026-10-07,,AF,ECONOMY,2,1,1,0,ONE_WAY,INR,320,7,12,3327.18,39.93
MIA,FCO,2027-02-08,,GA,ECONOMY,2,0,0,2,ONE_WAY,USD,541,11,20,854.42,854.42
AUH,FRA,2027-04-23,,UK,ECONOMY,2,0,0,1,ONE_WAY,GBP,625,14,0,797.31,1012.58
MEL,ZRH,2026-09-20,,SQ,ECONOMY,2,1,0,0,ONE_WAY,EUR,262,9,13,1423.81,1537.71
BKK,HYD,2027-06-07,,6E,ECONOMY,4,0,0,0,ONE_WAY,GBP,84,17,18,1455.62,1848.64
MEL,BAH,2026-09-26,,BA,PREMIUM_ECONOMY,1,1,0,2,ONE_WAY,SGD,601,16,2,2596.04,1921.07
KWI,HYD,2027-02-03,2027-02-27,QR,PREMIUM_ECONOMY,2,0,1,0,ROUND_TRIP,EUR,195,19,22,7913.08,8546.13
MAA,LAX,2026-09-24,,UK,ECONOMY,3,2,0,0,ONE_WAY,USD,98,18,19,3306.81,3306.81
AUH,ORD,2027-01-29,2027-02-27,GF,FIRST,2,2,0,0,ROUND_TRIP,USD,383,4,10,30519.17,30519.17
NRT,CCU,2026-11-20,,SQ,PREMIUM_ECONOMY,1,2,0,1,ONE_WAY,USD,673,7,18,2673.58,2673.58
AUH,MAA,2027-06-26,,GF,BUSINESS,3,1,0,0,ONE_WAY,INR,103,4,5,3359.86,40.32
DOH,KUL,2027-05-14,2027-05-24,6E,ECONOMY,1,0,0,1,ROUND_TRIP,USD,712,9,20,640.4,640.4
CGK,BAH,2026-11-04,2026-12-03,LH,PREMIUM_ECONOMY,2,1,0,1,ROUND_TRIP,EUR,641,6,16,8446.14,9121.83
BLR,MNL,2027-05-03,,LH,ECONOMY,3,0,0,0,ONE_WAY,INR,458,4,11,4001.77,48.02
SIN,CCU,2026-09-24,2026-10-08,QR,BUSINESS,1,0,0,0,ROUND_TRIP,SGD,156,7,9,7171.16,5306.66
JFK,AUH,2026-09-23,2026-09-26,IX,ECONOMY,3,1,0,1,ROUND_TRIP,EUR,688,8,19,3738.34,4037.41
AUH,MEL,2027-06-28,,GA,PREMIUM_ECONOMY,1,0,0,1,ONE_WAY,INR,253,14,18,1553.91,18.65
ICN,BOM,2027-07-20,,SQ,ECONOMY,1,0,0,1,ONE_WAY,USD,521,21,5,1474.76,1474.76
NRT,ORD,2027-02-28,,SG,FIRST,2,0,0,0,ONE_WAY,INR,566,11,20,7083.41,85.0
MAA,ORD,2027-07-09,2027-07-17,QR,PREMIUM_ECONOMY,2,0,0,1,ROUND_TRIP,INR,484,21,5,3230.99,38.77
CGK,KWI,2027-01-19,2027-02-07,IX,ECONOMY,1,0,0,0,ROUND_TRIP,EUR,288,12,16,681.95,736.51
BAH,FCO,2027-03-27,,LH,BUSINESS,1,1,0,1,ONE_WAY,GBP,208,12,15,5465.1,6940.68
KWI,HKG,2026-11-14,2026-12-04,MH,ECONOMY,3,1,0,1,ROUND_TRIP,EUR,265,9,13,2358.92,2547.63
MAD,ZRH,2027-03-24,,IB,PREMIUM_ECONOMY,1,0,0,0,ONE_WAY,GBP,406,8,14,680.41,864.12
BLR,CCU,2027-03-26,,TG,PREMIUM_ECONOMY,2,2,0,1,ONE_WAY,INR,534,1,9,1484.27,17.81
ORD,DFW,2026-10-23,,AF,BUSINESS,1,0,0,0,ONE_WAY,USD,659,16,2,4794.71,4794.71
MIA,ZRH,2026-12-25,2027-01-19,SQ,ECONOMY,1,0,1,0,ROUND_TRIP,USD,74,14,15,3705.31,3705.31
MNL,BAH,2027-01-24,,UK,ECONOMY,2,2,0,2,ONE_WAY,USD,416,21,3,2814.26,2814.26
MAA,MEL,2026-12-06,,UA,ECONOMY,2,1,0,0,ONE_WAY,USD,511,3,11,3263.53,3263.53
MNL,BOM,2027-04-16,,LH,ECONOMY,2,0,0,0,ONE_WAY,INR,81,16,17,1853.25,22.24
SFO,DPS,2027-05-23,,SG,ECONOMY,1,0,0,1,ONE_WAY,USD,328,20,1,706.34,706.34
SIN,NRT,2027-05-06,,6E,BUSINESS,1,2,0,2,ONE_WAY,USD,560,9,18,2260.17,2260.17
CCU,AMS,2027-06-07,2027-06-14,EY,PREMIUM_ECONOMY,1,0,0,0,ROUND_TRIP,USD,522,5,13,973.64,973.64
JFK,DPS,2027-03-15,,6E,BUSINESS,2,0,0,1,ONE_WAY,USD,163,19,21,834.39,834.39
BOM,HKG,2027-08-01,2027-08-05,SQ,ECONOMY,1,1,0,1,ROUND_TRIP,USD,172,5,7,1003.01,1003.01
JFK,AUH,2026-10-07,,BA,BUSINESS,1,0,0,1,ONE_WAY,AUD,690,10,21,2558.26,1662.87
KUL,PNQ,2026-11-03,,WY,ECONOMY,4,1,0,2,ONE_WAY,USD,451,10,17,1539.44,1539.44
DOH,HKG,2027-06-08,2027-06-22,AA,ECONOMY,1,0,0,0,ROUND_TRIP,EUR,275,1,5,529.67,572.04
MAD,HKG,2027-02-17,2027-03-16,WN,BUSINESS,2,1,0,2,ROUND_TRIP,EUR,293,12,16,12730.46,13748.9
SYD,BAH,2026-10-13,,LH,ECONOMY,2,0,1,1,ONE_WAY,EUR,304,4,9,1805.2,1949.62
MIA,ORD,2027-01-31,,BA,ECONOMY,2,0,0,0,ONE_WAY,USD,60,15,16,2211.79,2211.79
HKG,DXB,2027-05-01,,BA,BUSINESS,2,1,0,1,ONE_WAY,USD,621,17,3,15181.3,15181.3
MEL,FCO,2027-08-01,,LX,BUSINESS,4,0,0,1,ONE_WAY,GBP,615,20,6,16156.02,20518.15
DPS,MEL,2027-07-28,2027-08-07,QR,PREMIUM_ECONOMY,2,0,0,0,ROUND_TRIP,USD,542,1,10,9863.73,9863.73
PNQ,MCT,2026-09-14,,AI,ECONOMY,1,0,0,1,ONE_WAY,EUR,256,22,2,821.63,887.36
CGK,ICN,2027-07-09,,AF,ECONOMY,1,0,0,1,ONE_WAY,AED,396,22,4,662.44,180.18
CGK,BAH,2027-04-21,,QR,ECONOMY,4,1,0,1,ONE_WAY,SGD,620,10,20,5772.73,4271.82
AMS,FCO,2026-09-04,,UK,ECONOMY,1,0,0,0,ONE_WAY,AED,198,9,12,1204.05,327.5
CCU,ORD,2026-10-08,2026-10-30,IB,PREMIUM_ECONOMY,3,0,0,0,ROUND_TRIP,USD,121,23,1,5787.43,5787.43
NRT,LHR,2026-11-02,,SQ,ECONOMY,1,0,0,2,ONE_WAY,USD,808,13,2,784.37,784.37
CGK,MNL,2027-05-14,2027-06-09,SQ,ECONOMY,2,2,0,1,ROUND_TRIP,USD,519,23,7,8532.7,8532.7
KWI,SIN,2027-01-09,,EK,BUSINESS,2,0,0,2,ONE_WAY,INR,277,1,5,5327.15,63.93
FCO,DPS,2027-04-29,2027-05-16,WN,ECONOMY,4,0,0,2,ROUND_TRIP,USD,324,8,13,5453.77,5453.77
KUL,FRA,2027-03-09,2027-04-07,MH,ECONOMY,2,1,0,2,ROUND_TRIP,INR,359,13,18,1407.56,16.89
ZRH,CCU,2026-12-28,,AF,PREMIUM_ECONOMY,1,0,0,0,ONE_WAY,USD,121,10,12,2048.18,2048.18
FRA,DFW,2027-01-20,2027-02-14,MH,ECONOMY,1,0,1,2,ROUND_TRIP,EUR,712,3,14,1872.83,2022.66
MAD,DFW,2027-04-12,2027-05-09,WN,ECONOMY,1,2,0,1,ROUND_TRIP,EUR,576,17,2,872.85,942.68
CDG,CCU,2027-06-03,2027-06-23,AA,ECONOMY,2,0,0,1,ROUND_TRIP,USD,445,4,11,5343.85,5343.85
ZRH,ICN,2027-05-03,,IB,ECONOMY,1,0,0,1,ONE_WAY,EUR,284,13,17,734.45,793.21
FCO,BOM,2026-09-13,,AF,ECONOMY,1,0,0,1,ONE_WAY,USD,270,2,6,1194.82,1194.82
CGK,HYD,2027-02-25,2027-03-14,GF,ECONOMY,4,0,0,2,ROUND_TRIP,INR,267,12,16,1789.44,21.47
ICN,DXB,2026-08-25,,SQ,BUSINESS,1,0,1,1,ONE_WAY,AUD,576,9,18,2093.88,1361.02
ICN,SIN,2026-08-30,,UA,ECONOMY,1,0,0,1,ONE_WAY,EUR,258,21,1,1181.7,1276.24
BOM,FRA,2027-03-26,2027-04-05,EY,ECONOMY,2,1,0,0,ROUND_TRIP,EUR,155,17,19,4082.64,4409.25
BLR,AUH,2026-12-13,,AA,FIRST,2,0,0,1,ONE_WAY,AED,558,9,18,24756.65,6733.81
LHR,SIN,2026-09-07,2026-09-21,GF,ECONOMY,2,0,0,1,ROUND_TRIP,EUR,640,20,6,1425.55,1539.59
DFW,ICN,2027-08-11,,BA,PREMIUM_ECONOMY,1,0,0,0,ONE_WAY,USD,213,4,7,2949.98,2949.98
SFO,SIN,2027-05-15,,UA,ECONOMY,1,0,0,0,ONE_WAY,USD,432,23,6,808.46,808.46
BAH,BLR,2026-12-03,2026-12-21,WY,ECONOMY,1,1,0,1,ROUND_TRIP,USD,561,6,15,4118.17,4118.17
DEL,LHR,2026-12-14,,EY,FIRST,1,0,0,0,ONE_WAY,AUD,165,17,19,7109.66,4621.28
MAD,MIA,2027-04-11,,IB,ECONOMY,2,0,0,2,ONE_WAY,USD,840,10,0,1323.88,1323.88
HYD,DPS,2026-12-09,,QR,PREMIUM_ECONOMY,2,1,0,0,ONE_WAY,EUR,314,12,17,8079.5,8725.86
CDG,HKG,2026-11-08,2026-12-04,UA,PREMIUM_ECONOMY,3,2,0,1,ROUND_TRIP,USD,437,11,18,15531.36,15531.36
KWI,SYD,2026-10-23,,SQ,FIRST,1,1,0,0,ONE_WAY,INR,95,20,21,13339.3,160.07
MAA,DOH,2026-08-22,,AI,ECONOMY,2,2,1,1,ONE_WAY,USD,532,0,8,7615.16,7615.16
NRT,AMS,2026-10-02,,UA,FIRST,2,1,1,0,ONE_WAY,INR,528,16,0,17883.85,214.61
CDG,BAH,2027-08-05,2027-08-15,WN,ECONOMY,1,0,0,1,ROUND_TRIP,USD,266,9,13,1321.52,1321.52
HYD,AMD,2027-01-30,2027-02-20,AF,ECONOMY,1,0,0,1,ROUND_TRIP,USD,258,3,7,1890.5,1890.5
NRT,HYD,2027-05-19,2027-06-09,QR,ECONOMY,1,0,0,2,ROUND_TRIP,AED,269,21,1,1245.32,338.73
BOM,LHR,2027-03-01,2027-03-25,DL,ECONOMY,4,0,0,1,ROUND_TRIP,INR,531,17,1,12222.72,146.67
DFW,DXB,2027-06-24,,MH,PREMIUM_ECONOMY,1,0,0,0,ONE_WAY,AUD,125,19,21,546.69,355.35
AMS,KUL,2027-01-12,2027-02-09,LX,ECONOMY,1,0,0,1,ROUND_TRIP,USD,356,7,12,2354.95,2354.95
MAA,AMD,2027-01-18,2027-02-04,WY,ECONOMY,2,0,0,0,ROUND_TRIP,GBP,250,11,15,4099.1,5205.86
KWI,BKK,2027-02-27,,IB,ECONOMY,1,0,0,1,ONE_WAY,USD,729,0,12,460.45,460.45
SFO,DFW,2026-10-24,2026-11-04,PR,ECONOMY,4,0,0,0,ROUND_TRIP,AED,383,9,15,4030.28,1096.24
SIN,AMS,2027-04-05,2027-04-11,KL,ECONOMY,4,1,0,1,ROUND_TRIP,USD,200,4,7,9447.21,9447.21
DEL,SFO,2027-06-14,,BA,BUSINESS,1,0,0,1,ONE_WAY,AED,459,4,11,2348.56,638.81
BAH,MNL,2027-01-27,,BA,ECONOMY,2,0,1,1,ONE_WAY,USD,200,12,15,1987.14,1987.14
MIA,ORD,2027-08-11,,UK,BUSINESS,1,1,0,1,ONE_WAY,AUD,148,6,8,5721.93,3719.25
MAA,SIN,2027-06-16,2027-07-04,TG,ECONOMY,2,1,0,0,ROUND_TRIP,USD,523,18,2,4005.62,4005.62
ICN,HKG,2026-10-08,,MH,ECONOMY,2,1,0,2,ONE_WAY,SGD,468,7,14,2011.82,1488.75
HYD,DPS,2027-05-02,,SQ,PREMIUM_ECONOMY,4,0,0,0,ONE_WAY,INR,314,23,4,8204.11,98.45
SYD,DPS,2026-10-06,,QR,ECONOMY,2,0,0,0,ONE_WAY,INR,273,9,13,2226.44,26.72
AUH,ORD,2026-09-17,2026-09-29,GF,ECONOMY,1,0,0,1,ROUND_TRIP,EUR,494,1,9,1434.11,1548.84
PNQ,BOM,2027-05-27,2027-06-12,BA,PREMIUM_ECONOMY,4,0,0,0,ROUND_TRIP,USD,403,14,20,18012.01,18012.01
KWI,BKK,2027-08-09,2027-09-06,AF,ECONOMY,2,0,0,0,ROUND_TRIP,USD,651,2,12,2361.19,2361.19
AMD,SYD,2027-02-28,,EK,ECONOMY,2,0,1,0,ONE_WAY,USD,468,19,2,2863.04,2863.04
KUL,KWI,2026-11-15,,TG,PREMIUM_ECONOMY,1,0,0,0,ONE_WAY,GBP,584,11,20,1409.86,1790.52
AUH,NRT,2026-11-10,,AF,ECONOMY,1,0,0,1,ONE_WAY,USD,225,17,20,1170.66,1170.66
ZRH,KUL,2027-04-24,,WN,ECONOMY,1,1,1,1,ONE_WAY,USD,437,13,20,1121.44,1121.44
MNL,SFO,2027-05-16,,MH,BUSINESS,1,1,0,0,ONE_WAY,USD,412,9,15,5608.34,5608.34
MNL,MEL,2027-03-27,,AA,ECONOMY,3,0,0,0,ONE_WAY,INR,330,17,22,2198.91,26.39
SIN,AMD,2027-03-26,2027-04-25,GA,BUSINESS,4,0,0,1,ROUND_TRIP,USD,290,3,7,22975.81,22975.81
DPS,LAX,2027-05-13,,MH,PREMIUM_ECONOMY,2,1,0,1,ONE_WAY,GBP,307,8,13,4554.39,5784.08
ICN,DOH,2026-10-22,,BA,FIRST,4,0,1,1,ONE_WAY,EUR,651,13,23,9063.47,9788.55
DXB,AUH,2027-07-01,,QR,ECONOMY,3,0,0,1,ONE_WAY,USD,387,13,19,1224.76,1224.76
BKK,MAA,2027-04-20,2027-05-03,SQ,BUSINESS,2,0,0,1,ROUND_TRIP,EUR,415,18,0,5528.78,5971.08
CCU,CGK,2026-12-29,,SQ,PREMIUM_ECONOMY,2,0,0,0,ONE_WAY,USD,290,10,14,5604.82,5604.82
MAD,LAX,2027-04-06,2027-04-09,UA,ECONOMY,1,0,0,0,ROUND_TRIP,EUR,87,3,4,1851.05,1999.13
DEL,BKK,2027-02-14,2027-02-25,EY,FIRST,1,1,0,0,ROUND_TRIP,AED,237,2,5,6646.49,1807.85
DOH,BLR,2026-09-22,2026-09-29,AF,PREMIUM_ECONOMY,1,0,0,0,ROUND_TRIP,INR,628,18,4,3075.37,36.9
DEL,LAX,2027-01-21,,UK,FIRST,1,0,0,0,ONE_WAY,USD,539,11,19,2791.69,2791.69
FCO,DXB,2027-07-12,2027-07-20,AF,BUSINESS,4,0,0,0,ROUND_TRIP,USD,116,14,15,28681.12,28681.12
AUH,SIN,2027-03-21,2027-04-03,WN,PREMIUM_ECONOMY,1,1,0,0,ROUND_TRIP,USD,310,4,9,4377.86,4377.86
AMS,CCU,2027-01-15,2027-01-24,QR,ECONOMY,2,0,0,1,ROUND_TRIP,GBP,339,16,21,5301.8,6733.29
MAD,BLR,2027-01-23,,QR,ECONOMY,2,0,1,2,ONE_WAY,EUR,711,4,15,1489.45,1608.61
MEL,SFO,2026-12-02,,LH,ECONOMY,4,0,0,0,ONE_WAY,EUR,90,1,2,4453.13,4809.38
HKG,MAD,2026-09-25,2026-10-07,SQ,PREMIUM_ECONOMY,1,0,0,0,ROUND_TRIP,EUR,568,2,11,4447.38,4803.17
MCT,AUH,2026-12-14,2026-12-18,UA,ECONOMY,2,0,0,1,ROUND_TRIP,INR,528,7,15,3841.3,46.1
BLR,ZRH,2027-05-08,2027-05-27,TG,PREMIUM_ECONOMY,2,1,0,2,ROUND_TRIP,USD,590,23,8,11090.0,11090.0
DOH,DFW,2027-05-09,2027-05-14,IX,PREMIUM_ECONOMY,1,1,0,1,ROUND_TRIP,INR,619,8,18,2726.83,32.72
MNL,KUL,2026-10-12,,AA,ECONOMY,1,0,0,1,ONE_WAY,EUR,593,7,16,494.21,533.75
HKG,DEL,2026-09-01,,6E,BUSINESS,1,2,0,2,ONE_WAY,USD,518,17,1,4839.12,4839.12
SFO,LHR,2026-09-09,2026-09-17,BA,ECONOMY,3,0,0,1,ROUND_TRIP,USD,518,7,15,5614.39,5614.39
NRT,HYD,2026-11-24,,AF,ECONOMY,3,0,0,0,ONE_WAY,USD,145,9,11,1752.96,1752.96
CDG,CGK,2026-08-17,,LH,ECONOMY,1,2,0,0,ONE_WAY,INR,121,13,15,5076.61,60.92
LHR,SYD,2027-01-18,2027-01-24,LH,PREMIUM_ECONOMY,1,1,0,1,ROUND_TRIP,USD,194,6,9,5646.95,5646.95
BLR,DOH,2026-09-26,,MH,ECONOMY,3,0,0,1,ONE_WAY,USD,242,18,22,920.6,920.6
HKG,DXB,2027-01-22,,SQ,BUSINESS,1,2,0,0,ONE_WAY,EUR,530,12,20,14446.92,15602.67
BKK,AMS,2027-03-10,,QR,ECONOMY,2,0,0,1,ONE_WAY,INR,616,3,13,2961.22,35.53
LAX,MCT,2026-09-03,,IB,ECONOMY,1,0,0,1,ONE_WAY,USD,435,6,13,555.99,555.99
CDG,ORD,2027-05-22,2027-06-01,AF,ECONOMY,4,0,0,1,ROUND_TRIP,USD,368,3,9,3933.28,3933.28
AMD,AUH,2027-07-10,2027-07-15,UK,ECONOMY,1,1,0,1,ROUND_TRIP,AUD,224,18,21,2620.43,1703.28
BOM,CCU,2027-04-07,,EY,BUSINESS,3,1,0,0,ONE_WAY,USD,653,1,11,11157.63,11157.63
MEL,SIN,2026-10-29,,GA,ECONOMY,1,0,0,0,ONE_WAY,GBP,400,1,7,351.04,445.82
MAD,HKG,2026-12-19,,KL,BUSINESS,1,0,0,1,ONE_WAY,USD,238,20,23,4519.61,4519.61
ICN,BOM,2026-11-14,,AF,BUSINESS,1,2,0,0,ONE_WAY,EUR,456,0,7,8669.34,9362.89
AMS,BLR,2026-09-11,2026-10-08,LX,ECONOMY,4,0,0,0,ROUND_TRIP,AUD,567,7,16,4975.87,3234.32
DFW,LAX,2027-05-31,2027-06-21,EK,ECONOMY,2,2,0,1,ROUND_TRIP,INR,182,4,7,8385.45,100.63
MNL,SYD,2027-06-24,,GF,ECONOMY,2,0,0,0,ONE_WAY,USD,258,6,10,2831.14,2831.14
DXB,LAX,2026-10-09,2026-11-08,MH,ECONOMY,1,0,0,0,ROUND_TRIP,AED,579,16,1,1091.44,296.87
MIA,AMD,2026-11-11,,BA,ECONOMY,4,1,1,1,ONE_WAY,USD,298,22,2,5639.88,5639.88
LAX,LHR,2027-06-03,,TG,ECONOMY,2,0,0,2,ONE_WAY,USD,385,12,18,1854.23,1854.23
HYD,BAH,2026-09-22,2026-10-02,WN,ECONOMY,2,0,0,0,ROUND_TRIP,GBP,561,11,20,1075.76,1366.22
DOH,CCU,2026-10-08,2026-11-03,MH,PREMIUM_ECONOMY,1,0,0,0,ROUND_TRIP,USD,443,0,7,1159.34,1159.34
DOH,SIN,2026-12-07,,LX,BUSINESS,3,1,0,1,ONE_WAY,USD,322,5,10,6975.1,6975.1
MAA,HYD,2026-09-30,,GF,ECONOMY,1,1,0,0,ONE_WAY,USD,298,10,14,1870.47,1870.47
BOM,BKK,2027-05-17,2027-05-28,SQ,ECONOMY,1,0,0,1,ROUND_TRIP,USD,544,21,6,576.2,576.2
FCO,CDG,2027-07-18,2027-08-10,UK,ECONOMY,1,0,0,0,ROUND_TRIP,INR,503,19,3,520.54,6.25
DOH,FCO,2027-02-28,,SG,ECONOMY,1,1,0,1,ONE_WAY,INR,530,5,13,1380.43,16.57
DFW,ORD,2027-07-21,,EK,ECONOMY,1,0,0,1,ONE_WAY,EUR,385,3,9,1309.66,1414.43
SFO,LHR,2026-12-12,,UA,ECONOMY,4,0,1,1,ONE_WAY,EUR,486,15,23,4374.49,4724.45
CCU,SFO,2027-03-31,2027-04-08,MH,ECONOMY,2,2,0,2,ROUND_TRIP,EUR,453,5,12,2875.08,3105.09
SIN,CCU,2026-09-17,2026-09-22,TG,ECONOMY,3,0,1,2,ROUND_TRIP,GBP,346,12,17,4623.44,5871.77
MIA,MEL,2026-10-10,,BA,BUSINESS,1,1,0,1,ONE_WAY,AED,460,13,20,3985.99,1084.19
AMD,PNQ,2027-06-02,2027-06-24,DL,BUSINESS,3,1,0,1,ROUND_TRIP,AED,397,15,21,9117.55,2479.97
KWI,MAD,2027-04-14,2027-04-25,AF,ECONOMY,1,1,0,0,ROUND_TRIP,GBP,167,11,13,2639.45,3352.1
FCO,AMS,2027-01-25,2027-02-05,LX,BUSINESS,1,0,0,1,ROUND_TRIP,AUD,413,23,5,2028.26,1318.37
CCU,MCT,2026-11-03,2026-11-08,IB,ECONOMY,2,1,0,1,ROUND_TRIP,INR,592,9,18,2354.45,28.25
NRT,DPS,2026-11-23,2026-12-04,AI,ECONOMY,1,0,0,0,ROUND_TRIP,USD,289,11,15,861.32,861.32
KUL,NRT,2027-06-10,,AF,PREMIUM_ECONOMY,1,0,0,2,ONE_WAY,USD,328,17,22,941.0,941.0
FRA,CCU,2026-11-27,,GF,ECONOMY,2,0,0,0,ONE_WAY,AED,63,8,9,2214.54,602.35
SFO,NRT,2026-12-06,2026-12-17,AI,BUSINESS,1,0,0,1,ROUND_TRIP,GBP,405,19,1,4261.54,5412.16
AMS,BKK,2026-08-17,,AF,BUSINESS,1,0,0,1,ONE_WAY,USD,354,16,21,5598.87,5598.87
ORD,MEL,2027-01-02,,SQ,ECONOMY,1,0,0,0,ONE_WAY,GBP,440,8,15,848.34,1077.39
FCO,BAH,2026-10-24,,IX,ECONOMY,3,1,0,0,ONE_WAY,USD,124,23,1,632.93,632.93
MNL,MAD,2026-12-05,,WY,BUSINESS,2,2,0,0,ONE_WAY,INR,274,21,1,9867.03,118.4
LAX,NRT,2027-05-27,2027-06-23,GF,BUSINESS,1,0,0,0,ROUND_TRIP,AED,190,5,8,4768.25,1296.96
JFK,CCU,2026-10-13,2026-10-31,QR,ECONOMY,2,0,0,0,ROUND_TRIP,USD,211,1,4,1562.17,1562.17
MAA,MNL,2026-11-24,2026-12-07,EY,ECONOMY,1,0,0,0,ROUND_TRIP,USD,324,13,18,1625.41,1625.41
KUL,AUH,2027-04-02,,BA,BUSINESS,1,2,0,0,ONE_WAY,USD,285,8,12,9363.25,9363.25
DOH,HKG,2027-05-14,,PR,BUSINESS,1,0,0,0,ONE_WAY,EUR,275,6,10,806.31,870.81
ORD,DEL,2027-01-20,,BA,BUSINESS,1,1,0,2,ONE_WAY,USD,237,4,7,5065.28,5065.28
DOH,MAA,2027-02-05,,6E,ECONOMY,2,0,0,2,ONE_WAY,INR,378,15,21,511.31,6.14
BAH,DOH,2027-08-13,,AF,ECONOMY,1,0,0,0,ONE_WAY,AUD,498,20,4,1274.68,828.54
FRA,SYD,2027-02-24,2027-03-02,WN,ECONOMY,2,0,0,1,ROUND_TRIP,GBP,506,17,1,3729.78,4736.82
CGK,AUH,2026-10-23,2026-11-08,EY,PREMIUM_ECONOMY,2,0,0,1,ROUND_TRIP,USD,489,3,11,7096.88,7096.88
PNQ,AMD,2026-09-03,,LX,ECONOMY,2,0,0,0,ONE_WAY,USD,107,17,18,1368.63,1368.63
MCT,MNL,2027-05-02,,BA,ECONOMY,1,0,0,2,ONE_WAY,USD,778,2,14,436.96,436.96
LHR,CGK,2027-03-20,,GF,ECONOMY,3,1,0,1,ONE_WAY,INR,150,23,1,651.26,7.82
AMD,HYD,2026-09-30,2026-10-14,AI,BUSINESS,1,0,0,2,ROUND_TRIP,USD,774,10,22,4101.15,4101.15
KUL,AMS,2026-11-03,,AF,PREMIUM_ECONOMY,3,0,0,1,ONE_WAY,EUR,462,3,10,2038.02,2201.06
DPS,CGK,2026-10-19,,DL,PREMIUM_ECONOMY,1,0,0,1,ONE_WAY,USD,630,15,1,1732.21,1732.21
BKK,HYD,2027-07-22,,SG,ECONOMY,2,1,0,1,ONE_WAY,INR,177,10,12,1019.66,12.24
NRT,AMD,2027-06-23,,KL,PREMIUM_ECONOMY,2,0,0,1,ONE_WAY,USD,437,1,8,2833.02,2833.02
CGK,HKG,2027-03-08,,EK,ECONOMY,4,0,0,1,ONE_WAY,USD,587,7,16,1483.78,1483.78
KUL,BKK,2027-03-13,2027-03-17,DL,ECONOMY,1,0,0,0,ROUND_TRIP,EUR,152,17,19,1920.32,2073.95
FCO,NRT,2027-05-27,2027-06-23,UA,ECONOMY,1,0,0,1,ROUND_TRIP,SGD,719,19,6,2568.39,1900.61
CGK,ORD,2027-05-21,,MH,ECONOMY,1,0,0,1,ONE_WAY,GBP,367,16,22,481.22,611.15
DOH,HKG,2026-12-02,2026-12-19,IX,BUSINESS,1,0,0,2,ROUND_TRIP,EUR,485,6,14,1391.41,1502.72
JFK,AMD,2027-04-29,2027-05-06,PR,ECONOMY,2,1,0,1,ROUND_TRIP,INR,128,15,17,2952.82,35.43
SIN,MNL,2027-06-20,2027-07-03,AA,BUSINESS,1,1,0,1,ROUND_TRIP,GBP,263,16,20,6522.23,8283.23
DFW,SIN,2027-03-13,2027-04-04,WN,BUSINESS,4,2,0,0,ROUND_TRIP,USD,250,22,2,34140.66,34140.66
SYD,ZRH,2026-10-20,2026-11-14,MH,PREMIUM_ECONOMY,1,1,0,2,ROUND_TRIP,USD,543,20,5,5463.92,5463.92
HKG,SYD,2027-07-25,2027-08-20,MH,PREMIUM_ECONOMY,2,0,1,1,ROUND_TRIP,INR,185,17,20,5082.38,60.99
DEL,ICN,2026-12-20,,UK,ECONOMY,1,1,0,0,ONE_WAY,GBP,509,4,12,2255.34,2864.28
BLR,FCO,2027-07-11,,EY,BUSINESS,1,1,0,2,ONE_WAY,INR,443,17,0,5614.26,67.37
MAD,BLR,2027-06-27,2027-07-27,AF,ECONOMY,1,0,0,0,ROUND_TRIP,AUD,543,14,23,1638.0,1064.7
LHR,DFW,2026-09-21,2026-09-29,PR,ECONOMY,2,0,0,2,ROUND_TRIP,USD,784,5,18,3450.04,3450.04
SIN,AMS,2027-01-26,,UA,ECONOMY,1,0,1,0,ONE_WAY,INR,121,19,21,1352.27,16.23
FCO,HKG,2026-11-03,,DL,ECONOMY,2,2,0,1,ONE_WAY,INR,753,13,1,4468.95,53.63
LHR,MCT,2027-07-12,,TG,ECONOMY,2,0,1,1,ONE_WAY,USD,428,0,7,1340.38,1340.38
LAX,KUL,2026-10-11,2026-10-26,QR,BUSINESS,4,0,0,2,ROUND_TRIP,GBP,413,8,14,22086.79,28050.22
NRT,ORD,2026-11-07,,AA,BUSINESS,3,0,0,2,ONE_WAY,USD,754,17,5,8299.14,8299.14
DEL,CCU,2027-03-24,2027-04-16,EY,PREMIUM_ECONOMY,1,0,0,1,ROUND_TRIP,AED,241,2,6,813.47,221.26
JFK,HYD,2027-04-01,,SG,ECONOMY,1,1,1,1,ONE_WAY,USD,722,20,8,986.25,986.25
SIN,ZRH,2026-09-20,,AI,ECONOMY,2,0,0,0,ONE_WAY,USD,317,11,16,1761.55,1761.55
FCO,CCU,2027-03-02,,GF,BUSINESS,2,0,0,0,ONE_WAY,USD,548,17,2,8680.67,8680.67
AUH,ZRH,2026-10-25,2026-10-31,TG,BUSINESS,2,2,0,2,ROUND_TRIP,AED,448,1,8,19599.22,5330.99
SYD,CCU,2026-11-16,2026-11-26,GF,ECONOMY,1,2,0,0,ROUND_TRIP,INR,287,19,23,3038.91,36.47
FRA,BAH,2027-05-22,2027-05-27,UK,ECONOMY,3,2,1,1,ROUND_TRIP,AED,234,9,12,2064.37,561.51
DPS,MNL,2027-01-29,2027-02-20,BA,ECONOMY,1,0,0,1,ROUND_TRIP,USD,557,21,6,2167.88,2167.88
DPS,AUH,2027-07-08,2027-07-24,DL,ECONOMY,1,0,0,1,ROUND_TRIP,SGD,751,8,20,3221.29,2383.75
JFK,MNL,2026-10-24,2026-11-13,IB,ECONOMY,1,0,0,0,ROUND_TRIP,EUR,495,6,14,987.79,1066.81
MAA,CCU,2026-12-25,2027-01-14,AI,BUSINESS,2,1,0,0,ROUND_TRIP,INR,552,17,2,18775.07,225.3
MIA,LHR,2026-12-14,2027-01-13,PR,ECONOMY,2,0,0,0,ROUND_TRIP,USD,647,19,5,7274.17,7274.17
DOH,NRT,2027-02-13,,IX,ECONOMY,2,2,0,1,ONE_WAY,SGD,357,1,6,1160.57,858.82
FRA,DFW,2027-07-12,,QR,ECONOMY,1,0,0,0,ONE_WAY,AED,512,10,18,1507.12,409.94
NRT,AMS,2027-05-05,,GA,ECONOMY,2,0,0,1,ONE_WAY,USD,612,8,18,2312.73,2312.73
MIA,LAX,2027-07-09,,LH,ECONOMY,2,0,0,0,ONE_WAY,GBP,624,8,18,1250.91,1588.66
AUH,BAH,2027-04-16,2027-05-04,EK,ECONOMY,1,1,0,1,ROUND_TRIP,USD,732,6,18,5570.31,5570.31
BOM,FRA,2026-11-14,2026-12-03,6E,ECONOMY,2,1,0,0,ROUND_TRIP,USD,155,12,14,3944.87,3944.87
MEL,BOM,2026-12-04,2027-01-02,GA,PREMIUM_ECONOMY,1,0,0,1,ROUND_TRIP,SGD,430,13,20,3177.57,2351.4
KWI,NRT,2026-08-22,2026-08-31,WY,ECONOMY,2,0,0,0,ROUND_TRIP,AED,577,16,1,5773.09,1570.28
HKG,SFO,2026-09-30,,IX,PREMIUM_ECONOMY,2,1,0,1,ONE_WAY,AED,164,15,17,2957.7,804.49
DEL,BKK,2027-02-09,2027-03-02,AA,ECONOMY,1,2,0,1,ROUND_TRIP,GBP,355,23,4,2018.6,2563.62
MEL,AMD,2026-11-18,,KL,ECONOMY,3,0,0,1,ONE_WAY,USD,587,0,9,2786.8,2786.8
NRT,PNQ,2026-12-21,2027-01-01,AA,ECONOMY,1,0,0,1,ROUND_TRIP,GBP,422,17,0,1386.64,1761.03
MEL,ORD,2027-05-25,2027-06-12,WN,ECONOMY,1,1,0,0,ROUND_TRIP,INR,497,8,16,706.59,8.48
MIA,DXB,2027-05-22,,TG,ECONOMY,4,0,0,1,ONE_WAY,INR,692,19,6,4514.22,54.17
BLR,KWI,2026-12-05,,AF,FIRST,1,2,0,0,ONE_WAY,USD,268,11,15,17886.66,17886.66
MIA,ICN,2027-07-16,2027-08-13,GF,PREMIUM_ECONOMY,3,0,0,0,ROUND_TRIP,SGD,109,16,17,8661.92,6409.82
BAH,HYD,2026-09-27,2026-10-08,WN,ECONOMY,2,0,0,2,ROUND_TRIP,GBP,421,12,19,2738.25,3477.58
BAH,ICN,2027-01-02,,AI,PREMIUM_ECONOMY,1,1,1,0,ONE_WAY,USD,644,7,17,3687.3,3687.3
BAH,CGK,2027-05-03,,AF,ECONOMY,1,0,0,2,ONE_WAY,EUR,851,8,22,1444.42,1559.97
FRA,KUL,2026-08-28,2026-09-15,AF,ECONOMY,4,0,0,1,ROUND_TRIP,INR,494,3,11,14423.18,173.08
MAA,MIA,2027-08-07,,SQ,BUSINESS,3,0,0,1,ONE_WAY,INR,639,8,18,12453.18,149.44
JFK,MAA,2026-11-19,,UA,BUSINESS,3,0,1,1,ONE_WAY,USD,722,15,3,10899.61,10899.61
BAH,FRA,2026-10-14,,GA,ECONOMY,3,1,0,1,ONE_WAY,USD,340,2,7,3075.71,3075.71
DEL,SYD,2026-11-15,,6E,BUSINESS,3,1,0,0,ONE_WAY,USD,331,16,21,6719.22,6719.22
MIA,LHR,2027-07-31,,PR,ECONOMY,1,0,0,0,ONE_WAY,INR,647,5,15,2027.94,24.34
KUL,ZRH,2026-12-26,2027-01-05,MH,ECONOMY,1,0,0,0,ROUND_TRIP,USD,167,8,10,2320.43,2320.43
JFK,DFW,2026-10-20,,EK,ECONOMY,1,1,0,0,ONE_WAY,INR,373,18,0,2228.93,26.75
AMS,CDG,2027-04-26,,UA,ECONOMY,4,0,0,0,ONE_WAY,USD,518,4,12,4925.82,4925.82
NRT,SYD,2026-12-02,,GA,ECONOMY,3,0,0,0,ONE_WAY,USD,188,8,11,3165.39,3165.39
JFK,FRA,2027-06-20,2027-06-29,LH,ECONOMY,1,0,0,1,ROUND_TRIP,INR,545,18,3,2095.67,25.15
ICN,KWI,2027-04-08,,PR,ECONOMY,2,0,0,1,ONE_WAY,EUR,231,20,23,1994.72,2154.3
JFK,SIN,2027-08-12,,SQ,PREMIUM_ECONOMY,1,0,0,1,ONE_WAY,AED,601,8,18,1201.27,326.75
MIA,AMS,2026-10-17,2026-11-12,IB,BUSINESS,2,0,0,2,ROUND_TRIP,INR,343,7,12,7332.56,87.99
CCU,LHR,2026-09-25,,EK,ECONOMY,1,0,0,1,ONE_WAY,SGD,330,3,8,1189.76,880.42
AUH,CCU,2026-11-09,,SQ,BUSINESS,2,0,0,1,ONE_WAY,USD,624,0,10,4359.35,4359.35
ZRH,MNL,2027-06-15,,IB,FIRST,1,2,0,0,ONE_WAY,USD,600,14,0,13258.72,13258.72
MEL,SIN,2027-03-13,,AA,PREMIUM_ECONOMY,1,0,0,0,ONE_WAY,AED,400,8,14,703.24,191.28
DXB,ORD,2027-01-10,,GF,ECONOMY,4,0,0,1,ONE_WAY,AED,168,19,21,4128.98,1123.08
DEL,MEL,2026-12-04,2026-12-15,LH,ECONOMY,1,1,0,1,ROUND_TRIP,EUR,685,2,13,5225.64,5643.69
AMS,FCO,2027-06-26,2027-07-13,SQ,PREMIUM_ECONOMY,3,0,0,1,ROUND_TRIP,EUR,302,8,13,14136.42,15267.33
MNL,BAH,2026-08-18,,BA,ECONOMY,1,0,0,1,ONE_WAY,EUR,317,7,12,2408.28,2600.94
JFK,SIN,2026-10-27,,GF,BUSINESS,2,0,0,1,ONE_WAY,USD,580,1,10,3359.48,3359.48
MIA,MAA,2026-12-19,,UA,ECONOMY,3,1,0,1,ONE_WAY,INR,525,12,20,6309.01,75.71
HYD,MCT,2026-11-03,,IB,PREMIUM_ECONOMY,1,0,1,2,ONE_WAY,GBP,769,20,8,987.21,1253.76
HYD,MEL,2026-12-12,,AA,ECONOMY,1,0,0,2,ONE_WAY,USD,283,20,0,602.2,602.2
AMS,PNQ,2026-09-28,,AF,BUSINESS,2,0,0,0,ONE_WAY,USD,455,7,14,3647.16,3647.16
MNL,CCU,2026-10-07,2026-10-14,TG,PREMIUM_ECONOMY,2,0,0,1,ROUND_TRIP,AUD,146,15,17,3181.23,2067.8
LAX,KUL,2027-01-11,2027-01-31,GA,ECONOMY,1,1,0,1,ROUND_TRIP,USD,316,22,3,2885.05,2885.05
BAH,DPS,2027-05-12,,EK,ECONOMY,3,0,0,0,ONE_WAY,EUR,537,4,12,4474.93,4832.92
ORD,CGK,2027-01-25,,AI,BUSINESS,3,0,0,1,ONE_WAY,INR,189,23,2,7026.87,84.32
ICN,DFW,2027-05-08,,EY,ECONOMY,2,0,0,0,ONE_WAY,EUR,148,21,23,2366.22,2555.52
KWI,HYD,2027-06-12,,EY,ECONOMY,2,0,0,1,ONE_WAY,USD,258,8,12,2245.98,2245.98
ORD,LHR,2027-07-07,,WN,PREMIUM_ECONOMY,2,2,0,1,ONE_WAY,AED,369,1,7,4892.54,1330.77
SFO,ORD,2027-05-06,2027-05-12,MH,ECONOMY,2,1,0,0,ROUND_TRIP,EUR,302,3,8,1387.78,1498.8
LHR,SYD,2026-10-07,,AF,ECONOMY,2,0,0,1,ONE_WAY,USD,197,20,23,1661.5,1661.5
SIN,AMD,2027-01-22,,EK,BUSINESS,2,0,0,2,ONE_WAY,EUR,341,17,22,8305.8,8970.26
ORD,SIN,2026-12-22,2027-01-05,PR,PREMIUM_ECONOMY,1,0,0,1,ROUND_TRIP,USD,245,14,18,4502.41,4502.41
HYD,FCO,2027-08-02,,WN,ECONOMY,1,2,0,0,ONE_WAY,AED,335,8,13,1330.42,361.87
SYD,HKG,2026-12-19,2026-12-29,UA,ECONOMY,1,0,0,2,ROUND_TRIP,USD,865,8,22,1179.8,1179.8
MEL,MCT,2026-10-01,,GA,ECONOMY,1,1,0,1,ONE_WAY,EUR,272,19,23,924.29,998.23
FCO,HYD,2026-10-14,,GA,BUSINESS,4,0,0,1,ONE_WAY,INR,715,7,18,7624.0,91.49
DEL,MIA,2027-03-03,,6E,ECONOMY,1,0,0,0,ONE_WAY,EUR,346,14,19,370.03,399.63
MEL,HKG,2027-03-06,,SG,ECONOMY,1,0,0,0,ONE_WAY,USD,113,8,9,177.38,177.38
DXB,AUH,2026-09-19,,LX,ECONOMY,1,0,0,0,ONE_WAY,GBP,303,8,13,279.34,354.76
SIN,ZRH,2026-08-26,,TG,BUSINESS,1,0,0,1,ONE_WAY,GBP,387,9,15,5379.02,6831.36
BKK,AUH,2026-09-10,2026-09-20,IB,ECONOMY,1,1,0,0,ROUND_TRIP,USD,79,19,20,1460.9,1460.9
AUH,FCO,2027-05-20,2027-06-08,AI,ECONOMY,1,0,0,0,ROUND_TRIP,USD,653,8,18,1331.33,1331.33
AUH,BOM,2026-09-10,2026-09-27,AF,ECONOMY,1,0,0,1,ROUND_TRIP,USD,727,20,8,981.07,981.07
DEL,CCU,2027-02-27,2027-03-09,AF,PREMIUM_ECONOMY,1,0,0,2,ROUND_TRIP,AED,318,12,17,873.32,237.54
ZRH,HKG,2027-05-12,,WN,ECONOMY,1,2,0,0,ONE_WAY,EUR,173,9,11,1618.09,1747.54
MNL,MIA,2026-09-14,,GA,ECONOMY,2,0,1,1,ONE_WAY,USD,708,20,7,1594.45,1594.45
BOM,MEL,2027-06-30,,WY,ECONOMY,1,1,0,1,ONE_WAY,USD,636,21,7,1860.83,1860.83
SFO,CDG,2027-05-18,2027-06-11,DL,ECONOMY,1,0,0,0,ROUND_TRIP,AED,248,6,10,3078.63,837.39
NRT,DXB,2026-10-13,2026-10-21,KL,FIRST,4,2,0,1,ROUND_TRIP,USD,519,10,18,36735.88,36735.88
AUH,BOM,2027-01-01,2027-01-08,PR,ECONOMY,1,1,0,1,ROUND_TRIP,SGD,673,6,17,1398.58,1034.95
AMS,DPS,2027-06-19,,WN,ECONOMY,1,0,0,1,ONE_WAY,GBP,244,15,19,256.87,326.22
ORD,KWI,2027-03-13,,AF,ECONOMY,1,1,0,0,ONE_WAY,USD,134,7,9,942.24,942.24
MCT,MAA,2027-03-09,2027-04-05,EK,BUSINESS,1,0,0,0,ROUND_TRIP,AED,236,1,4,6230.99,1694.83
DFW,ZRH,2027-04-02,2027-04-19,AF,PREMIUM_ECONOMY,2,1,0,1,ROUND_TRIP,EUR,431,1,8,5386.84,5817.79
MIA,HYD,2027-01-07,2027-01-24,UA,ECONOMY,1,0,0,1,ROUND_TRIP,SGD,341,5,10,1735.58,1284.33
MAD,BLR,2027-08-05,,MH,ECONOMY,1,1,0,1,ONE_WAY,INR,611,17,3,1150.8,13.81
BOM,BAH,2026-11-05,2026-11-30,IB,ECONOMY,1,0,0,2,ROUND_TRIP,USD,730,23,11,706.9,706.9
CCU,DXB,2027-02-23,,MH,ECONOMY,1,1,0,2,ONE_WAY,EUR,258,17,21,1610.98,1739.86
JFK,DPS,2027-03-30,,TG,BUSINESS,2,0,0,1,ONE_WAY,USD,163,9,11,1283.31,1283.31
KWI,PNQ,2027-06-21,,IX,FIRST,1,0,0,1,ONE_WAY,INR,714,15,2,3778.93,45.35
KUL,SFO,2026-09-08,2026-09-16,IB,ECONOMY,2,0,0,1,ROUND_TRIP,USD,198,4,7,1198.59,1198.59
LAX,HYD,2026-11-13,2026-11-21,IX,BUSINESS,1,2,0,1,ROUND_TRIP,INR,169,21,23,6616.29,79.4
MEL,SYD,2026-09-17,2026-10-14,EK,FIRST,1,1,0,2,ROUND_TRIP,USD,767,13,1,16905.93,16905.93
SYD,MAA,2026-09-12,,GF,ECONOMY,1,0,0,0,ONE_WAY,AED,454,3,10,497.96,135.45
CCU,MNL,2027-06-29,2027-07-13,GA,PREMIUM_ECONOMY,1,0,0,1,ROUND_TRIP,AUD,408,4,10,2144.11,1393.67
MEL,MNL,2026-10-13,,AA,PREMIUM_ECONOMY,3,0,0,0,ONE_WAY,INR,91,0,1,5133.04,61.6
MCT,SIN,2026-09-17,,KL,ECONOMY,1,0,0,0,ONE_WAY,INR,113,9,10,246.71,2.96
HKG,MEL,2026-11-21,,BA,BUSINESS,1,0,1,1,ONE_WAY,USD,526,10,18,2492.25,2492.25
CGK,HYD,2026-09-11,,SQ,ECONOMY,3,1,0,1,ONE_WAY,EUR,178,16,18,1292.27,1395.65
MEL,ZRH,2027-01-04,,UA,ECONOMY,2,1,0,2,ONE_WAY,GBP,424,0,7,1376.3,1747.9
DOH,DPS,2027-03-13,2027-03-18,WN,ECONOMY,2,1,0,0,ROUND_TRIP,AED,586,15,0,4576.03,1244.68
CDG,DFW,2026-09-30,,IB,BUSINESS,1,0,0,0,ONE_WAY,EUR,257,14,18,2303.71,2488.01
HKG,AUH,2027-05-05,,EY,ECONOMY,1,0,0,0,ONE_WAY,AED,182,21,0,838.94,228.19
MCT,HYD,2027-01-31,2027-02-17,IB,ECONOMY,1,0,0,2,ROUND_TRIP,USD,629,1,11,1149.8,1149.8
FCO,BOM,2027-07-23,2027-07-29,DL,BUSINESS,1,0,0,1,ROUND_TRIP,USD,220,8,11,8474.04,8474.04
DOH,MAD,2027-08-09,2027-09-06,UK,ECONOMY,1,0,0,0,ROUND_TRIP,EUR,240,9,13,2349.51,2537.47
JFK,SYD,2027-08-09,,IB,ECONOMY,1,0,0,0,ONE_WAY,AED,420,19,2,1736.1,472.22
DPS,BKK,2027-04-09,,WN,ECONOMY,2,1,0,2,ONE_WAY,USD,529,18,2,1395.22,1395.22
KUL,AMD,2026-12-24,2027-01-07,IB,ECONOMY,1,2,0,2,ROUND_TRIP,INR,517,12,20,4905.44,58.87
JFK,ZRH,2027-06-04,,IB,ECONOMY,1,1,0,0,ONE_WAY,USD,504,4,12,2273.68,2273.68
AMD,JFK,2027-04-17,2027-05-02,UA,PREMIUM_ECONOMY,1,0,0,1,ROUND_TRIP,EUR,652,2,12,1387.19,1498.17
MCT,BKK,2027-04-20,,KL,ECONOMY,1,0,0,1,ONE_WAY,GBP,341,3,8,1200.5,1524.63
AMD,KUL,2027-07-10,,EK,ECONOMY,2,0,0,0,ONE_WAY,EUR,453,21,4,4198.73,4534.63
CCU,LHR,2027-03-01,2027-03-23,IX,BUSINESS,1,0,0,1,ROUND_TRIP,GBP,342,18,23,4129.65,5244.66
ZRH,FCO,2027-06-08,2027-06-11,DL,BUSINESS,4,1,1,2,ROUND_TRIP,AED,293,19,23,17258.83,4694.4
MIA,DXB,2027-01-05,2027-02-04,GF,ECONOMY,1,0,1,0,ROUND_TRIP,SGD,588,0,9,2206.24,1632.62
ZRH,MIA,2027-03-15,,AF,ECONOMY,1,0,0,2,ONE_WAY,GBP,549,4,13,651.11,826.91
DXB,AUH,2027-07-08,,AI,ECONOMY,1,0,1,0,ONE_WAY,INR,303,13,18,305.91,3.67
SIN,KWI,2026-12-13,2027-01-07,IB,ECONOMY,1,0,0,1,ROUND_TRIP,EUR,562,16,1,3017.02,3258.38
SFO,SYD,2026-10-25,2026-11-20,DL,ECONOMY,2,0,0,1,ROUND_TRIP,EUR,413,23,5,5293.62,5717.11
AMS,CGK,2027-07-04,2027-07-24,AA,ECONOMY,1,1,1,0,ROUND_TRIP,USD,570,18,3,1683.88,1683.88
BLR,LAX,2027-01-11,,UA,BUSINESS,1,1,0,2,ONE_WAY,EUR,473,9,16,5224.95,5642.95
FCO,DPS,2027-01-07,,WY,ECONOMY,1,2,0,1,ONE_WAY,USD,245,15,19,2469.9,2469.9
DXB,NRT,2026-11-11,,SG,BUSINESS,1,1,0,0,ONE_WAY,USD,137,18,20,2203.38,2203.38
KWI,AMS,2026-10-31,,MH,ECONOMY,1,2,1,1,ONE_WAY,EUR,757,15,3,1871.65,2021.38
SFO,DFW,2026-10-12,2026-10-16,QR,PREMIUM_ECONOMY,2,1,0,0,ROUND_TRIP,USD,383,5,11,5786.72,5786.72
ICN,LHR,2027-02-25,,AF,PREMIUM_ECONOMY,2,0,0,1,ONE_WAY,USD,651,21,7,3947.12,3947.12
NRT,HYD,2026-12-28,2027-01-25,UK,BUSINESS,1,2,0,0,ROUND_TRIP,SGD,145,3,5,7884.45,5834.49
CDG,BAH,2026-10-03,2026-10-22,AA,ECONOMY,2,0,0,0,ROUND_TRIP,USD,163,3,5,2601.91,2601.91
BKK,LAX,2026-12-03,,QR,PREMIUM_ECONOMY,2,0,0,2,ONE_WAY,USD,379,19,1,7140.76,7140.76
CCU,AUH,2027-04-10,2027-05-04,AF,PREMIUM_ECONOMY,4,1,0,0,ROUND_TRIP,EUR,565,2,11,12305.05,13289.45
KUL,AMS,2027-02-25,2027-03-12,PR,ECONOMY,1,0,0,1,ROUND_TRIP,INR,439,10,17,585.82,7.03
KWI,KUL,2026-12-03,2026-12-25,SG,ECONOMY,1,0,0,1,ROUND_TRIP,GBP,606,20,6,693.98,881.35
BKK,FRA,2026-08-14,,UK,ECONOMY,2,0,0,1,ONE_WAY,INR,329,1,6,2877.91,34.53
JFK,SFO,2026-09-18,2026-10-08,DL,ECONOMY,1,0,0,1,ROUND_TRIP,INR,442,7,14,719.65,8.64
DFW,MNL,2026-09-29,2026-10-13,UK,ECONOMY,2,0,0,2,ROUND_TRIP,USD,671,17,4,1897.56,1897.56
KUL,MAD,2027-08-01,2027-08-15,SQ,ECONOMY,2,0,0,0,ROUND_TRIP,SGD,406,15,21,7590.5,5616.97
BKK,BAH,2027-04-26,,IX,ECONOMY,1,0,0,1,ONE_WAY,AUD,767,17,5,1311.77,852.65
BOM,BLR,2027-07-27,2027-08-26,BA,ECONOMY,1,1,0,1,ROUND_TRIP,USD,612,17,3,2092.25,2092.25
DPS,LHR,2026-10-19,,SG,ECONOMY,1,2,0,1,ONE_WAY,GBP,479,0,7,931.57,1183.09
AMD,CGK,2026-11-25,2026-12-11,WN,ECONOMY,1,0,0,0,ROUND_TRIP,INR,87,10,11,1313.3,15.76
MIA,ZRH,2027-02-01,2027-02-06,UK,FIRST,3,1,0,1,ROUND_TRIP,USD,151,3,5,30587.75,30587.75
ORD,MEL,2026-08-22,2026-09-09,EK,ECONOMY,1,1,0,1,ROUND_TRIP,USD,500,2,10,4660.68,4660.68
DEL,BAH,2026-10-26,2026-11-18,SG,PREMIUM_ECONOMY,2,1,0,0,ROUND_TRIP,USD,218,8,11,2122.92,2122.92
KWI,HYD,2026-12-12,,WN,ECONOMY,2,1,0,0,ONE_WAY,SGD,195,6,9,2988.05,2211.16
NRT,AMD,2026-11-21,2026-11-27,WN,ECONOMY,1,1,0,0,ROUND_TRIP,EUR,377,4,10,2302.0,2486.16
MNL,KWI,2027-04-03,,EK,PREMIUM_ECONOMY,1,0,0,1,ONE_WAY,GBP,250,1,5,2129.9,2704.97
BLR,SYD,2027-03-16,,EK,ECONOMY,1,0,0,1,ONE_WAY,EUR,208,6,9,1021.69,1103.43
PNQ,JFK,2027-03-25,2027-04-01,QR,ECONOMY,1,0,0,1,ROUND_TRIP,AED,211,6,9,2245.45,610.76
KUL,KWI,2027-06-01,,AF,ECONOMY,1,0,0,0,ONE_WAY,USD,584,1,10,1304.27,1304.27
KUL,SFO,2027-06-05,,EK,BUSINESS,1,1,1,2,ONE_WAY,USD,363,17,23,2664.32,2664.32
LHR,CCU,2026-12-18,,KL,BUSINESS,2,1,0,1,ONE_WAY,AUD,398,7,13,10585.38,6880.5
DPS,AUH,2027-03-03,,DL,BUSINESS,4,1,0,1,ONE_WAY,USD,749,15,3,24956.55,24956.55
AMD,KUL,2027-07-11,2027-07-16,LX,ECONOMY,2,2,0,0,ROUND_TRIP,USD,453,0,7,10643.23,10643.23
KUL,DPS,2027-06-30,2027-07-17,GA,ECONOMY,1,1,0,2,ROUND_TRIP,EUR,781,22,11,3671.97,3965.73
DEL,CCU,2026-11-28,,AF,BUSINESS,1,0,1,1,ONE_WAY,USD,199,21,0,1041.34,1041.34
BLR,NRT,2027-08-09,,TG,ECONOMY,1,0,0,1,ONE_WAY,USD,520,2,10,482.5,482.5
MCT,DXB,2026-12-07,,BA,ECONOMY,4,0,1,0,ONE_WAY,EUR,243,10,14,7586.12,8193.01
SIN,AMS,2027-05-13,,6E,ECONOMY,2,0,0,1,ONE_WAY,EUR,209,9,12,1601.87,1730.02
ORD,MAA,2027-01-02,,EY,BUSINESS,3,0,1,0,ONE_WAY,USD,98,3,4,2623.84,2623.84
MCT,ICN,2026-08-24,,SQ,ECONOMY,4,0,0,1,ONE_WAY,GBP,268,9,13,4521.46,5742.25
MAA,BOM,2027-07-20,,QR,BUSINESS,2,0,0,1,ONE_WAY,USD,577,22,7,7644.67,7644.67
FCO,DPS,2026-10-28,,IX,BUSINESS,1,0,0,1,ONE_WAY,INR,258,11,15,2105.26,25.26
KUL,DOH,2026-10-31,2026-11-08,WN,BUSINESS,4,1,0,1,ROUND_TRIP,USD,338,7,12,19440.06,19440.06
DXB,KUL,2026-11-05,,WY,ECONOMY,2,2,0,1,ONE_WAY,INR,342,17,22,3656.96,43.88
PNQ,BOM,2027-04-30,2027-05-13,AF,BUSINESS,4,0,1,1,ROUND_TRIP,SGD,508,20,4,29810.95,22060.1
MEL,AUH,2026-10-12,2026-10-24,DL,PREMIUM_ECONOMY,1,0,0,1,ROUND_TRIP,USD,451,0,7,3590.9,3590.9
LHR,KUL,2026-08-25,,LH,ECONOMY,2,0,1,0,ONE_WAY,GBP,173,2,4,3123.87,3967.31
CCU,NRT,2027-03-20,,AF,ECONOMY,4,2,0,0,ONE_WAY,GBP,655,11,21,7162.48,9096.35
ORD,DEL,2027-03-14,,GF,ECONOMY,2,0,0,1,ONE_WAY,EUR,183,14,17,1719.51,1857.07
SIN,SFO,2027-06-12,2027-07-09,IX,BUSINESS,1,2,0,0,ROUND_TRIP,USD,305,12,17,14526.76,14526.76
DEL,SIN,2027-02-25,,SQ,BUSINESS,2,1,0,0,ONE_WAY,EUR,154,9,11,4624.78,4994.76
FCO,ZRH,2027-04-12,,LX,ECONOMY,1,0,1,1,ONE_WAY,USD,665,3,14,1501.83,1501.83
MAD,SIN,2027-02-15,2027-03-08,EK,ECONOMY,1,0,1,0,ROUND_TRIP,USD,576,15,0,2649.31,2649.31
CGK,PNQ,2026-10-22,2026-11-05,LH,ECONOMY,1,0,0,2,ROUND_TRIP,INR,556,5,14,778.92,9.35
AMS,DFW,2027-07-01,2027-07-09,KL,PREMIUM_ECONOMY,1,0,0,0,ROUND_TRIP,USD,616,3,13,2557.14,2557.14
ZRH,FCO,2027-02-20,2027-03-19,WY,PREMIUM_ECONOMY,2,1,0,1,ROUND_TRIP,USD,195,15,18,3081.87,3081.87
JFK,DOH,2027-05-13,,UK,ECONOMY,2,0,0,2,ONE_WAY,INR,641,22,8,1054.43,12.65
SFO,CGK,2027-06-15,,SG,ECONOMY,1,0,0,1,ONE_WAY,USD,436,16,23,691.96,691.96
JFK,KWI,2026-11-29,2026-12-06,MH,ECONOMY,1,0,0,0,ROUND_TRIP,USD,431,2,9,1563.22,1563.22
MAA,BOM,2026-12-21,,PR,ECONOMY,1,0,0,1,ONE_WAY,USD,548,1,10,826.72,826.72
FCO,DEL,2026-10-27,,PR,ECONOMY,2,0,0,0,ONE_WAY,GBP,215,23,2,1477.96,1877.01
LAX,DOH,2026-11-20,2026-12-02,AA,BUSINESS,1,1,0,1,ROUND_TRIP,EUR,252,5,9,8616.97,9306.33
ICN,DEL,2026-10-07,,GA,ECONOMY,2,0,0,1,ONE_WAY,EUR,671,5,16,1469.83,1587.42
MCT,NRT,2027-01-08,2027-01-28,QR,ECONOMY,1,0,0,0,ROUND_TRIP,USD,316,23,4,1939.9,1939.9
CCU,JFK,2027-01-09,,LX,ECONOMY,1,2,0,1,ONE_WAY,GBP,542,13,22,1971.41,2503.69
CGK,ORD,2027-03-04,2027-03-19,EK,ECONOMY,1,0,0,0,ROUND_TRIP,GBP,284,22,2,959.19,1218.17
AMD,KWI,2027-04-26,,SG,ECONOMY,3,0,0,1,ONE_WAY,USD,576,8,17,541.24,541.24
AMS,SFO,2026-12-20,2027-01-07,LH,ECONOMY,1,0,0,0,ROUND_TRIP,EUR,651,15,1,3259.22,3519.96
DXB,BOM,2027-01-16,2027-02-07,UK,PREMIUM_ECONOMY,1,0,0,0,ROUND_TRIP,EUR,272,19,23,2269.51,2451.07
NRT,MNL,2026-08-30,2026-09-15,IB,ECONOMY,1,0,0,1,ROUND_TRIP,EUR,445,3,10,1214.4,1311.55
BKK,ZRH,2027-03-22,,AF,ECONOMY,2,1,0,0,ONE_WAY,USD,303,4,9,2858.74,2858.74
PNQ,DPS,2026-12-26,2027-01-13,TG,ECONOMY,1,0,0,0,ROUND_TRIP,EUR,615,18,4,3303.77,3568.07
LAX,MAD,2027-06-30,2027-07-13,BA,ECONOMY,1,1,0,1,ROUND_TRIP,USD,381,12,18,2380.47,2380.47
SFO,LAX,2027-02-02,,6E,PREMIUM_ECONOMY,2,2,0,0,ONE_WAY,GBP,63,5,6,1796.06,2281.0
ICN,ZRH,2027-01-23,2027-02-07,6E,ECONOMY,3,0,0,1,ROUND_TRIP,EUR,386,18,0,1987.12,2146.09
MNL,AMD,2027-03-25,,MH,PREMIUM_ECONOMY,2,0,0,0,ONE_WAY,EUR,459,6,13,2384.08,2574.81
MAA,SYD,2027-06-06,,EY,ECONOMY,1,0,0,0,ONE_WAY,AUD,277,3,7,514.14,334.19
NRT,CGK,2026-11-24,2026-12-10,KL,ECONOMY,1,1,0,1,ROUND_TRIP,GBP,160,12,14,2582.36,3279.6
HKG,KUL,2027-04-10,,TG,BUSINESS,2,1,0,0,ONE_WAY,USD,530,8,16,11125.97,11125.97
SIN,DPS,2027-03-24,,GA,PREMIUM_ECONOMY,1,0,0,0,ONE_WAY,USD,190,13,16,1113.99,1113.99
MAA,LHR,2026-08-28,,KL,ECONOMY,2,0,0,0,ONE_WAY,USD,576,7,16,3952.93,3952.93
SYD,SIN,2026-11-12,,KL,PREMIUM_ECONOMY,1,0,0,1,ONE_WAY,USD,470,20,3,1141.58,1141.58
HYD,HKG,2027-07-23,2027-08-16,AI,ECONOMY,1,0,1,2,ROUND_TRIP,USD,684,2,13,2524.0,2524.0
DXB,FRA,2027-04-25,,UK,ECONOMY,2,0,0,1,ONE_WAY,USD,666,2,13,2119.6,2119.6
PNQ,JFK,2026-12-01,2026-12-12,BA,BUSINESS,2,2,0,0,ROUND_TRIP,INR,92,14,15,35878.45,430.54
MNL,SYD,2026-10-27,,LH,PREMIUM_ECONOMY,1,0,0,1,ONE_WAY,EUR,348,11,16,2445.53,2641.17
ORD,FCO,2027-07-23,2027-08-02,AI,PREMIUM_ECONOMY,2,1,0,2,ROUND_TRIP,USD,473,8,15,3878.64,3878.64
ORD,PNQ,2026-09-29,2026-10-28,UA,BUSINESS,3,0,1,0,ROUND_TRIP,USD,175,7,9,21168.9,21168.9
MCT,DOH,2027-04-22,2027-05-10,IB,PREMIUM_ECONOMY,1,0,0,1,ROUND_TRIP,INR,303,23,4,1228.82,14.75
SIN,AMD,2026-08-28,,EK,PREMIUM_ECONOMY,2,1,0,1,ONE_WAY,USD,282,1,5,7286.41,7286.41
KWI,KUL,2027-07-12,,SQ,ECONOMY,1,0,0,1,ONE_WAY,GBP,654,4,14,457.83,581.44
ZRH,KUL,2027-02-18,,LX,BUSINESS,2,0,0,0,ONE_WAY,USD,334,5,10,4458.19,4458.19
DFW,DPS,2026-12-26,,QR,ECONOMY,2,0,0,1,ONE_WAY,EUR,595,22,7,1765.83,1907.1
SIN,FRA,2027-04-03,,IX,ECONOMY,1,1,0,2,ONE_WAY,SGD,344,21,2,740.79,548.18
PNQ,CDG,2026-11-27,2026-12-19,MH,ECONOMY,1,1,0,1,ROUND_TRIP,INR,508,6,14,3239.02,38.87
SFO,KWI,2027-07-11,,KL,BUSINESS,1,0,0,1,ONE_WAY,AUD,424,14,21,4252.06,2763.84
DEL,MNL,2026-09-20,2026-09-26,IX,BUSINESS,1,0,0,1,ROUND_TRIP,USD,193,17,20,3685.37,3685.37
CGK,LAX,2027-01-15,2027-01-30,WN,BUSINESS,2,0,0,1,ROUND_TRIP,EUR,144,21,23,8175.69,8829.75
DXB,MEL,2027-05-12,,6E,ECONOMY,4,1,0,0,ONE_WAY,EUR,357,13,18,3936.35,4251.26
DXB,HKG,2027-01-21,2027-02-06,WY,PREMIUM_ECONOMY,3,0,0,0,ROUND_TRIP,USD,547,5,14,8566.34,8566.34
MNL,AUH,2026-12-25,2027-01-02,UA,BUSINESS,1,0,0,0,ROUND_TRIP,INR,410,22,4,9184.03,110.21
MNL,HYD,2026-09-30,2026-10-09,IB,ECONOMY,1,1,0,0,ROUND_TRIP,EUR,534,9,17,3752.08,4052.25
DOH,NRT,2026-09-22,2026-10-02,WY,ECONOMY,4,0,0,0,ROUND_TRIP,USD,283,15,19,3595.57,3595.57
MAD,PNQ,2027-04-16,2027-05-03,AF,ECONOMY,1,0,0,1,ROUND_TRIP,USD,397,20,2,2585.75,2585.75
DEL,LAX,2026-11-30,2026-12-30,6E,PREMIUM_ECONOMY,2,1,1,1,ROUND_TRIP,USD,650,1,11,3460.78,3460.78
BLR,CCU,2026-11-28,,UA,FIRST,1,2,0,0,ONE_WAY,USD,466,5,12,3635.18,3635.18
MIA,MAD,2027-07-30,2027-08-21,SQ,BUSINESS,1,0,0,0,ROUND_TRIP,USD,637,4,14,10440.12,10440.12
HKG,BAH,2026-11-17,,LX,ECONOMY,2,0,0,0,ONE_WAY,USD,649,13,23,1289.08,1289.08
SIN,CCU,2027-07-11,2027-07-30,6E,ECONOMY,2,1,1,1,ROUND_TRIP,GBP,234,2,5,4053.85,5148.39
CGK,FCO,2026-09-06,2026-09-25,IX,FIRST,1,0,0,1,ROUND_TRIP,USD,384,3,9,2296.93,2296.93
SIN,SFO,2027-07-18,2027-08-04,UK,ECONOMY,1,0,0,0,ROUND_TRIP,INR,305,5,10,1712.26,20.55
CCU,SIN,2026-11-17,2026-11-26,MH,ECONOMY,2,0,0,2,ROUND_TRIP,EUR,549,5,14,3064.09,3309.22
FRA,AMD,2027-06-18,,KL,ECONOMY,1,0,0,2,ONE_WAY,USD,806,23,12,696.26,696.26
ORD,SFO,2027-04-17,,GF,ECONOMY,3,0,0,0,ONE_WAY,USD,150,20,22,2533.53,2533.53
CDG,BKK,2026-10-31,,SQ,BUSINESS,2,0,0,0,ONE_WAY,USD,247,23,3,2948.22,2948.22
BOM,KUL,2027-03-23,,DL,ECONOMY,1,0,0,1,ONE_WAY,INR,620,13,23,1358.31,16.3
MNL,MEL,2026-12-10,,GF,ECONOMY,2,2,1,2,ONE_WAY,EUR,456,22,5,2967.77,3205.19
ZRH,MEL,2027-03-25,2027-03-28,SG,ECONOMY,1,0,0,1,ROUND_TRIP,AED,446,5,12,1618.92,440.35
BAH,MNL,2027-04-10,,LH,ECONOMY,2,2,0,1,ONE_WAY,EUR,239,4,7,2655.13,2867.54
SFO,ORD,2026-11-24,2026-12-02,LX,BUSINESS,1,1,0,0,ROUND_TRIP,GBP,302,19,0,3170.46,4026.48
AMD,SIN,2027-04-28,,LX,ECONOMY,1,1,0,0,ONE_WAY,USD,613,1,11,870.21,870.21
LHR,PNQ,2026-10-30,,UA,ECONOMY,1,0,0,0,ONE_WAY,USD,357,22,3,357.97,357.97
HKG,AMD,2027-06-22,2027-07-20,MH,ECONOMY,4,1,1,1,ROUND_TRIP,INR,519,3,11,5705.57,68.47
DOH,PNQ,2027-07-11,,EY,BUSINESS,1,0,0,0,ONE_WAY,USD,574,11,20,1477.79,1477.79
DXB,PNQ,2026-09-26,,EY,ECONOMY,1,1,0,1,ONE_WAY,INR,701,8,19,726.19,8.71
CDG,AUH,2027-05-05,,PR,BUSINESS,3,0,0,1,ONE_WAY,USD,147,21,23,3812.18,3812.18
BOM,KUL,2027-03-24,2027-03-28,IX,BUSINESS,1,0,0,1,ROUND_TRIP,EUR,614,12,22,6863.08,7412.13
AUH,DPS,2027-08-07,2027-08-27,6E,FIRST,3,2,0,2,ROUND_TRIP,INR,764,9,21,57391.15,688.69
ZRH,ORD,2027-06-29,2027-07-27,AI,BUSINESS,1,0,0,2,ROUND_TRIP,GBP,719,19,6,4691.79,5958.57
MIA,BAH,2026-12-01,,GF,ECONOMY,2,1,0,1,ONE_WAY,USD,337,2,7,3095.89,3095.89
SYD,FCO,2027-01-16,2027-02-11,AA,ECONOMY,3,0,0,1,ROUND_TRIP,USD,327,13,18,3838.83,3838.83
ORD,FRA,2027-02-03,,SQ,ECONOMY,4,0,0,0,ONE_WAY,INR,357,7,12,4842.6,58.11
DPS,MEL,2027-06-03,2027-06-27,MH,BUSINESS,2,0,0,1,ROUND_TRIP,EUR,647,4,14,13067.39,14112.78
AMD,JFK,2026-09-14,2026-09-30,AA,ECONOMY,1,1,0,0,ROUND_TRIP,USD,571,4,13,1475.59,1475.59
MCT,KUL,2027-03-18,,SG,ECONOMY,2,0,0,1,ONE_WAY,EUR,412,14,20,1453.64,1569.93
SFO,DOH,2027-04-04,,IX,ECONOMY,4,0,0,1,ONE_WAY,EUR,362,15,21,801.94,866.1
DOH,MEL,2026-10-13,,LH,BUSINESS,1,0,0,1,ONE_WAY,AED,564,11,20,2688.69,731.32
MNL,BOM,2027-04-21,2027-04-24,IX,ECONOMY,3,1,0,1,ROUND_TRIP,USD,176,3,5,4543.43,4543.43
LAX,MAA,2027-06-20,2027-06-27,6E,ECONOMY,3,1,0,1,ROUND_TRIP,EUR,617,4,14,2919.78,3153.36
BKK,AUH,2027-07-23,2027-08-09,GA,ECONOMY,1,0,0,1,ROUND_TRIP,GBP,156,23,1,793.5,1007.75
CCU,KWI,2027-06-26,2027-07-16,MH,ECONOMY,1,0,0,0,ROUND_TRIP,INR,301,18,23,1648.26,19.78
BAH,MNL,2027-08-10,,AA,BUSINESS,1,0,0,0,ONE_WAY,SGD,123,18,20,3169.6,2345.5
CCU,SYD,2027-05-11,2027-05-24,WN,ECONOMY,4,0,0,0,ROUND_TRIP,EUR,366,12,18,4420.06,4773.66
ICN,DOH,2027-01-27,,GF,ECONOMY,1,0,0,1,ONE_WAY,USD,594,5,14,365.16,365.16
BLR,ZRH,2026-12-14,,AF,ECONOMY,1,2,0,0,ONE_WAY,AED,438,19,2,5410.37,1471.62
HKG,DFW,2026-08-23,,UK,ECONOMY,1,0,0,2,ONE_WAY,EUR,665,8,19,1552.57,1676.78
DPS,AMD,2026-10-25,2026-11-08,QR,BUSINESS,2,0,0,1,ROUND_TRIP,USD,196,17,20,3914.83,3914.83
SIN,MEL,2027-04-17,2027-04-28,IB,ECONOMY,2,0,0,0,ROUND_TRIP,SGD,344,19,0,3460.2,2560.55
DFW,LAX,2027-08-06,2027-08-12,SQ,ECONOMY,1,0,0,0,ROUND_TRIP,USD,86,4,5,2245.51,2245.51
SIN,MCT,2026-12-31,2027-01-10,WN,ECONOMY,4,0,1,1,ROUND_TRIP,AED,140,21,23,1518.12,412.93
JFK,MCT,2026-08-18,,IB,FIRST,1,2,0,0,ONE_WAY,AED,503,21,5,23535.72,6401.72
MNL,MIA,2026-10-16,2026-10-30,UA,ECONOMY,2,1,0,1,ROUND_TRIP,GBP,744,12,0,3957.15,5025.58
LAX,MIA,2026-08-24,2026-09-20,EK,BUSINESS,1,0,0,0,ROUND_TRIP,AUD,415,8,14,15223.75,9895.44
CCU,ZRH,2026-08-17,2026-08-26,MH,ECONOMY,1,0,0,1,ROUND_TRIP,SGD,631,20,6,4220.55,3123.21
PNQ,MAD,2027-06-11,,DL,ECONOMY,2,0,0,0,ONE_WAY,USD,547,4,13,934.84,934.84
MEL,LHR,2027-07-28,,AA,PREMIUM_ECONOMY,1,2,0,1,ONE_WAY,INR,319,17,22,5378.5,64.54
KUL,DEL,2027-07-28,2027-08-16,KL,PREMIUM_ECONOMY,4,0,1,0,ROUND_TRIP,USD,481,14,22,10122.85,10122.85
LHR,BLR,2026-12-07,,WY,BUSINESS,1,0,0,1,ONE_WAY,USD,414,22,4,2454.26,2454.26
MAA,FRA,2027-06-30,,EY,ECONOMY,1,0,0,1,ONE_WAY,GBP,236,10,13,523.79,665.21
CDG,LAX,2027-03-30,,6E,BUSINESS,1,0,0,0,ONE_WAY,USD,592,18,3,1683.08,1683.08
CCU,BLR,2027-06-22,2027-07-15,6E,ECONOMY,2,0,0,0,ROUND_TRIP,GBP,141,13,15,3609.2,4583.68
BLR,FCO,2027-04-08,2027-05-06,AF,ECONOMY,3,1,0,1,ROUND_TRIP,EUR,391,13,19,7267.22,7848.6
AMD,LAX,2026-09-17,2026-10-08,SQ,BUSINESS,1,0,0,1,ROUND_TRIP,EUR,697,6,17,2584.25,2790.99
FRA,ORD,2027-05-03,2027-05-26,KL,ECONOMY,1,0,0,1,ROUND_TRIP,USD,189,11,14,1207.07,1207.07
DPS,ICN,2026-10-27,,PR,ECONOMY,1,2,0,1,ONE_WAY,GBP,500,1,9,1240.08,1574.9
BLR,BKK,2027-04-10,,LH,ECONOMY,2,0,0,1,ONE_WAY,AED,594,19,4,2807.61,763.67
JFK,DPS,2026-08-15,,BA,PREMIUM_ECONOMY,1,1,0,0,ONE_WAY,USD,63,20,21,1265.09,1265.09
MCT,FRA,2027-02-15,2027-02-18,LX,PREMIUM_ECONOMY,2,0,0,2,ROUND_TRIP,USD,668,2,13,3631.85,3631.85
BOM,MEL,2027-01-06,,UK,ECONOMY,3,0,1,0,ONE_WAY,GBP,562,5,14,3140.05,3987.86
JFK,MEL,2026-10-09,,QR,ECONOMY,3,0,0,0,ONE_WAY,INR,596,10,19,3071.37,36.86
MCT,ZRH,2027-08-13,2027-08-18,IB,ECONOMY,4,2,1,2,ROUND_TRIP,GBP,315,3,8,6445.35,8185.59
BAH,MCT,2026-11-18,,UA,ECONOMY,4,0,0,1,ONE_WAY,EUR,246,17,21,2131.41,2301.92
AUH,JFK,2026-09-24,2026-10-22,QR,ECONOMY,3,2,0,0,ROUND_TRIP,AED,536,15,23,6111.48,1662.32
HKG,DFW,2027-04-18,2027-05-13,PR,BUSINESS,2,0,0,1,ROUND_TRIP,USD,565,15,0,14255.96,14255.96
AMS,SFO,2027-01-17,2027-02-02,SQ,BUSINESS,1,0,0,0,ROUND_TRIP,USD,651,12,22,10872.95,10872.95
FRA,MEL,2027-03-20,,SG,ECONOMY,1,0,0,1,ONE_WAY,EUR,472,14,21,295.29,318.91
SIN,SFO,2026-09-25,,LH,BUSINESS,1,0,0,0,ONE_WAY,USD,305,9,14,3157.73,3157.73
CCU,MAD,2027-07-29,,QR,ECONOMY,1,0,0,0,ONE_WAY,USD,541,8,17,1671.5,1671.5
DXB,SYD,2027-07-15,,WY,ECONOMY,2,0,0,1,ONE_WAY,INR,593,0,9,575.61,6.91
AUH,SFO,2027-04-07,2027-04-20,QR,ECONOMY,2,1,0,1,ROUND_TRIP,EUR,231,2,5,4847.17,5234.94
BAH,BKK,2027-01-17,,PR,BUSINESS,3,0,0,2,ONE_WAY,EUR,335,23,4,4756.25,5136.75
LAX,JFK,2026-08-30,2026-09-06,QR,ECONOMY,2,0,0,0,ROUND_TRIP,EUR,515,4,12,2036.25,2199.15
JFK,DPS,2027-02-27,2027-03-08,SQ,BUSINESS,1,0,1,0,ROUND_TRIP,EUR,63,15,16,1428.15,1542.4
FCO,CCU,2027-02-27,2027-03-11,EK,ECONOMY,2,0,0,0,ROUND_TRIP,USD,548,6,15,7080.29,7080.29
MAD,ICN,2026-10-19,,SG,ECONOMY,1,2,0,2,ONE_WAY,USD,714,17,4,2019.01,2019.01
MCT,DXB,2027-07-30,2027-08-16,EY,ECONOMY,1,0,0,0,ROUND_TRIP,GBP,243,8,12,2355.08,2990.95
DEL,DOH,2027-06-04,,IB,ECONOMY,2,2,0,1,ONE_WAY,INR,752,1,13,4196.86,50.36
KUL,LAX,2027-06-26,2027-07-22,MH,BUSINESS,3,1,0,0,ROUND_TRIP,USD,352,13,18,9187.95,9187.95
DFW,KWI,2027-01-10,,MH,ECONOMY,1,1,0,1,ONE_WAY,SGD,596,21,6,1910.58,1413.83
MCT,HKG,2027-04-01,2027-04-09,KL,FIRST,1,0,0,0,ROUND_TRIP,AUD,306,8,13,8411.34,5467.37
HKG,HYD,2026-09-02,2026-09-05,IB,ECONOMY,1,0,0,0,ROUND_TRIP,GBP,657,8,18,1008.39,1280.66
KUL,HKG,2026-11-09,,IB,ECONOMY,4,0,0,1,ONE_WAY,USD,601,0,10,4543.28,4543.28
AMD,BAH,2026-11-13,2026-11-22,GF,ECONOMY,2,0,0,1,ROUND_TRIP,USD,648,22,8,2425.6,2425.6
BKK,BLR,2026-08-16,2026-08-20,SQ,BUSINESS,3,0,0,0,ROUND_TRIP,INR,117,12,13,26893.39,322.72
BAH,FRA,2026-09-15,,LH,BUSINESS,1,0,0,1,ONE_WAY,USD,353,7,12,3410.51,3410.51
DOH,KWI,2027-03-21,,6E,ECONOMY,2,0,0,1,ONE_WAY,USD,713,3,14,1505.43,1505.43
MCT,AMD,2027-01-03,,LH,ECONOMY,1,0,0,1,ONE_WAY,GBP,300,20,1,1360.06,1727.28
MCT,SIN,2026-12-20,,GF,BUSINESS,2,1,1,1,ONE_WAY,AUD,211,3,6,3214.99,2089.74
ZRH,MIA,2027-07-21,2027-08-08,TG,BUSINESS,1,1,0,2,ROUND_TRIP,USD,555,2,11,8259.46,8259.46
BKK,DFW,2027-01-19,,AA,PREMIUM_ECONOMY,4,0,0,2,ONE_WAY,EUR,467,7,14,7615.55,8224.79
SIN,CDG,2027-06-16,,WN,ECONOMY,1,0,0,0,ONE_WAY,EUR,443,14,21,1089.21,1176.35
ZRH,HYD,2026-11-27,,AA,BUSINESS,2,0,0,0,ONE_WAY,INR,142,17,19,2020.7,24.25
CDG,LHR,2026-09-09,,WN,BUSINESS,2,0,0,2,ONE_WAY,USD,271,20,0,1491.86,1491.86
KWI,MEL,2026-12-19,,EY,ECONOMY,1,1,0,0,ONE_WAY,INR,144,9,11,2602.23,31.23
MEL,BKK,2027-03-18,2027-04-06,SQ,ECONOMY,4,0,0,1,ROUND_TRIP,EUR,630,19,5,2676.99,2891.15
CGK,BOM,2026-12-23,2027-01-07,PR,ECONOMY,4,0,0,1,ROUND_TRIP,INR,575,14,23,2740.07,32.88
KUL,MAD,2027-04-27,,AF,ECONOMY,2,0,1,0,ONE_WAY,USD,406,23,5,3138.52,3138.52
SFO,MIA,2027-02-27,,GA,ECONOMY,2,0,0,2,ONE_WAY,GBP,273,18,22,859.83,1091.98
BAH,BKK,2027-02-27,2027-03-15,WY,BUSINESS,2,0,0,0,ROUND_TRIP,USD,215,23,2,6761.4,6761.4
ORD,BOM,2027-07-19,,MH,PREMIUM_ECONOMY,4,0,0,1,ONE_WAY,GBP,593,5,14,4372.85,5553.52
PNQ,CCU,2026-11-06,,SQ,PREMIUM_ECONOMY,4,0,1,2,ONE_WAY,INR,663,13,0,9125.14,109.5
ICN,DFW,2027-02-06,,DL,ECONOMY,2,0,0,1,ONE_WAY,AED,225,4,7,1641.1,446.38
MCT,SFO,2027-07-15,2027-07-27,MH,ECONOMY,1,0,0,1,ROUND_TRIP,INR,367,23,5,1489.45,17.87
DXB,MCT,2026-11-20,2026-12-01,LX,ECONOMY,3,0,0,0,ROUND_TRIP,EUR,119,13,14,5125.23,5535.25
AMD,KWI,2026-10-04,,SG,ECONOMY,1,0,0,1,ONE_WAY,USD,531,0,8,160.17,160.17
DPS,HYD,2027-02-02,2027-02-24,UK,ECONOMY,2,2,0,1,ROUND_TRIP,USD,271,13,17,5427.76,5427.76
ORD,JFK,2026-10-04,2026-10-07,BA,BUSINESS,1,0,0,0,ROUND_TRIP,GBP,113,14,15,7034.14,8933.36
DXB,BOM,2027-04-14,,WN,ECONOMY,2,0,0,1,ONE_WAY,SGD,358,16,21,1237.48,915.74
BAH,DEL,2027-03-29,2027-04-08,SQ,FIRST,1,0,0,0,ROUND_TRIP,USD,548,19,4,7215.17,7215.17
CCU,ORD,2027-06-20,2027-06-29,KL,BUSINESS,2,0,0,0,ROUND_TRIP,EUR,121,22,0,10023.83,10825.74
NRT,DPS,2026-11-08,,MH,ECONOMY,1,0,0,2,ONE_WAY,INR,423,14,21,373.62,4.48
CDG,MCT,2027-02-26,2027-03-25,EK,BUSINESS,1,1,0,2,ROUND_TRIP,USD,360,8,14,11926.87,11926.87
FRA,MNL,2027-06-04,,TG,ECONOMY,2,0,0,2,ONE_WAY,EUR,667,19,6,1123.64,1213.53
DFW,MEL,2026-10-12,,KL,BUSINESS,1,0,0,2,ONE_WAY,USD,716,18,5,2830.76,2830.76
DXB,JFK,2027-02-16,,AF,ECONOMY,2,1,1,0,ONE_WAY,USD,237,21,0,2635.19,2635.19
DPS,LHR,2027-04-04,,UK,ECONOMY,1,2,0,1,ONE_WAY,EUR,506,4,12,1146.21,1237.91
MAD,AUH,2027-08-10,2027-08-31,GA,PREMIUM_ECONOMY,2,0,1,0,ROUND_TRIP,INR,428,15,22,5539.62,66.48
DFW,BLR,2026-11-13,2026-12-13,BA,ECONOMY,4,0,0,2,ROUND_TRIP,INR,784,15,4,8255.47,99.07
MIA,FCO,2027-03-02,,TG,BUSINESS,1,0,0,0,ONE_WAY,USD,329,12,17,1602.15,1602.15
BAH,MEL,2027-07-15,,AF,ECONOMY,3,0,1,0,ONE_WAY,INR,546,5,14,2507.61,30.09
DXB,KUL,2027-06-04,2027-06-10,MH,ECONOMY,3,0,0,0,ROUND_TRIP,USD,263,21,1,7240.97,7240.97
SIN,DOH,2026-10-29,2026-11-21,6E,ECONOMY,1,2,0,1,ROUND_TRIP,USD,738,23,11,2324.02,2324.02
CDG,HYD,2027-07-23,,UK,ECONOMY,4,0,0,1,ONE_WAY,GBP,608,21,7,4913.93,6240.69
DFW,AMS,2026-08-25,,SQ,PREMIUM_ECONOMY,1,0,0,1,ONE_WAY,USD,754,18,6,3426.62,3426.62
MEL,CGK,2026-10-17,,WY,PREMIUM_ECONOMY,1,2,0,0,ONE_WAY,EUR,634,3,13,3259.34,3520.09
ICN,KWI,2027-06-09,,AF,BUSINESS,2,1,0,1,ONE_WAY,EUR,267,17,21,11532.79,12455.41
PNQ,LHR,2026-10-18,,TG,BUSINESS,1,0,0,0,ONE_WAY,EUR,628,18,4,1407.86,1520.49
FRA,HYD,2027-01-14,,SG,FIRST,2,0,1,0,ONE_WAY,USD,342,1,6,2931.87,2931.87
NRT,MAD,2027-05-02,,TG,ECONOMY,1,2,1,1,ONE_WAY,EUR,448,6,13,3044.66,3288.23
CDG,HYD,2027-06-28,2027-07-14,EY,ECONOMY,1,0,0,0,ROUND_TRIP,USD,543,2,11,3044.1,3044.1
FRA,AMS,2026-11-26,,AF,PREMIUM_ECONOMY,4,0,1,0,ONE_WAY,EUR,380,2,8,6151.99,6644.15
BAH,DFW,2026-08-27,2026-09-18,DL,PREMIUM_ECONOMY,1,0,1,1,ROUND_TRIP,GBP,514,7,15,4876.95,6193.73
AMS,PNQ,2026-12-07,,UA,ECONOMY,2,0,0,0,ONE_WAY,USD,455,8,15,1639.26,1639.26
LHR,MIA,2027-02-08,,UK,BUSINESS,3,0,0,0,ONE_WAY,EUR,118,22,23,2198.3,2374.16
MAD,MEL,2027-05-13,2027-06-02,WY,PREMIUM_ECONOMY,4,0,0,1,ROUND_TRIP,USD,509,19,3,17659.11,17659.11
DXB,AMS,2027-07-07,2027-07-21,AI,PREMIUM_ECONOMY,1,0,0,2,ROUND_TRIP,GBP,448,22,5,3911.16,4967.17
CDG,SIN,2026-12-09,,MH,ECONOMY,1,0,1,1,ONE_WAY,USD,214,9,12,1722.0,1722.0
SFO,ZRH,2027-04-23,,SG,PREMIUM_ECONOMY,1,0,0,0,ONE_WAY,USD,485,0,8,815.66,815.66
SIN,NRT,2026-11-19,,GA,ECONOMY,2,0,0,0,ONE_WAY,GBP,332,23,4,585.83,744.0
LAX,CDG,2026-11-08,2026-12-02,GA,PREMIUM_ECONOMY,4,0,0,1,ROUND_TRIP,AUD,751,16,4,15140.02,9841.01
LHR,KWI,2027-02-03,,SG,ECONOMY,1,0,0,2,ONE_WAY,USD,791,21,10,665.33,665.33
PNQ,FCO,2027-07-09,,GF,ECONOMY,2,0,1,2,ONE_WAY,USD,493,16,0,1330.64,1330.64
HYD,CGK,2026-11-17,,WN,BUSINESS,1,0,0,0,ONE_WAY,USD,658,12,22,1439.08,1439.08
BAH,CCU,2027-03-04,,AA,ECONOMY,1,0,0,0,ONE_WAY,USD,522,11,19,1141.27,1141.27
ORD,BKK,2026-08-16,,EK,ECONOMY,2,0,0,1,ONE_WAY,AUD,496,11,19,4010.26,2606.67
BAH,FCO,2026-12-28,,6E,ECONOMY,1,0,1,2,ONE_WAY,USD,299,3,7,863.13,863.13
MNL,MEL,2027-03-01,2027-03-08,LX,BUSINESS,2,1,0,2,ROUND_TRIP,USD,462,3,10,11171.51,11171.51
LAX,NRT,2027-01-09,,AI,BUSINESS,1,2,0,1,ONE_WAY,GBP,281,9,13,6066.06,7703.9
CCU,BKK,2027-07-21,2027-08-19,QR,PREMIUM_ECONOMY,1,0,0,1,ROUND_TRIP,USD,289,13,17,4792.78,4792.78
AMD,NRT,2026-11-20,2026-11-27,WN,ECONOMY,2,0,0,0,ROUND_TRIP,EUR,580,13,22,1187.29,1282.27
BAH,CCU,2027-03-20,,6E,ECONOMY,4,0,0,0,ONE_WAY,INR,522,20,4,3032.23,36.39
AMS,ORD,2027-04-12,,MH,ECONOMY,1,0,0,0,ONE_WAY,USD,126,8,10,524.94,524.94
AMD,BKK,2026-10-19,,EK,ECONOMY,1,0,0,1,ONE_WAY,USD,661,10,21,1309.27,1309.27
DPS,NRT,2026-10-14,2026-10-18,WN,ECONOMY,1,1,0,1,ROUND_TRIP,USD,433,18,1,1097.21,1097.21
BAH,MCT,2027-05-14,,MH,ECONOMY,2,0,0,1,ONE_WAY,SGD,237,23,2,1152.9,853.15
SYD,FRA,2026-09-17,2026-10-05,PR,BUSINESS,3,0,0,2,ROUND_TRIP,AUD,715,13,0,21510.24,13981.66
HKG,BOM,2027-03-05,2027-03-23,EK,ECONOMY,1,0,0,1,ROUND_TRIP,USD,224,21,0,1795.26,1795.26
DOH,KUL,2027-06-13,2027-07-08,PR,ECONOMY,2,0,0,1,ROUND_TRIP,USD,717,0,11,1465.11,1465.11
HKG,KUL,2026-09-06,,AA,PREMIUM_ECONOMY,1,1,0,0,ONE_WAY,USD,530,17,1,4359.23,4359.23
AMS,DXB,2027-07-03,,WY,BUSINESS,4,0,0,1,ONE_WAY,AUD,734,19,7,12528.02,8143.21
ZRH,CCU,2026-08-19,,MH,BUSINESS,3,0,1,1,ONE_WAY,USD,195,11,14,15881.31,15881.31
FRA,BOM,2026-12-23,2027-01-22,UA,PREMIUM_ECONOMY,2,1,0,2,ROUND_TRIP,SGD,373,20,2,5742.73,4249.62
SYD,MCT,2027-03-24,,IB,ECONOMY,3,1,0,0,ONE_WAY,EUR,415,11,17,1571.38,1697.09
KWI,CGK,2026-11-12,,EK,BUSINESS,4,0,0,0,ONE_WAY,EUR,495,12,20,8665.44,9358.68
BAH,MAA,2026-08-20,,IX,ECONOMY,4,0,0,1,ONE_WAY,AED,213,19,22,5139.7,1398.0
DEL,BLR,2026-10-07,,IX,ECONOMY,2,0,1,2,ONE_WAY,USD,389,17,23,790.19,790.19
JFK,CCU,2027-05-19,2027-06-13,EY,ECONOMY,3,0,0,0,ROUND_TRIP,AED,211,8,11,2225.19,605.25
HYD,PNQ,2026-10-28,,UA,ECONOMY,1,2,0,1,ONE_WAY,INR,718,11,22,2948.11,35.38
MAD,LHR,2027-01-05,2027-01-19,TG,ECONOMY,1,0,0,0,ROUND_TRIP,INR,541,2,11,1087.61,13.05
CCU,HYD,2027-06-29,,WN,ECONOMY,1,0,0,1,ONE_WAY,USD,653,9,19,813.52,813.52
AMD,MAD,2026-10-29,2026-11-25,LX,PREMIUM_ECONOMY,2,0,0,2,ROUND_TRIP,INR,416,20,2,4405.52,52.87
CGK,MAA,2027-01-24,2027-02-11,UK,ECONOMY,1,2,0,0,ROUND_TRIP,USD,241,13,17,1693.28,1693.28
SFO,JFK,2026-12-09,2026-12-24,IX,BUSINESS,1,0,0,1,ROUND_TRIP,USD,675,2,13,2431.27,2431.27
LHR,CCU,2027-02-08,,QR,ECONOMY,1,0,0,0,ONE_WAY,AED,318,11,16,1052.34,286.24
DXB,FCO,2026-10-23,2026-10-29,IB,ECONOMY,3,0,0,0,ROUND_TRIP,AUD,385,22,4,3380.26,2197.17
SIN,ORD,2026-09-23,2026-10-03,6E,PREMIUM_ECONOMY,3,1,0,0,ROUND_TRIP,USD,235,2,5,9790.72,9790.72
MEL,SFO,2027-03-29,,IX,BUSINESS,2,2,0,1,ONE_WAY,USD,194,20,23,5797.36,5797.36
BLR,HYD,2026-12-24,,WN,BUSINESS,3,0,0,1,ONE_WAY,USD,597,18,3,5491.05,5491.05
FCO,LHR,2026-09-11,,KL,BUSINESS,1,2,0,1,ONE_WAY,USD,255,7,11,8574.13,8574.13
SYD,MAA,2026-11-21,,MH,ECONOMY,3,0,0,1,ONE_WAY,GBP,520,8,16,1459.32,1853.34
AMD,MAA,2027-01-19,2027-01-28,LH,PREMIUM_ECONOMY,1,0,0,1,ROUND_TRIP,USD,694,17,4,4988.0,4988.0
AMS,CCU,2027-02-12,2027-03-11,DL,ECONOMY,1,0,1,0,ROUND_TRIP,INR,241,9,13,2624.21,31.49
HKG,BAH,2026-10-04,2026-10-23,BA,BUSINESS,2,0,0,1,ROUND_TRIP,AUD,710,4,15,9033.49,5871.77
DPS,HYD,2027-07-28,2027-08-20,GF,ECONOMY,2,2,0,0,ROUND_TRIP,USD,190,4,7,7272.9,7272.9
DOH,NRT,2027-06-29,2027-07-29,AA,FIRST,2,0,0,0,ROUND_TRIP,EUR,283,13,17,13876.06,14986.14
DFW,CDG,2027-01-19,2027-02-08,EY,FIRST,2,2,0,0,ROUND_TRIP,SGD,82,2,3,15054.17,11140.09
AMD,CGK,2027-04-06,,BA,ECONOMY,2,0,0,1,ONE_WAY,USD,177,8,10,2800.39,2800.39
BKK,DXB,2027-03-27,,UK,FIRST,1,0,0,1,ONE_WAY,USD,263,11,15,4103.75,4103.75
ZRH,DFW,2026-12-17,,SG,PREMIUM_ECONOMY,3,0,0,1,ONE_WAY,USD,433,22,5,3416.77,3416.77
AMD,FCO,2027-07-08,,AF,ECONOMY,1,0,0,1,ONE_WAY,USD,310,17,22,736.07,736.07
KUL,AMD,2027-02-05,,SG,ECONOMY,1,0,0,0,ONE_WAY,SGD,375,19,1,590.66,437.09
PNQ,MAD,2027-02-24,,IB,ECONOMY,2,0,0,1,ONE_WAY,EUR,666,1,12,714.59,771.76
ORD,BKK,2026-10-25,,LX,ECONOMY,2,0,0,0,ONE_WAY,USD,380,2,8,1456.32,1456.32
BKK,SFO,2027-01-13,2027-01-21,AA,ECONOMY,1,1,0,2,ROUND_TRIP,USD,277,6,10,2308.09,2308.09
SFO,MNL,2027-05-28,2027-06-25,LX,ECONOMY,1,2,0,1,ROUND_TRIP,SGD,369,19,1,3724.58,2756.19
AUH,JFK,2026-10-28,2026-11-15,TG,FIRST,2,0,0,1,ROUND_TRIP,INR,603,10,20,11622.22,139.47
SFO,FRA,2026-09-01,2026-09-10,AA,PREMIUM_ECONOMY,3,0,0,1,ROUND_TRIP,SGD,276,23,3,9486.46,7019.98
DOH,MIA,2027-01-18,2027-02-06,EY,ECONOMY,2,0,0,0,ROUND_TRIP,AUD,307,3,8,1105.15,718.35
MNL,KUL,2027-03-21,,KL,ECONOMY,2,1,0,0,ONE_WAY,EUR,486,11,19,1321.01,1426.69
SIN,DFW,2026-09-27,2026-10-25,GF,BUSINESS,1,0,1,2,ROUND_TRIP,EUR,646,3,13,3182.85,3437.48
BOM,SIN,2027-01-09,2027-02-08,UK,ECONOMY,1,0,0,0,ROUND_TRIP,AED,206,13,16,1567.36,426.32
DFW,PNQ,2027-03-04,2027-03-07,EY,BUSINESS,2,0,1,1,ROUND_TRIP,USD,562,11,20,15475.12,15475.12
LHR,NRT,2027-03-14,2027-03-18,GF,ECONOMY,3,2,0,0,ROUND_TRIP,USD,436,0,7,5793.8,5793.8
NRT,ZRH,2026-09-09,2026-10-07,BA,ECONOMY,2,0,0,0,ROUND_TRIP,EUR,212,18,21,5196.19,5611.89
DXB,MIA,2027-07-03,2027-07-24,GA,ECONOMY,1,0,0,1,ROUND_TRIP,EUR,186,12,15,2196.67,2372.4
SYD,DOH,2026-09-23,,BA,ECONOMY,2,0,0,1,ONE_WAY,EUR,533,18,2,1286.5,1389.42
BOM,AUH,2027-02-23,2027-03-22,IB,PREMIUM_ECONOMY,2,0,0,1,ROUND_TRIP,USD,661,8,19,4849.52,4849.52
AUH,BOM,2026-11-14,2026-11-19,SQ,FIRST,4,0,0,0,ROUND_TRIP,USD,607,2,12,23298.54,23298.54
ORD,MCT,2027-01-21,2027-02-13,AF,ECONOMY,1,0,0,1,ROUND_TRIP,EUR,621,14,0,1726.83,1864.98
KWI,DPS,2026-11-03,,SQ,PREMIUM_ECONOMY,4,0,0,1,ONE_WAY,AUD,586,16,1,8072.11,5246.87
FRA,PNQ,2026-08-29,,EY,PREMIUM_ECONOMY,2,0,0,2,ONE_WAY,EUR,694,10,21,1504.56,1624.92
DXB,MAD,2027-05-03,2027-05-18,WY,ECONOMY,2,0,0,1,ROUND_TRIP,USD,587,6,15,4432.95,4432.95
KWI,MCT,2026-11-27,2026-12-23,TG,BUSINESS,1,1,0,0,ROUND_TRIP,SGD,604,15,1,16058.76,11883.48
AMS,JFK,2026-08-31,,WN,ECONOMY,1,1,0,1,ONE_WAY,USD,713,16,3,1255.68,1255.68
DPS,SFO,2027-03-21,2027-04-18,GF,PREMIUM_ECONOMY,2,0,0,1,ROUND_TRIP,SGD,602,5,15,5979.76,4425.02
ORD,DFW,2026-12-11,,IX,BUSINESS,1,0,0,1,ONE_WAY,USD,723,17,5,4533.62,4533.62
DFW,MAD,2027-06-03,,WN,ECONOMY,2,2,0,1,ONE_WAY,EUR,408,20,2,862.24,931.22
ZRH,BAH,2027-06-12,,EY,ECONOMY,1,0,0,1,ONE_WAY,USD,632,12,22,1347.23,1347.23
MEL,BOM,2026-09-01,2026-09-21,GF,ECONOMY,1,0,0,2,ROUND_TRIP,EUR,456,16,23,1329.96,1436.36
CGK,AMD,2027-03-03,,KL,PREMIUM_ECONOMY,1,0,0,1,ONE_WAY,INR,409,9,15,1837.61,22.05
KUL,HKG,2026-10-06,,SQ,FIRST,2,0,0,0,ONE_WAY,USD,503,10,18,16477.34,16477.34
DOH,CCU,2026-09-05,2026-09-11,EY,PREMIUM_ECONOMY,2,0,0,0,ROUND_TRIP,INR,443,1,8,2748.62,32.98
FCO,MAA,2026-10-17,2026-10-30,WY,ECONOMY,1,0,0,1,ROUND_TRIP,INR,560,4,13,1683.22,20.2
SFO,KUL,2026-12-07,,TG,ECONOMY,2,2,0,1,ONE_WAY,EUR,632,2,12,3532.7,3815.32
MAD,CCU,2026-09-13,2026-09-22,LH,ECONOMY,2,0,0,2,ROUND_TRIP,GBP,702,0,11,2071.95,2631.38
BAH,HKG,2027-07-15,2027-07-22,UK,ECONOMY,2,0,1,1,ROUND_TRIP,INR,587,16,1,1270.5,15.25
DXB,CDG,2027-07-31,,LH,ECONOMY,1,0,0,1,ONE_WAY,GBP,472,9,16,1772.08,2250.54
AUH,CGK,2026-12-27,,UK,PREMIUM_ECONOMY,1,0,0,1,ONE_WAY,AED,621,3,13,458.42,124.69
SYD,CCU,2027-07-12,,LH,ECONOMY,2,0,0,0,ONE_WAY,EUR,287,12,16,1986.0,2144.88
BAH,SFO,2026-12-04,,EK,ECONOMY,1,0,0,2,ONE_WAY,EUR,434,3,10,1769.02,1910.54
HYD,DPS,2026-12-04,,WY,ECONOMY,3,0,0,0,ONE_WAY,USD,314,23,4,4030.62,4030.62
MCT,DOH,2027-04-15,,EY,ECONOMY,2,0,0,1,ONE_WAY,EUR,296,23,3,721.36,779.07
CDG,DOH,2026-08-24,,BA,PREMIUM_ECONOMY,1,2,0,1,ONE_WAY,USD,717,5,16,3809.25,3809.25
DEL,ORD,2026-12-08,,LX,ECONOMY,1,1,0,2,ONE_WAY,USD,830,16,5,3100.46,3100.46
DOH,AUH,2027-04-20,,PR,ECONOMY,1,1,1,0,ONE_WAY,INR,74,8,9,679.05,8.15
FCO,LAX,2026-08-24,2026-08-31,AA,BUSINESS,2,0,0,1,ROUND_TRIP,AED,756,13,1,27087.48,7367.79
LHR,AUH,2027-02-23,,LH,ECONOMY,4,0,0,0,ONE_WAY,INR,272,20,0,4429.81,53.16
ICN,BKK,2026-11-19,2026-11-23,AA,ECONOMY,1,0,1,0,ROUND_TRIP,USD,446,18,1,2975.72,2975.72
JFK,PNQ,2026-10-28,2026-11-14,KL,BUSINESS,1,0,0,2,ROUND_TRIP,INR,614,21,7,4600.04,55.2
SYD,DOH,2027-04-21,,GF,ECONOMY,1,0,0,0,ONE_WAY,USD,449,9,16,714.3,714.3
SIN,LAX,2027-05-28,,TG,BUSINESS,3,1,0,2,ONE_WAY,USD,556,4,13,10576.28,10576.28
BAH,BKK,2027-03-06,,DL,BUSINESS,4,0,0,0,ONE_WAY,USD,215,3,6,8112.35,8112.35
FRA,ZRH,2026-10-22,2026-11-07,WN,ECONOMY,1,0,0,0,ROUND_TRIP,GBP,326,17,22,1020.7,1296.29
MEL,KUL,2027-07-30,2027-08-24,UA,ECONOMY,1,0,0,1,ROUND_TRIP,INR,398,11,17,1729.19,20.75
LAX,BKK,2027-06-24,,IB,ECONOMY,2,2,0,1,ONE_WAY,USD,287,9,13,4544.19,4544.19
DXB,SYD,2027-05-06,,DL,BUSINESS,1,0,0,1,ONE_WAY,INR,616,14,0,1221.27,14.66
BLR,AMD,2026-09-14,2026-09-20,6E,ECONOMY,2,1,0,1,ROUND_TRIP,USD,600,23,9,1805.33,1805.33
BLR,LHR,2027-01-20,2027-02-15,AA,ECONOMY,1,0,0,0,ROUND_TRIP,EUR,209,0,3,2281.25,2463.75
MNL,BAH,2027-04-29,,UK,ECONOMY,2,0,0,0,ONE_WAY,AED,252,14,18,1855.65,504.74
MIA,MNL,2027-03-23,2027-03-30,EK,BUSINESS,3,0,0,1,ROUND_TRIP,EUR,707,20,7,33871.12,36580.81
KWI,AUH,2027-06-11,,GA,PREMIUM_ECONOMY,2,0,0,1,ONE_WAY,INR,451,15,22,4356.02,52.27
AMD,CGK,2027-07-13,,KL,BUSINESS,1,0,0,0,ONE_WAY,USD,87,21,22,3785.25,3785.25
BKK,HYD,2027-04-28,,LH,FIRST,1,2,0,2,ONE_WAY,INR,248,6,10,7208.69,86.5
HKG,MAA,2027-07-17,,EK,PREMIUM_ECONOMY,1,1,0,0,ONE_WAY,INR,602,9,19,4993.6,59.92
MIA,MAA,2026-12-24,2026-12-31,SQ,ECONOMY,1,1,0,1,ROUND_TRIP,GBP,496,22,6,5257.99,6677.65
DPS,MIA,2026-12-10,2027-01-06,SG,ECONOMY,1,0,1,1,ROUND_TRIP,USD,305,23,4,665.38,665.38
CDG,AMD,2026-09-20,,EK,PREMIUM_ECONOMY,4,0,0,0,ONE_WAY,AUD,642,14,0,5768.03,3749.22
BOM,BAH,2027-07-27,,BA,ECONOMY,2,0,0,1,ONE_WAY,USD,670,9,20,1230.39,1230.39
BAH,DOH,2026-10-24,2026-10-27,KL,BUSINESS,2,0,0,0,ROUND_TRIP,USD,498,11,19,8018.7,8018.7
MAA,LAX,2027-04-27,2027-05-11,EK,PREMIUM_ECONOMY,2,0,0,1,ROUND_TRIP,INR,197,11,14,8783.17,105.4
SYD,DXB,2027-04-26,2027-05-06,SG,ECONOMY,2,0,0,0,ROUND_TRIP,AED,60,1,2,1686.6,458.76
MAD,FRA,2027-06-22,,AF,PREMIUM_ECONOMY,4,0,0,2,ONE_WAY,AED,333,16,21,2565.88,697.92
MIA,BLR,2026-12-25,,UA,PREMIUM_ECONOMY,3,0,0,0,ONE_WAY,EUR,462,6,13,3577.66,3863.87
MCT,MEL,2027-06-22,2027-07-17,GA,ECONOMY,1,0,0,1,ROUND_TRIP,AED,693,1,12,1858.92,505.63
MAA,SIN,2027-04-25,2027-05-14,WN,PREMIUM_ECONOMY,1,0,0,0,ROUND_TRIP,AED,523,7,15,1932.74,525.71
LHR,BOM,2027-04-17,2027-04-21,6E,ECONOMY,2,0,0,0,ROUND_TRIP,USD,416,12,18,3440.79,3440.79
DFW,DXB,2027-02-05,,KL,PREMIUM_ECONOMY,1,0,1,0,ONE_WAY,USD,125,13,15,484.92,484.92
DPS,DEL,2026-12-19,2027-01-17,QR,ECONOMY,2,0,0,2,ROUND_TRIP,INR,358,1,6,4867.06,58.4
BLR,AUH,2027-04-16,,IB,ECONOMY,2,0,0,1,ONE_WAY,USD,509,21,5,2680.2,2680.2
ICN,MCT,2027-05-23,2027-06-04,LX,PREMIUM_ECONOMY,3,0,0,0,ROUND_TRIP,AED,525,20,4,10221.76,2780.32
NRT,AMS,2026-11-26,,BA,PREMIUM_ECONOMY,3,1,0,0,ONE_WAY,USD,528,4,12,8182.15,8182.15
SYD,MCT,2026-10-11,2026-10-14,UK,ECONOMY,4,0,0,1,ROUND_TRIP,USD,528,15,23,2180.33,2180.33
HYD,MAD,2027-02-25,,WY,ECONOMY,1,1,0,0,ONE_WAY,SGD,470,12,19,429.8,318.05
KWI,BKK,2026-12-26,,UA,ECONOMY,1,0,0,2,ONE_WAY,EUR,797,18,7,666.66,719.99
BOM,LAX,2027-02-28,,GA,BUSINESS,2,1,0,0,ONE_WAY,EUR,128,23,1,8639.04,9330.16
AMS,CCU,2027-07-14,,QR,BUSINESS,1,0,0,0,ONE_WAY,EUR,241,19,23,7009.42,7570.17
ZRH,FRA,2027-03-11,,EK,ECONOMY,1,0,0,1,ONE_WAY,USD,746,1,13,651.15,651.15
CCU,MAD,2026-12-08,2026-12-31,WN,ECONOMY,1,1,0,1,ROUND_TRIP,EUR,610,5,15,3848.64,4156.53
LHR,PNQ,2026-12-24,2027-01-04,SQ,ECONOMY,2,0,0,0,ROUND_TRIP,AED,357,0,5,1926.49,524.01
LAX,SYD,2027-06-02,,MH,ECONOMY,2,0,0,0,ONE_WAY,USD,537,11,19,1958.44,1958.44
SIN,MAD,2027-01-11,2027-02-02,IX,ECONOMY,4,1,0,2,ROUND_TRIP,USD,626,0,10,1621.81,1621.81
ORD,HYD,2027-05-01,2027-05-29,GF,BUSINESS,2,1,0,1,ROUND_TRIP,USD,207,18,21,11133.34,11133.34
DPS,HYD,2027-04-28,,TG,PREMIUM_ECONOMY,1,0,1,0,ONE_WAY,AUD,190,18,21,1933.71,1256.91
SYD,SFO,2026-12-29,2027-01-07,UA,PREMIUM_ECONOMY,1,0,0,1,ROUND_TRIP,EUR,297,18,22,3712.68,4009.69
ORD,LHR,2027-05-27,2027-06-15,IB,ECONOMY,1,2,0,0,ROUND_TRIP,GBP,286,2,6,5479.38,6958.81
ORD,MNL,2027-03-10,2027-04-03,WN,ECONOMY,3,2,1,0,ROUND_TRIP,USD,279,18,22,7811.41,7811.41
MAD,LAX,2026-11-14,,BA,ECONOMY,1,0,0,0,ONE_WAY,EUR,87,14,15,1030.42,1112.85
DOH,PNQ,2027-08-02,2027-08-10,KL,ECONOMY,2,0,0,1,ROUND_TRIP,SGD,642,2,12,1528.67,1131.22
DFW,BKK,2027-06-21,2027-07-13,LH,ECONOMY,1,0,0,0,ROUND_TRIP,USD,337,3,8,1834.32,1834.32
HYD,CCU,2027-08-07,2027-08-14,GA,BUSINESS,2,1,0,1,ROUND_TRIP,AED,349,23,4,8939.72,2431.6
HKG,CCU,2027-06-11,2027-06-22,IX,BUSINESS,2,0,0,1,ROUND_TRIP,USD,700,3,14,13921.65,13921.65
FCO,HKG,2026-11-13,,BA,ECONOMY,2,2,0,0,ONE_WAY,EUR,659,4,14,5569.62,6015.19
MCT,BKK,2026-12-06,2026-12-14,AA,ECONOMY,1,0,0,1,ROUND_TRIP,USD,364,9,15,2997.69,2997.69
FRA,AMD,2027-05-17,,QR,PREMIUM_ECONOMY,3,1,0,2,ONE_WAY,USD,846,17,7,5872.14,5872.14
BOM,DFW,2027-08-10,2027-09-09,EY,ECONOMY,1,0,0,2,ROUND_TRIP,EUR,354,3,8,2190.52,2365.76
SIN,HKG,2026-12-05,,WY,ECONOMY,2,2,0,1,ONE_WAY,USD,508,23,7,3933.0,3933.0
AMS,CGK,2027-08-10,2027-09-07,SQ,PREMIUM_ECONOMY,2,1,0,0,ROUND_TRIP,USD,570,16,1,5438.19,5438.19
BAH,MEL,2026-12-04,2026-12-28,TG,BUSINESS,2,0,0,2,ROUND_TRIP,SGD,698,6,17,7950.6,5883.44
KWI,HKG,2027-04-22,2027-05-12,GF,ECONOMY,2,1,0,1,ROUND_TRIP,USD,258,19,23,1746.92,1746.92
KWI,HYD,2027-01-14,2027-02-12,KL,PREMIUM_ECONOMY,1,0,0,2,ROUND_TRIP,GBP,427,7,14,2839.15,3605.72
MIA,LAX,2027-01-27,,UA,ECONOMY,3,1,0,2,ONE_WAY,USD,828,7,20,1942.08,1942.08
SIN,PNQ,2027-04-21,,EK,ECONOMY,2,1,0,1,ONE_WAY,USD,550,19,4,2513.98,2513.98
AMS,NRT,2027-03-28,2027-04-13,EY,BUSINESS,2,0,0,0,ROUND_TRIP,USD,303,12,17,5811.12,5811.12
BLR,MAD,2026-11-27,,LX,PREMIUM_ECONOMY,1,0,0,0,ONE_WAY,INR,112,20,21,460.69,5.53
JFK,DXB,2027-05-24,2027-05-29,WN,ECONOMY,1,1,0,0,ROUND_TRIP,USD,142,20,22,3039.62,3039.62
NRT,MCT,2027-02-21,2027-03-06,LH,ECONOMY,1,1,0,0,ROUND_TRIP,INR,533,13,21,4293.22,51.52
DEL,BLR,2027-07-03,,AI,BUSINESS,2,0,0,0,ONE_WAY,EUR,175,22,0,4166.88,4500.23
HYD,MAD,2026-09-20,2026-10-09,GA,ECONOMY,1,1,0,0,ROUND_TRIP,GBP,470,23,6,802.8,1019.56
DEL,SYD,2027-03-19,,WN,BUSINESS,1,1,0,1,ONE_WAY,EUR,438,16,23,3029.84,3272.23
BOM,ZRH,2027-03-10,,WY,ECONOMY,2,0,0,0,ONE_WAY,SGD,605,17,3,1523.49,1127.38
ICN,HKG,2027-06-05,2027-06-08,QR,ECONOMY,4,1,0,1,ROUND_TRIP,INR,373,12,18,11229.52,134.75
LHR,KUL,2026-11-28,,LH,ECONOMY,1,0,0,1,ONE_WAY,USD,270,15,19,813.39,813.39
CGK,ICN,2026-09-01,2026-09-14,GA,BUSINESS,1,0,0,1,ROUND_TRIP,USD,416,22,4,3405.51,3405.51
SFO,DEL,2027-08-11,2027-08-29,WY,PREMIUM_ECONOMY,2,0,0,0,ROUND_TRIP,INR,82,16,17,7262.11,87.15
CCU,PNQ,2026-10-11,,KL,PREMIUM_ECONOMY,1,1,0,1,ONE_WAY,INR,490,1,9,2669.81,32.04
SIN,HKG,2027-01-11,,EK,PREMIUM_ECONOMY,3,0,0,0,ONE_WAY,USD,444,23,6,6451.34,6451.34
ZRH,DFW,2026-12-20,,DL,PREMIUM_ECONOMY,1,0,0,1,ONE_WAY,EUR,410,15,21,1653.82,1786.13
MCT,LAX,2026-10-29,2026-11-16,GA,PREMIUM_ECONOMY,2,1,0,1,ROUND_TRIP,USD,540,2,11,3634.97,3634.97
AMD,SYD,2027-07-01,,IB,ECONOMY,1,0,0,0,ONE_WAY,EUR,468,0,7,1498.74,1618.64
BAH,MAD,2027-05-18,2027-06-10,GF,BUSINESS,1,0,0,0,ROUND_TRIP,EUR,640,21,7,10390.62,11221.87
MCT,MAD,2027-06-13,,EK,ECONOMY,2,1,0,1,ONE_WAY,INR,166,19,21,3318.08,39.82
CGK,MCT,2026-08-14,,EK,ECONOMY,4,0,0,1,ONE_WAY,USD,557,10,19,9361.53,9361.53
HKG,BKK,2027-04-13,,KL,PREMIUM_ECONOMY,1,0,0,0,ONE_WAY,EUR,201,11,14,1681.47,1815.99
NRT,ZRH,2027-03-25,2027-04-14,AA,ECONOMY,1,0,0,0,ROUND_TRIP,USD,212,14,17,1993.72,1993.72
PNQ,MEL,2027-06-25,,KL,PREMIUM_ECONOMY,3,1,0,1,ONE_WAY,AED,349,17,22,6746.69,1835.1
BAH,MIA,2026-10-01,2026-10-15,LH,ECONOMY,1,0,0,0,ROUND_TRIP,USD,620,8,18,1539.92,1539.92
HYD,MAD,2027-04-12,,SQ,ECONOMY,1,0,1,1,ONE_WAY,GBP,570,19,4,323.71,411.11
KUL,HKG,2026-10-31,2026-11-25,EK,ECONOMY,3,0,0,2,ROUND_TRIP,INR,645,23,9,7744.08,92.93
SFO,PNQ,2026-08-22,2026-09-04,6E,ECONOMY,3,0,0,1,ROUND_TRIP,USD,401,21,3,1577.83,1577.83
ZRH,DOH,2026-11-20,,DL,PREMIUM_ECONOMY,2,0,0,0,ONE_WAY,USD,369,16,22,4509.98,4509.98
BKK,HYD,2027-05-28,2027-06-11,WY,PREMIUM_ECONOMY,2,1,1,0,ROUND_TRIP,EUR,84,3,4,3901.7,4213.84
KUL,DPS,2027-06-30,2027-07-03,MH,ECONOMY,3,0,0,0,ROUND_TRIP,USD,581,5,14,8081.78,8081.78
KUL,CCU,2027-01-19,,GA,BUSINESS,4,1,0,1,ONE_WAY,GBP,447,1,8,19606.89,24900.75
MAD,KWI,2027-08-06,,WY,ECONOMY,1,1,0,0,ONE_WAY,USD,166,14,16,2189.62,2189.62
ORD,LAX,2027-05-16,,PR,PREMIUM_ECONOMY,3,0,0,0,ONE_WAY,GBP,365,18,0,3231.34,4103.8
SIN,LAX,2026-09-29,2026-10-18,SQ,BUSINESS,2,0,0,1,ROUND_TRIP,USD,502,6,14,12940.25,12940.25
PNQ,ICN,2027-01-26,,TG,PREMIUM_ECONOMY,1,0,0,2,ONE_WAY,EUR,218,22,1,1347.03,1454.79
LAX,DEL,2026-11-17,,EK,ECONOMY,1,2,0,1,ONE_WAY,GBP,201,0,3,1461.54,1856.16
MEL,SIN,2026-12-11,2027-01-07,GA,ECONOMY,1,0,0,0,ROUND_TRIP,USD,400,16,22,900.49,900.49
SFO,BKK,2027-08-06,2027-08-25,PR,ECONOMY,1,0,0,1,ROUND_TRIP,EUR,480,6,14,2579.2,2785.54
DXB,LAX,2026-10-28,,6E,FIRST,3,0,0,0,ONE_WAY,INR,579,6,15,7679.37,92.15
KWI,ZRH,2027-02-21,,GF,ECONOMY,1,0,0,1,ONE_WAY,USD,606,0,10,501.71,501.71
SYD,MIA,2027-01-23,,MH,ECONOMY,1,0,1,0,ONE_WAY,USD,580,4,13,1638.4,1638.4
ZRH,MAD,2026-12-05,,TG,PREMIUM_ECONOMY,1,0,0,1,ONE_WAY,USD,303,19,0,1769.34,1769.34
JFK,NRT,2027-03-24,2027-03-29,AI,PREMIUM_ECONOMY,2,0,0,0,ROUND_TRIP,AED,144,10,12,2779.57,756.04
KWI,BKK,2027-07-29,,IX,ECONOMY,1,2,0,0,ONE_WAY,INR,651,16,2,1327.58,15.93
LAX,AMD,2027-04-19,2027-05-12,SQ,BUSINESS,1,0,0,1,ROUND_TRIP,USD,417,21,3,9912.75,9912.75
SIN,BLR,2027-08-13,2027-08-26,GF,ECONOMY,3,2,0,1,ROUND_TRIP,USD,354,17,22,2370.06,2370.06
SIN,SYD,2027-06-24,2027-07-20,PR,ECONOMY,1,2,0,0,ROUND_TRIP,USD,189,14,17,5340.61,5340.61
BLR,CGK,2027-07-25,2027-08-06,GF,ECONOMY,1,0,0,1,ROUND_TRIP,EUR,690,0,11,878.17,948.42
SFO,BOM,2026-09-26,2026-10-16,IB,ECONOMY,1,0,0,0,ROUND_TRIP,EUR,228,3,6,1603.26,1731.52
AUH,HKG,2027-05-09,,KL,BUSINESS,2,2,1,2,ONE_WAY,EUR,385,18,0,7305.35,7889.78
HYD,DOH,2027-01-15,2027-01-31,WN,FIRST,1,2,0,2,ROUND_TRIP,AED,637,12,22,6169.7,1678.16
KWI,AMS,2027-01-16,2027-02-07,GA,PREMIUM_ECONOMY,1,0,0,0,ROUND_TRIP,INR,649,16,2,2468.09,29.62
BLR,DFW,2027-06-19,2027-07-04,DL,ECONOMY,2,1,0,1,ROUND_TRIP,EUR,556,5,14,2709.57,2926.34
MAD,AMS,2027-01-23,,AI,ECONOMY,1,0,0,2,ONE_WAY,EUR,744,3,15,629.96,680.36
LHR,MAA,2027-05-26,2027-05-29,WN,ECONOMY,2,0,0,0,ROUND_TRIP,INR,529,10,18,2955.59,35.47
ZRH,ORD,2027-07-18,2027-08-17,IB,ECONOMY,2,0,0,1,ROUND_TRIP,EUR,582,18,3,3089.06,3336.18
LAX,CCU,2027-06-09,,EY,PREMIUM_ECONOMY,2,0,0,0,ONE_WAY,USD,428,5,12,3943.85,3943.85
LAX,DPS,2027-05-16,2027-05-23,KL,ECONOMY,1,1,1,0,ROUND_TRIP,INR,371,12,18,3147.07,37.76
MIA,MCT,2027-03-11,2027-03-25,EY,FIRST,1,1,0,1,ROUND_TRIP,USD,218,6,9,4886.24,4886.24
AMS,JFK,2027-03-02,,PR,ECONOMY,4,1,0,1,ONE_WAY,AED,751,7,19,2929.9,796.93
MAD,KUL,2026-10-03,,EK,BUSINESS,2,0,0,0,ONE_WAY,USD,96,12,13,2055.67,2055.67
SFO,SIN,2027-03-11,,KL,ECONOMY,2,0,0,1,ONE_WAY,USD,512,0,8,1209.06,1209.06
CGK,CCU,2027-04-05,2027-04-19,LH,ECONOMY,1,0,0,2,ROUND_TRIP,INR,722,23,11,2432.94,29.2
CDG,KWI,2026-12-17,2027-01-10,LX,BUSINESS,1,1,0,1,ROUND_TRIP,USD,374,19,1,7382.03,7382.03
KUL,NRT,2026-08-17,2026-09-12,SQ,ECONOMY,4,0,0,2,ROUND_TRIP,USD,370,1,7,8275.95,8275.95
SFO,ICN,2027-07-11,,LX,BUSINESS,1,1,0,1,ONE_WAY,EUR,388,17,23,4956.65,5353.18
BLR,FCO,2026-10-16,2026-10-22,AF,BUSINESS,1,2,0,1,ROUND_TRIP,USD,389,4,10,14340.51,14340.51
FRA,PNQ,2027-07-08,,GA,ECONOMY,3,1,0,0,ONE_WAY,USD,558,22,7,1444.11,1444.11
CDG,AMS,2026-10-28,,BA,ECONOMY,2,0,0,1,ONE_WAY,INR,686,16,3,1510.2,18.12
BOM,CDG,2027-07-24,2027-08-05,LH,ECONOMY,2,0,0,1,ROUND_TRIP,USD,573,4,13,1210.08,1210.08
MAD,MIA,2027-05-05,,WY,PREMIUM_ECONOMY,1,0,0,1,ONE_WAY,USD,694,12,23,1121.86,1121.86
DOH,ORD,2027-05-09,2027-05-27,SQ,ECONOMY,1,1,0,0,ROUND_TRIP,USD,352,5,10,3495.37,3495.37
MAA,LAX,2027-04-06,,QR,ECONOMY,2,1,0,0,ONE_WAY,USD,98,18,19,3860.93,3860.93
DEL,ICN,2027-05-14,,QR,PREMIUM_ECONOMY,2,2,0,0,ONE_WAY,USD,509,23,7,11907.41,11907.41
BLR,KUL,2027-04-04,,DL,ECONOMY,1,2,0,0,ONE_WAY,INR,304,5,10,2266.43,27.2
AMS,MEL,2026-12-08,,WY,ECONOMY,1,2,0,0,ONE_WAY,INR,409,7,13,2951.65,35.42
AMD,SYD,2026-12-02,2026-12-24,6E,ECONOMY,1,0,0,1,ROUND_TRIP,USD,547,15,0,1936.63,1936.63
MEL,DEL,2027-04-04,2027-04-07,DL,ECONOMY,1,0,0,1,ROUND_TRIP,INR,180,8,11,409.67,4.92
KWI,LAX,2027-04-28,,AA,ECONOMY,1,0,0,1,ONE_WAY,GBP,407,9,15,563.48,715.62
BKK,PNQ,2027-03-23,,PR,BUSINESS,4,0,0,0,ONE_WAY,USD,329,21,2,7752.32,7752.32
JFK,SYD,2027-07-30,,EK,ECONOMY,1,0,0,1,ONE_WAY,USD,539,9,17,2205.99,2205.99
MCT,DPS,2027-05-05,,TG,ECONOMY,2,1,0,0,ONE_WAY,INR,473,15,22,2038.38,24.46
AMS,LHR,2027-04-01,2027-04-13,WY,ECONOMY,1,0,0,1,ROUND_TRIP,USD,702,13,0,2073.42,2073.42
MIA,SIN,2026-08-23,,AI,BUSINESS,1,1,1,1,ONE_WAY,SGD,165,22,0,4241.08,3138.4
MAD,DFW,2027-01-01,2027-01-07,AI,ECONOMY,2,0,0,1,ROUND_TRIP,USD,540,2,11,995.04,995.04
DOH,JFK,2027-08-10,2027-08-28,GA,ECONOMY,4,0,0,1,ROUND_TRIP,EUR,338,7,12,10572.24,11418.02
BLR,PNQ,2027-01-27,,6E,PREMIUM_ECONOMY,4,0,0,1,ONE_WAY,USD,654,23,9,1845.07,1845.07
AUH,DOH,2027-05-12,,DL,ECONOMY,1,0,0,0,ONE_WAY,USD,392,9,15,1462.91,1462.91
MAA,JFK,2027-07-26,,LH,BUSINESS,1,0,0,0,ONE_WAY,AED,218,22,1,3737.77,1016.67
FRA,BOM,2027-05-03,,IX,ECONOMY,1,0,0,2,ONE_WAY,USD,295,11,15,314.98,314.98
HKG,ZRH,2027-05-13,2027-05-21,UA,ECONOMY,2,0,1,1,ROUND_TRIP,GBP,287,16,20,4697.77,5966.17
CCU,DPS,2026-10-30,2026-11-22,IB,PREMIUM_ECONOMY,2,0,0,1,ROUND_TRIP,INR,257,10,14,4363.6,52.36
KUL,ICN,2026-08-23,2026-08-26,PR,PREMIUM_ECONOMY,1,0,0,1,ROUND_TRIP,EUR,406,7,13,3844.11,4151.64
SIN,AUH,2027-02-11,2027-03-08,WY,BUSINESS,2,0,0,1,ROUND_TRIP,INR,278,18,22,13455.71,161.47
FCO,KWI,2027-01-22,2027-02-01,UK,ECONOMY,2,0,1,0,ROUND_TRIP,INR,278,21,1,3017.41,36.21
BAH,ZRH,2027-03-27,,EK,ECONOMY,1,0,0,2,ONE_WAY,SGD,629,3,13,753.2,557.37
MCT,MIA,2027-06-06,,6E,ECONOMY,1,1,0,0,ONE_WAY,USD,212,23,2,1511.29,1511.29
PNQ,KWI,2026-09-29,2026-10-27,PR,ECONOMY,1,2,0,0,ROUND_TRIP,INR,188,16,19,2298.21,27.58
KUL,BOM,2027-07-13,,AI,ECONOMY,1,0,0,0,ONE_WAY,SGD,547,9,18,1019.36,754.33
CCU,MIA,2026-08-18,2026-08-25,LX,ECONOMY,3,0,0,0,ROUND_TRIP,INR,327,16,21,10655.39,127.86
HYD,MAA,2027-05-06,2027-05-13,WN,BUSINESS,1,0,0,0,ROUND_TRIP,GBP,68,23,0,2313.85,2938.59
KWI,DFW,2026-08-28,,UK,BUSINESS,1,0,0,1,ONE_WAY,USD,659,0,10,3332.08,3332.08
AUH,SIN,2027-03-16,2027-03-21,6E,ECONOMY,1,0,0,0,ROUND_TRIP,INR,310,3,8,1624.24,19.49
KUL,SFO,2027-01-26,2027-02-19,UA,ECONOMY,1,0,0,0,ROUND_TRIP,INR,135,17,19,665.83,7.99
AMD,MNL,2026-09-25,2026-10-21,LX,PREMIUM_ECONOMY,1,0,1,0,ROUND_TRIP,USD,340,3,8,1011.77,1011.77
MIA,MAD,2027-05-07,,WN,ECONOMY,2,0,1,1,ONE_WAY,USD,733,16,4,2302.78,2302.78
DXB,JFK,2026-11-23,,KL,ECONOMY,3,1,0,1,ONE_WAY,INR,297,5,9,2910.49,34.93
AUH,HYD,2027-06-05,,QR,ECONOMY,1,0,0,1,ONE_WAY,EUR,746,12,0,782.04,844.6
FRA,SYD,2027-04-20,,IB,ECONOMY,4,0,0,0,ONE_WAY,INR,430,17,0,5663.28,67.96
AMD,LAX,2027-04-05,,PR,ECONOMY,2,2,0,0,ONE_WAY,USD,580,3,12,1352.84,1352.84
LAX,FCO,2027-05-02,2027-05-11,IB,ECONOMY,3,0,0,2,ROUND_TRIP,USD,685,4,15,5141.1,5141.1
LHR,BOM,2027-02-15,,EY,PREMIUM_ECONOMY,1,1,0,1,ONE_WAY,GBP,490,17,1,2575.43,3270.8
DOH,DFW,2027-06-22,,EK,ECONOMY,2,1,0,0,ONE_WAY,GBP,514,13,21,1667.17,2117.31
BAH,MAD,2026-10-22,2026-11-17,6E,FIRST,3,2,0,1,ROUND_TRIP,USD,700,9,20,53113.21,53113.21
FCO,MCT,2026-12-16,2026-12-31,GA,PREMIUM_ECONOMY,1,0,0,1,ROUND_TRIP,USD,228,5,8,3726.79,3726.79
SFO,MIA,2027-06-09,2027-07-03,DL,ECONOMY,4,0,0,0,ROUND_TRIP,USD,133,4,6,4010.95,4010.95
ZRH,DEL,2026-10-16,,SQ,ECONOMY,2,0,0,0,ONE_WAY,USD,345,17,22,2981.49,2981.49
KUL,AUH,2026-12-22,2026-12-28,SG,BUSINESS,3,2,0,1,ROUND_TRIP,INR,374,20,2,23084.25,277.01
MNL,MAD,2027-04-24,,QR,ECONOMY,4,1,0,1,ONE_WAY,INR,361,22,4,4207.56,50.49
SFO,BLR,2027-07-21,2027-08-19,SQ,ECONOMY,2,2,0,0,ROUND_TRIP,INR,475,8,15,9688.1,116.26
MNL,CDG,2027-05-30,2027-06-14,DL,ECONOMY,1,1,0,1,ROUND_TRIP,GBP,253,19,23,4341.42,5513.6
DFW,HYD,2027-06-07,2027-07-01,WN,ECONOMY,1,0,1,0,ROUND_TRIP,GBP,105,22,23,1406.57,1786.34
HYD,ORD,2027-03-23,2027-04-16,SQ,BUSINESS,2,2,0,1,ROUND_TRIP,EUR,400,0,6,17017.08,18378.45
MEL,KWI,2027-02-13,,AI,PREMIUM_ECONOMY,1,0,0,2,ONE_WAY,USD,287,21,1,1077.65,1077.65
AMS,KUL,2027-07-11,2027-07-24,6E,ECONOMY,2,0,0,2,ROUND_TRIP,GBP,421,23,6,4506.9,5723.76
LAX,KWI,2026-10-04,,LX,BUSINESS,2,1,0,1,ONE_WAY,GBP,187,23,2,6768.55,8596.06
MNL,KWI,2026-11-08,,PR,ECONOMY,1,1,0,1,ONE_WAY,INR,245,10,14,1826.99,21.92
PNQ,MCT,2026-09-21,,DL,ECONOMY,1,0,0,1,ONE_WAY,GBP,253,6,10,1096.49,1392.54
MIA,FRA,2027-01-11,,IX,PREMIUM_ECONOMY,4,0,1,1,ONE_WAY,USD,388,19,1,2717.65,2717.65
CCU,JFK,2026-12-04,,QR,ECONOMY,2,0,0,1,ONE_WAY,EUR,586,7,16,2495.52,2695.16
MCT,AUH,2026-11-20,2026-12-06,AI,ECONOMY,1,0,0,2,ROUND_TRIP,AED,691,5,16,1334.63,363.02
NRT,MIA,2027-03-22,2027-04-05,SQ,ECONOMY,1,1,0,1,ROUND_TRIP,USD,318,11,16,4058.93,4058.93
ICN,LAX,2027-04-30,,SG,FIRST,4,0,0,0,ONE_WAY,AED,122,22,0,15493.62,4214.26
ICN,ZRH,2027-04-09,2027-04-20,UK,BUSINESS,2,0,0,2,ROUND_TRIP,INR,528,18,2,5065.24,60.78
MNL,SIN,2026-10-28,,SG,FIRST,2,0,0,2,ONE_WAY,EUR,268,2,6,3107.63,3356.24
LAX,MAA,2026-10-21,,GA,ECONOMY,1,0,0,1,ONE_WAY,AED,598,12,21,482.01,131.11
FCO,LAX,2026-08-17,2026-09-08,QR,ECONOMY,1,0,0,0,ROUND_TRIP,SGD,642,1,11,5286.69,3912.15
LAX,PNQ,2026-11-13,2026-12-12,PR,FIRST,2,1,0,1,ROUND_TRIP,EUR,373,5,11,30412.08,32845.05
PNQ,LAX,2027-02-05,,SG,ECONOMY,2,1,0,1,ONE_WAY,INR,599,5,14,560.14,6.72
FCO,ORD,2027-07-04,2027-07-09,EK,PREMIUM_ECONOMY,1,0,0,2,ROUND_TRIP,EUR,821,10,23,6414.31,6927.45
BOM,MAA,2026-08-28,,UA,ECONOMY,4,0,0,0,ONE_WAY,USD,659,18,4,8356.11,8356.11
ORD,MAA,2027-06-17,2027-07-01,EK,ECONOMY,1,0,0,2,ROUND_TRIP,USD,240,18,22,649.94,649.94
KWI,NRT,2027-01-20,,IX,BUSINESS,4,1,0,0,ONE_WAY,GBP,577,9,18,10670.4,13551.41
LAX,KWI,2027-07-17,2027-08-06,DL,ECONOMY,2,2,1,2,ROUND_TRIP,EUR,342,12,17,6874.25,7424.19
SYD,MAA,2027-04-16,,BA,ECONOMY,1,1,0,0,ONE_WAY,SGD,454,21,4,1028.2,760.87
DPS,AMD,2027-07-09,2027-07-18,AA,ECONOMY,2,1,0,1,ROUND_TRIP,AED,206,9,12,1892.7,514.81
MAD,BKK,2027-01-08,,AF,ECONOMY,1,0,0,0,ONE_WAY,USD,386,21,3,795.38,795.38
BLR,ICN,2026-09-07,,6E,ECONOMY,2,0,0,0,ONE_WAY,AED,618,17,3,1656.4,450.54
BAH,ORD,2027-08-06,2027-08-10,UA,ECONOMY,2,0,0,0,ROUND_TRIP,AED,165,6,8,4879.72,1327.28
KUL,KWI,2026-11-27,,QR,PREMIUM_ECONOMY,1,0,0,2,ONE_WAY,USD,718,22,9,1695.85,1695.85
CDG,LAX,2027-07-22,2027-08-02,EK,FIRST,3,0,0,0,ROUND_TRIP,USD,592,13,22,33061.73,33061.73
MEL,FCO,2026-11-19,2026-12-18,EY,BUSINESS,1,0,0,0,ROUND_TRIP,AED,554,15,0,6020.11,1637.47
MIA,HYD,2026-09-17,,MH,BUSINESS,1,0,0,1,ONE_WAY,GBP,348,5,10,2510.89,3188.83
ZRH,DOH,2026-10-08,2026-11-04,GA,ECONOMY,1,0,0,1,ROUND_TRIP,SGD,454,3,10,2237.4,1655.68
CCU,MEL,2026-09-25,,LX,ECONOMY,1,0,0,0,ONE_WAY,USD,333,22,3,1011.96,1011.96
MAA,FRA,2026-11-18,,KL,PREMIUM_ECONOMY,2,0,1,1,ONE_WAY,USD,229,6,9,1495.58,1495.58
AUH,LAX,2026-09-15,,WY,BUSINESS,2,0,0,0,ONE_WAY,USD,624,7,17,10479.82,10479.82
BAH,LAX,2027-05-21,,TG,PREMIUM_ECONOMY,3,0,0,0,ONE_WAY,EUR,582,10,19,6325.56,6831.6
NRT,SYD,2027-02-25,,AI,PREMIUM_ECONOMY,1,0,0,0,ONE_WAY,SGD,188,0,3,1205.07,891.75
BLR,MIA,2027-04-14,2027-05-05,PR,ECONOMY,1,0,0,1,ROUND_TRIP,INR,600,20,6,1418.92,17.03
BKK,CDG,2027-02-14,,TG,ECONOMY,2,0,0,1,ONE_WAY,AUD,352,7,12,2208.2,1435.33
MAD,KWI,2027-08-12,2027-09-01,AF,FIRST,1,1,0,1,ROUND_TRIP,USD,251,7,11,26239.31,26239.31
MCT,SFO,2026-10-21,,KL,BUSINESS,4,0,0,1,ONE_WAY,EUR,373,23,5,8678.55,9372.83
MCT,FRA,2027-03-11,2027-03-25,EY,PREMIUM_ECONOMY,2,1,0,1,ROUND_TRIP,SGD,583,20,5,6163.35,4560.88
AMD,SYD,2026-11-02,2026-11-26,SQ,ECONOMY,3,0,0,0,ROUND_TRIP,SGD,468,12,19,8550.46,6327.34
NRT,SIN,2026-11-01,,EK,BUSINESS,2,0,1,1,ONE_WAY,USD,577,20,5,5591.06,5591.06
AUH,SIN,2027-07-01,2027-07-05,BA,ECONOMY,4,0,1,1,ROUND_TRIP,USD,376,21,3,11227.93,11227.93
MAA,AMD,2026-10-30,2026-11-08,AI,ECONOMY,3,0,1,0,ROUND_TRIP,USD,250,9,13,6336.69,6336.69
ZRH,KUL,2026-10-13,,LX,ECONOMY,3,0,0,0,ONE_WAY,USD,334,17,22,2219.38,2219.38
SFO,DOH,2026-10-28,,UA,ECONOMY,2,2,1,1,ONE_WAY,AUD,366,14,20,932.37,606.04
DFW,MNL,2027-03-31,2027-04-03,AF,ECONOMY,4,0,0,1,ROUND_TRIP,EUR,563,15,0,5317.01,5742.37
MEL,LAX,2027-07-22,2027-07-31,BA,FIRST,1,0,0,0,ROUND_TRIP,USD,626,20,6,6850.22,6850.22
CCU,ORD,2027-05-03,,WN,FIRST,2,2,0,0,ONE_WAY,GBP,121,8,10,13590.23,17259.59
BOM,HKG,2027-07-16,,BA,BUSINESS,1,0,0,0,ONE_WAY,USD,84,14,15,1157.2,1157.2
DXB,DEL,2027-02-22,,GA,ECONOMY,1,0,0,0,ONE_WAY,USD,105,10,11,1038.31,1038.31
HKG,SIN,2027-04-01,,KL,PREMIUM_ECONOMY,1,0,0,0,ONE_WAY,USD,339,21,2,1798.69,1798.69
HKG,PNQ,2026-09-27,2026-10-27,AI,BUSINESS,1,0,0,1,ROUND_TRIP,USD,672,2,13,2091.99,2091.99
DEL,LAX,2027-06-23,2027-06-29,WN,ECONOMY,4,0,0,1,ROUND_TRIP,SGD,644,1,11,4230.64,3130.67
CCU,BAH,2027-06-30,,SG,PREMIUM_ECONOMY,2,0,0,0,ONE_WAY,EUR,232,16,19,1975.9,2133.97
CGK,BAH,2026-11-16,2026-12-05,MH,FIRST,1,0,0,0,ROUND_TRIP,USD,530,0,8,11486.07,11486.07
AUH,SYD,2026-11-05,2026-11-20,DL,FIRST,1,0,0,2,ROUND_TRIP,INR,831,20,9,15989.72,191.88
DPS,MAD,2027-07-29,2027-08-09,WN,ECONOMY,1,0,0,0,ROUND_TRIP,USD,378,9,15,1064.09,1064.09
MNL,LAX,2027-07-25,2027-07-30,GA,ECONOMY,2,1,0,2,ROUND_TRIP,EUR,505,10,18,1582.42,1709.01
ORD,MAA,2027-01-21,2027-02-10,DL,ECONOMY,2,0,0,1,ROUND_TRIP,EUR,170,23,1,973.4,1051.27
LAX,SIN,2026-10-31,,IB,BUSINESS,4,0,0,1,ONE_WAY,INR,247,4,8,13904.45,166.85
DFW,SIN,2027-07-18,2027-07-26,AI,BUSINESS,3,0,0,1,ROUND_TRIP,USD,347,4,9,28487.64,28487.64
BOM,SFO,2026-12-08,,LX,ECONOMY,1,0,1,1,ONE_WAY,USD,594,6,15,1076.75,1076.75
MNL,SIN,2027-04-15,,KL,BUSINESS,1,2,0,0,ONE_WAY,SGD,62,19,20,3627.82,2684.59
MNL,MCT,2027-06-16,2027-06-23,KL,ECONOMY,1,0,0,1,ROUND_TRIP,GBP,237,16,19,1123.43,1426.76
JFK,DFW,2027-01-28,,MH,BUSINESS,1,0,0,0,ONE_WAY,AUD,373,22,4,4096.19,2662.52
CGK,AMS,2026-12-09,2027-01-03,UA,ECONOMY,3,2,0,1,ROUND_TRIP,GBP,734,18,6,5095.85,6471.73
CDG,FRA,2027-05-11,2027-05-29,LX,ECONOMY,3,0,0,0,ROUND_TRIP,USD,380,14,20,5778.17,5778.17
AMS,MAA,2026-12-06,,IB,ECONOMY,2,0,0,1,ONE_WAY,INR,599,20,5,1870.84,22.45
ZRH,ORD,2027-07-10,,WN,ECONOMY,1,2,0,1,ONE_WAY,USD,636,6,16,1771.59,1771.59
BLR,MCT,2026-10-26,,AA,BUSINESS,1,1,0,0,ONE_WAY,INR,165,9,11,5470.39,65.64
BOM,SIN,2027-01-21,2027-01-27,SG,ECONOMY,1,0,0,1,ROUND_TRIP,AUD,295,8,12,1357.52,882.39
KUL,MAD,2027-02-22,,EK,ECONOMY,1,0,0,0,ONE_WAY,USD,406,17,23,1812.32,1812.32
SIN,ZRH,2027-05-02,2027-05-06,AF,ECONOMY,2,0,0,0,ROUND_TRIP,INR,317,23,4,4341.63,52.1
MAA,AUH,2027-02-05,,IX,ECONOMY,1,0,0,0,ONE_WAY,INR,453,2,9,636.34,7.64
MIA,SYD,2026-10-12,2026-11-08,6E,ECONOMY,1,1,0,1,ROUND_TRIP,USD,295,8,12,2234.26,2234.26
SYD,BOM,2026-10-23,2026-11-11,6E,PREMIUM_ECONOMY,1,1,1,2,ROUND_TRIP,EUR,779,10,22,3764.63,4065.8
DFW,SFO,2026-09-01,,AI,ECONOMY,2,0,0,0,ONE_WAY,USD,458,6,13,1523.25,1523.25
CCU,DFW,2027-05-25,,AA,BUSINESS,2,2,0,0,ONE_WAY,USD,614,11,21,6142.85,6142.85
DFW,DOH,2027-03-30,,EY,BUSINESS,3,0,0,1,ONE_WAY,USD,245,19,23,2579.96,2579.96
MCT,KWI,2027-08-02,2027-08-26,UK,ECONOMY,3,0,0,1,ROUND_TRIP,INR,407,6,12,1197.91,14.37
DPS,FCO,2026-08-20,2026-08-29,LH,ECONOMY,3,1,0,0,ROUND_TRIP,USD,326,5,10,4232.11,4232.11
DFW,ZRH,2026-12-19,2026-12-24,IB,FIRST,1,0,0,2,ROUND_TRIP,USD,447,19,2,7053.48,7053.48
DEL,HYD,2026-10-02,,WN,ECONOMY,1,0,0,2,ONE_WAY,USD,294,1,5,468.61,468.61
SIN,ORD,2026-11-26,2026-12-02,SG,ECONOMY,1,0,0,1,ROUND_TRIP,USD,342,20,1,1454.91,1454.91
BOM,MNL,2027-08-08,,EK,ECONOMY,3,0,0,0,ONE_WAY,USD,336,18,23,1679.41,1679.41
MCT,MAA,2026-09-05,,AF,PREMIUM_ECONOMY,3,0,1,1,ONE_WAY,EUR,300,21,2,5286.56,5709.48
AMS,FCO,2026-08-14,2026-09-06,GA,ECONOMY,1,1,0,1,ROUND_TRIP,USD,313,1,6,6029.35,6029.35
SYD,MNL,2027-02-21,2027-03-17,QR,PREMIUM_ECONOMY,1,0,0,1,ROUND_TRIP,USD,615,11,21,1811.21,1811.21
SYD,ICN,2026-10-28,2026-11-26,IX,ECONOMY,2,0,1,1,ROUND_TRIP,EUR,284,21,1,2298.29,2482.15
SFO,ORD,2027-07-28,,KL,ECONOMY,4,0,0,1,ONE_WAY,USD,418,5,11,1143.02,1143.02
HYD,LAX,2027-06-03,2027-06-10,AA,BUSINESS,1,0,0,2,ROUND_TRIP,USD,870,6,20,8678.38,8678.38
SFO,PNQ,2027-07-30,,AA,ECONOMY,1,0,1,1,ONE_WAY,EUR,397,22,4,337.5,364.5
JFK,HKG,2027-02-09,2027-03-07,UK,ECONOMY,4,0,0,0,ROUND_TRIP,USD,404,13,19,2203.89,2203.89
KUL,AUH,2026-09-19,,MH,BUSINESS,2,0,0,0,ONE_WAY,USD,285,22,2,5685.59,5685.59
FCO,CDG,2026-10-14,2026-10-23,PR,ECONOMY,1,1,0,0,ROUND_TRIP,EUR,503,5,13,890.56,961.8
FRA,KUL,2027-03-21,,UK,ECONOMY,2,0,0,0,ONE_WAY,EUR,418,19,1,2063.41,2228.48
CGK,HYD,2027-05-16,,TG,ECONOMY,1,1,0,0,ONE_WAY,USD,99,3,4,441.59,441.59
LAX,HKG,2027-07-03,2027-07-09,AI,ECONOMY,1,0,0,0,ROUND_TRIP,INR,73,14,15,421.25,5.05
JFK,CDG,2026-08-19,,WN,FIRST,2,1,0,1,ONE_WAY,USD,431,21,4,16252.26,16252.26
BOM,NRT,2026-12-21,,IB,ECONOMY,2,1,0,1,ONE_WAY,USD,650,18,4,4568.71,4568.71
NRT,MNL,2026-09-22,,EK,BUSINESS,1,0,0,0,ONE_WAY,USD,361,6,12,2389.85,2389.85
KWI,MIA,2026-10-12,,6E,ECONOMY,2,0,0,1,ONE_WAY,AED,656,3,13,1528.45,415.74
DXB,AUH,2027-08-04,2027-08-18,GA,FIRST,1,1,0,1,ROUND_TRIP,USD,397,20,2,6466.99,6466.99
AMS,BKK,2026-12-16,,UA,PREMIUM_ECONOMY,3,0,0,1,ONE_WAY,USD,319,4,9,6316.11,6316.11
BOM,KWI,2027-07-16,2027-07-24,SG,ECONOMY,4,0,0,0,ROUND_TRIP,EUR,429,18,1,7639.03,8250.15
BAH,AUH,2027-06-09,2027-06-28,GF,ECONOMY,1,1,0,1,ROUND_TRIP,USD,565,0,9,2670.28,2670.28
DXB,JFK,2027-07-04,2027-07-27,QR,BUSINESS,1,0,0,0,ROUND_TRIP,USD,237,17,20,8050.45,8050.45
DXB,NRT,2027-06-30,,IX,BUSINESS,4,0,0,1,ONE_WAY,EUR,257,11,15,5508.61,5949.3
LHR,AMS,2027-03-02,,KL,ECONOMY,2,0,0,2,ONE_WAY,AED,741,14,2,641.76,174.56
DXB,MNL,2027-04-25,,WN,BUSINESS,3,0,0,1,ONE_WAY,EUR,500,2,10,6523.1,7044.95
BOM,SIN,2027-07-12,2027-08-09,SG,ECONOMY,2,0,0,0,ROUND_TRIP,INR,206,10,13,3517.37,42.21
FCO,MNL,2027-06-03,2027-06-10,AA,ECONOMY,2,0,0,1,ROUND_TRIP,INR,253,15,19,1312.39,15.75
CCU,HKG,2026-12-08,2026-12-21,BA,ECONOMY,2,2,0,1,ROUND_TRIP,USD,597,10,19,7495.26,7495.26
FCO,BAH,2026-10-24,,BA,ECONOMY,1,0,0,2,ONE_WAY,USD,280,22,2,287.23,287.23
BAH,DFW,2027-07-06,,MH,ECONOMY,2,0,0,2,ONE_WAY,INR,596,7,16,2253.09,27.04
JFK,KWI,2026-12-22,,SQ,BUSINESS,2,2,0,0,ONE_WAY,USD,431,19,2,16436.37,16436.37
FRA,PNQ,2027-05-22,2027-06-12,AF,BUSINESS,1,2,1,1,ROUND_TRIP,USD,650,8,18,6624.1,6624.1
BLR,BKK,2026-09-10,2026-09-14,SQ,FIRST,1,0,0,0,ROUND_TRIP,EUR,490,2,10,17579.36,18985.71
AMD,MEL,2026-08-19,2026-08-25,UA,ECONOMY,2,0,0,1,ROUND_TRIP,AED,250,10,14,3676.68,1000.06
CDG,LHR,2027-01-23,2027-02-19,QR,PREMIUM_ECONOMY,2,1,0,1,ROUND_TRIP,USD,203,7,10,2825.12,2825.12
DFW,MCT,2026-10-01,2026-10-11,UA,PREMIUM_ECONOMY,2,2,0,1,ROUND_TRIP,USD,192,13,16,11345.49,11345.49
KWI,CDG,2026-10-04,,WY,ECONOMY,2,0,0,0,ONE_WAY,USD,268,2,6,1830.03,1830.03
BKK,KUL,2027-04-22,,IX,PREMIUM_ECONOMY,1,0,0,2,ONE_WAY,GBP,401,13,19,449.43,570.78
BOM,HKG,2027-02-23,2027-03-03,AA,PREMIUM_ECONOMY,1,1,0,1,ROUND_TRIP,GBP,157,12,14,1114.59,1415.53
MCT,JFK,2027-05-29,,LH,ECONOMY,1,0,0,0,ONE_WAY,USD,203,7,10,701.72,701.72
BOM,MIA,2026-12-09,,DL,ECONOMY,2,2,0,0,ONE_WAY,EUR,575,8,17,1861.25,2010.15
FRA,MNL,2027-02-16,2027-02-20,EK,ECONOMY,2,1,0,2,ROUND_TRIP,GBP,669,7,18,3156.09,4008.23
SYD,BLR,2026-12-09,2026-12-25,WY,ECONOMY,1,1,0,2,ROUND_TRIP,EUR,410,9,15,4107.61,4436.22
NRT,MAA,2027-01-08,2027-01-28,QR,BUSINESS,2,1,0,1,ROUND_TRIP,EUR,342,15,20,26147.74,28239.56
BOM,MCT,2027-02-18,,WN,PREMIUM_ECONOMY,3,0,0,1,ONE_WAY,USD,712,23,10,4459.79,4459.79
AUH,SYD,2026-09-12,,EK,ECONOMY,2,0,0,1,ONE_WAY,AED,673,12,23,3996.73,1087.11
DXB,FRA,2027-07-07,2027-07-29,WN,BUSINESS,1,0,0,0,ROUND_TRIP,USD,591,1,10,8871.86,8871.86
DFW,DXB,2027-04-09,,AI,ECONOMY,2,0,0,2,ONE_WAY,EUR,365,20,2,453.01,489.25
MEL,MIA,2027-02-18,2027-03-19,PR,ECONOMY,3,0,0,0,ROUND_TRIP,USD,407,9,15,3231.34,3231.34
SFO,DFW,2027-04-01,,AF,ECONOMY,2,0,0,1,ONE_WAY,EUR,493,18,2,1382.79,1493.41
FCO,SFO,2026-11-26,2026-12-13,QR,ECONOMY,1,0,0,0,ROUND_TRIP,AED,261,4,8,2472.13,672.42
BLR,FRA,2027-03-23,2027-03-28,IX,BUSINESS,1,0,0,1,ROUND_TRIP,USD,600,19,5,4502.75,4502.75
CGK,HYD,2027-05-28,,LX,ECONOMY,2,0,0,1,ONE_WAY,USD,162,8,10,537.02,537.02
BOM,NRT,2027-02-18,,EY,PREMIUM_ECONOMY,1,0,0,0,ONE_WAY,EUR,583,1,10,2065.89,2231.16
BKK,HKG,2027-02-23,,KL,BUSINESS,2,0,0,2,ONE_WAY,INR,676,10,21,5397.27,64.77
BKK,AMS,2026-10-21,2026-10-30,IX,ECONOMY,1,0,0,0,ROUND_TRIP,USD,522,13,21,1872.46,1872.46
AUH,BKK,2026-09-16,2026-09-26,UA,ECONOMY,4,0,0,1,ROUND_TRIP,USD,300,14,19,2988.84,2988.84
DOH,HKG,2026-12-24,,UK,ECONOMY,2,2,0,2,ONE_WAY,AED,465,18,1,677.0,184.14
JFK,ZRH,2026-12-07,2027-01-05,AA,ECONOMY,2,0,0,2,ROUND_TRIP,INR,678,0,11,4766.24,57.19
CGK,AMS,2026-12-23,,BA,BUSINESS,4,0,0,1,ONE_WAY,AUD,747,3,15,10089.84,6558.4
LHR,FRA,2027-01-14,2027-01-19,IB,BUSINESS,2,0,0,1,ROUND_TRIP,GBP,625,7,17,7631.0,9691.37
CGK,MAA,2027-02-19,2027-02-25,PR,ECONOMY,3,0,0,0,ROUND_TRIP,EUR,241,9,13,1537.79,1660.81
MIA,MCT,2026-09-25,,AF,ECONOMY,3,0,0,1,ONE_WAY,USD,197,3,6,922.28,922.28
CCU,DEL,2026-08-15,,IX,ECONOMY,4,1,0,2,ONE_WAY,USD,269,15,19,6018.83,6018.83
ORD,LAX,2027-06-24,,TG,ECONOMY,1,0,0,2,ONE_WAY,AED,589,0,9,612.22,166.52
BAH,DOH,2026-10-23,,AF,BUSINESS,1,1,0,1,ONE_WAY,USD,587,2,11,4316.7,4316.7
HKG,AMD,2027-02-13,2027-03-04,LX,PREMIUM_ECONOMY,3,0,0,1,ROUND_TRIP,USD,485,9,17,4955.44,4955.44
MIA,SIN,2026-09-13,2026-10-04,QR,BUSINESS,1,0,0,0,ROUND_TRIP,GBP,93,3,4,3649.14,4634.41
AUH,MAA,2027-07-23,2027-08-12,GF,BUSINESS,2,0,0,1,ROUND_TRIP,EUR,200,23,2,3641.84,3933.19
FCO,MCT,2027-03-01,,LX,PREMIUM_ECONOMY,1,0,0,1,ONE_WAY,USD,239,5,8,1235.62,1235.62
MIA,ZRH,2027-08-07,,IB,ECONOMY,1,0,1,1,ONE_WAY,SGD,134,5,7,1316.21,974.0
DOH,AMS,2027-01-03,2027-01-12,KL,ECONOMY,1,0,0,1,ROUND_TRIP,USD,525,23,7,2259.18,2259.18
ORD,JFK,2027-07-17,,WN,ECONOMY,3,0,0,0,ONE_WAY,EUR,113,23,0,3278.55,3540.83
HKG,AMS,2026-09-03,,AA,ECONOMY,4,0,0,1,ONE_WAY,EUR,253,14,18,4891.3,5282.6
KUL,HYD,2027-06-21,,GF,ECONOMY,2,0,0,2,ONE_WAY,GBP,429,18,1,1343.83,1706.66
ZRH,LHR,2026-08-16,2026-09-04,IB,ECONOMY,3,0,0,0,ROUND_TRIP,AED,355,7,12,13217.91,3595.27
CDG,SFO,2027-04-27,2027-05-27,AI,ECONOMY,1,1,0,1,ROUND_TRIP,INR,658,23,9,4936.38,59.24
FCO,BLR,2027-05-28,,LX,FIRST,1,0,0,2,ONE_WAY,GBP,539,23,7,3530.77,4484.08
DEL,BKK,2027-01-10,,SG,ECONOMY,1,2,0,0,ONE_WAY,EUR,237,21,0,873.56,943.44
SFO,DOH,2026-09-18,,KL,ECONOMY,4,0,0,1,ONE_WAY,USD,369,2,8,1102.7,1102.7
DEL,FRA,2027-05-14,2027-05-31,SG,BUSINESS,4,0,0,0,ROUND_TRIP,SGD,270,16,20,11823.05,8749.06
CGK,AMS,2027-06-27,,SG,ECONOMY,3,0,0,0,ONE_WAY,USD,635,2,12,1269.68,1269.68
NRT,SYD,2027-05-03,2027-05-30,EY,ECONOMY,1,1,0,1,ROUND_TRIP,GBP,261,12,16,2734.42,3472.71
DOH,MCT,2027-04-24,2027-05-14,WN,PREMIUM_ECONOMY,1,2,0,1,ROUND_TRIP,INR,644,14,0,5022.74,60.27
HYD,BLR,2026-08-17,2026-08-30,IB,ECONOMY,2,0,0,1,ROUND_TRIP,USD,264,14,18,8445.1,8445.1
DXB,AMD,2026-10-14,2026-11-05,WN,ECONOMY,1,0,0,1,ROUND_TRIP,EUR,512,1,9,1182.77,1277.39
FCO,SYD,2027-02-24,2027-03-03,KL,ECONOMY,1,2,0,0,ROUND_TRIP,USD,126,8,10,3601.58,3601.58
SFO,MAA,2026-09-30,,AA,ECONOMY,1,0,0,0,ONE_WAY,INR,131,4,6,1065.02,12.78
AMD,DFW,2026-12-10,,UK,ECONOMY,3,0,0,1,ONE_WAY,USD,549,1,10,2920.36,2920.36
FCO,MEL,2027-05-23,2027-06-16,PR,ECONOMY,2,0,0,0,ROUND_TRIP,INR,61,9,10,3545.99,42.55
HYD,ZRH,2027-04-15,,KL,ECONOMY,1,0,1,0,ONE_WAY,INR,491,1,9,542.25,6.51
ORD,SFO,2027-06-01,,UA,ECONOMY,3,0,0,0,ONE_WAY,SGD,150,22,0,3005.56,2224.11
CGK,MCT,2027-05-08,,GA,PREMIUM_ECONOMY,3,0,1,0,ONE_WAY,SGD,493,8,16,6072.18,4493.41
BAH,HKG,2027-06-12,,UA,ECONOMY,1,1,0,0,ONE_WAY,GBP,521,13,21,657.72,835.3
PNQ,SIN,2026-11-16,,WY,PREMIUM_ECONOMY,1,0,0,0,ONE_WAY,AUD,258,20,0,1713.27,1113.63
PNQ,FRA,2027-01-02,,IX,PREMIUM_ECONOMY,1,0,0,2,ONE_WAY,USD,798,3,16,566.21,566.21
PNQ,DEL,2027-03-12,,KL,ECONOMY,2,1,0,0,ONE_WAY,USD,176,12,14,899.07,899.07
NRT,AMS,2026-12-16,2027-01-03,IB,PREMIUM_ECONOMY,1,0,0,2,ROUND_TRIP,USD,768,15,3,3989.19,3989.19
DEL,BKK,2027-01-08,2027-01-15,IB,ECONOMY,2,0,0,0,ROUND_TRIP,INR,237,9,12,1599.29,19.19
KWI,BKK,2027-08-01,2027-08-31,PR,ECONOMY,2,0,0,1,ROUND_TRIP,EUR,764,8,20,2033.38,2196.05
DOH,MNL,2027-07-08,,QR,ECONOMY,2,0,1,1,ONE_WAY,INR,483,4,12,4193.14,50.32
AMS,DFW,2026-10-07,,AA,ECONOMY,2,0,0,0,ONE_WAY,AED,616,7,17,1396.99,379.98
SYD,DPS,2027-05-24,2027-06-09,AA,BUSINESS,1,2,0,1,ROUND_TRIP,AUD,354,18,23,17732.67,11526.24
DEL,MNL,2027-03-07,2027-03-31,EY,ECONOMY,1,0,0,0,ROUND_TRIP,INR,130,19,21,1212.57,14.55
CGK,BAH,2027-05-28,2027-05-31,QR,ECONOMY,2,0,0,1,ROUND_TRIP,USD,594,22,7,5169.21,5169.21
AMD,DPS,2027-05-21,2027-06-07,IX,ECONOMY,1,2,0,1,ROUND_TRIP,USD,464,22,5,1494.59,1494.59
ORD,AMD,2026-09-30,2026-10-13,6E,ECONOMY,4,0,0,2,ROUND_TRIP,EUR,396,7,13,5248.89,5668.8
PNQ,CCU,2027-07-16,,WY,BUSINESS,2,0,0,1,ONE_WAY,GBP,617,22,8,11077.72,14068.7
MCT,SIN,2027-04-02,,BA,ECONOMY,2,0,0,2,ONE_WAY,USD,321,17,22,595.54,595.54
DOH,BOM,2026-11-13,2026-11-22,GA,ECONOMY,1,0,0,1,ROUND_TRIP,USD,609,6,16,1066.27,1066.27
BKK,LHR,2027-07-31,,WN,ECONOMY,1,0,0,0,ONE_WAY,AED,446,13,20,942.58,256.38
MAA,KWI,2026-11-02,,LX,ECONOMY,1,1,0,0,ONE_WAY,USD,228,6,9,696.4,696.4
LHR,DOH,2027-06-09,2027-06-22,WY,PREMIUM_ECONOMY,2,2,0,2,ROUND_TRIP,AED,611,14,0,5463.82,1486.16
ICN,DPS,2026-08-24,,EY,FIRST,2,0,0,0,ONE_WAY,GBP,66,6,7,3701.17,4700.49
KUL,CCU,2027-04-16,2027-05-01,DL,ECONOMY,1,1,1,0,ROUND_TRIP,AED,363,20,2,5554.22,1510.75
DXB,BLR,2026-09-20,2026-09-30,AA,ECONOMY,1,0,0,1,ROUND_TRIP,INR,496,17,1,1783.73,21.4
CCU,AMS,2026-12-04,,WY,ECONOMY,1,1,0,1,ONE_WAY,USD,622,22,8,754.09,754.09
CCU,ICN,2027-01-02,,IX,PREMIUM_ECONOMY,2,1,0,0,ONE_WAY,INR,543,10,19,3190.0,38.28
BOM,HYD,2026-10-03,,GA,ECONOMY,3,0,0,0,ONE_WAY,INR,319,14,19,812.88,9.75
ICN,ORD,2027-04-29,2027-05-22,6E,BUSINESS,2,2,0,1,ROUND_TRIP,GBP,293,9,13,8764.91,11131.44
ICN,AUH,2027-01-08,,WN,PREMIUM_ECONOMY,2,1,0,1,ONE_WAY,USD,507,16,0,5024.32,5024.32
HYD,JFK,2027-02-23,,AF,ECONOMY,1,0,0,2,ONE_WAY,EUR,722,11,23,977.94,1056.18
NRT,AMS,2027-02-19,,AA,ECONOMY,1,1,0,2,ONE_WAY,USD,654,21,7,1782.87,1782.87
ORD,FCO,2027-03-12,,EK,BUSINESS,2,0,0,0,ONE_WAY,USD,283,19,23,3672.4,3672.4
LAX,BOM,2026-09-07,2026-09-13,PR,PREMIUM_ECONOMY,4,0,0,0,ROUND_TRIP,SGD,91,12,13,5413.76,4006.18
NRT,PNQ,2027-04-13,2027-05-01,UA,BUSINESS,2,2,0,1,ROUND_TRIP,USD,428,7,14,13017.94,13017.94
BAH,ICN,2026-11-09,,SQ,ECONOMY,1,0,0,0,ONE_WAY,USD,644,16,2,1729.33,1729.33
FCO,SIN,2026-12-01,,GF,ECONOMY,2,0,0,1,ONE_WAY,EUR,200,3,6,1284.67,1387.44
KUL,HYD,2026-09-04,2026-09-12,AF,ECONOMY,1,1,0,2,ROUND_TRIP,USD,501,12,20,2500.19,2500.19
LHR,DFW,2027-01-18,,BA,ECONOMY,3,1,0,1,ONE_WAY,USD,680,13,0,4986.04,4986.04
MEL,NRT,2027-01-02,,AA,BUSINESS,1,0,0,1,ONE_WAY,USD,512,10,18,3332.94,3332.94
DXB,CGK,2026-12-14,,WN,BUSINESS,1,0,0,2,ONE_WAY,GBP,841,6,20,4042.83,5134.39
LAX,BAH,2026-10-01,,AA,ECONOMY,1,0,0,0,ONE_WAY,INR,457,22,5,876.25,10.52
KUL,ICN,2026-11-23,2026-12-11,IB,PREMIUM_ECONOMY,2,0,0,1,ROUND_TRIP,EUR,394,6,12,4005.09,4325.5
LHR,HYD,2027-01-28,2027-02-12,KL,BUSINESS,3,0,0,1,ROUND_TRIP,SGD,332,3,8,24165.46,17882.44
HKG,SFO,2026-08-29,2026-09-19,PR,ECONOMY,1,0,0,2,ROUND_TRIP,AED,224,3,6,1842.15,501.06
DXB,ICN,2026-10-14,,AI,ECONOMY,2,0,0,2,ONE_WAY,EUR,311,23,4,361.22,390.12
SFO,DEL,2026-10-16,,WN,PREMIUM_ECONOMY,1,1,0,1,ONE_WAY,GBP,182,16,19,1730.75,2198.05
ICN,MAD,2026-11-02,,QR,ECONOMY,1,0,1,0,ONE_WAY,USD,273,6,10,1173.43,1173.43
HKG,AUH,2027-01-11,,SG,ECONOMY,1,0,0,1,ONE_WAY,USD,275,4,8,461.69,461.69
HYD,DFW,2027-05-06,2027-05-31,SQ,ECONOMY,4,0,1,1,ROUND_TRIP,USD,242,3,7,5061.43,5061.43
DXB,BKK,2027-03-05,2027-03-27,PR,BUSINESS,3,0,0,0,ROUND_TRIP,SGD,615,2,12,8180.94,6053.9
AUH,CGK,2027-03-22,2027-04-10,SG,ECONOMY,1,0,0,0,ROUND_TRIP,USD,502,17,1,393.62,393.62
SIN,DPS,2026-12-27,2027-01-08,UK,ECONOMY,2,2,0,2,ROUND_TRIP,EUR,314,23,4,5020.55,5422.19
SYD,DEL,2027-05-11,2027-05-18,AA,FIRST,1,1,1,1,ROUND_TRIP,USD,320,13,18,20410.14,20410.14
MCT,CDG,2026-09-07,2026-09-26,SQ,ECONOMY,2,0,0,1,ROUND_TRIP,USD,401,11,17,5435.43,5435.43
MAD,FCO,2027-08-10,,DL,ECONOMY,4,0,0,1,ONE_WAY,AUD,617,18,4,1616.53,1050.74
SFO,DPS,2027-04-04,2027-04-09,AF,BUSINESS,2,1,0,1,ROUND_TRIP,INR,309,16,21,17165.01,205.98
DPS,DFW,2027-06-26,,SQ,FIRST,1,0,0,0,ONE_WAY,USD,351,6,11,5112.41,5112.41
BAH,AMD,2026-09-11,2026-09-27,EK,BUSINESS,2,1,0,1,ROUND_TRIP,USD,245,19,23,7287.96,7287.96
AUH,SFO,2026-12-08,2026-12-27,SQ,ECONOMY,1,0,0,0,ROUND_TRIP,AUD,151,19,21,2923.13,1900.03
ZRH,DFW,2026-08-15,2026-08-29,SQ,ECONOMY,3,1,0,2,ROUND_TRIP,USD,553,13,22,9770.68,9770.68
MEL,SIN,2027-07-18,2027-07-29,BA,ECONOMY,1,1,0,0,ROUND_TRIP,INR,400,2,8,1469.91,17.64
SYD,DFW,2027-07-24,,DL,ECONOMY,3,0,0,1,ONE_WAY,USD,744,21,9,2807.01,2807.01
NRT,ZRH,2027-06-10,2027-07-08,DL,ECONOMY,3,1,0,0,ROUND_TRIP,USD,212,9,12,9202.81,9202.81
HKG,AMS,2027-05-04,2027-05-20,SQ,BUSINESS,1,1,0,1,ROUND_TRIP,INR,232,19,22,16688.15,200.26
BLR,DXB,2026-08-27,,PR,ECONOMY,1,0,0,1,ONE_WAY,USD,553,1,10,2055.09,2055.09
MAA,MIA,2027-03-10,2027-04-06,AA,ECONOMY,2,0,0,0,ROUND_TRIP,USD,564,5,14,3363.04,3363.04
DPS,BKK,2027-03-28,,SQ,ECONOMY,1,0,0,1,ONE_WAY,INR,471,19,2,691.81,8.3
MIA,DOH,2027-02-06,,6E,PREMIUM_ECONOMY,1,1,0,1,ONE_WAY,USD,391,0,6,1417.74,1417.74
MNL,CGK,2027-05-09,2027-06-02,AF,BUSINESS,4,0,0,0,ROUND_TRIP,EUR,104,17,18,28295.91,30559.58
MAA,MCT,2027-02-06,,EY,ECONOMY,4,0,0,0,ONE_WAY,SGD,415,12,18,1980.16,1465.32
KUL,DEL,2027-03-18,2027-03-28,EY,BUSINESS,1,0,0,0,ROUND_TRIP,USD,481,16,0,4635.29,4635.29
ZRH,DXB,2027-01-12,2027-01-24,IB,ECONOMY,1,0,0,1,ROUND_TRIP,USD,539,8,16,2017.97,2017.97
DPS,ZRH,2026-12-13,,6E,ECONOMY,4,0,0,2,ONE_WAY,EUR,486,14,22,4670.65,5044.3
FRA,AMD,2026-11-17,,AF,ECONOMY,1,1,0,0,ONE_WAY,USD,624,2,12,1496.06,1496.06
MNL,SYD,2027-04-22,,EK,ECONOMY,4,0,0,1,ONE_WAY,EUR,361,23,5,6098.05,6585.89
BKK,LHR,2027-07-28,2027-08-10,PR,ECONOMY,2,1,0,0,ROUND_TRIP,AED,446,13,20,5314.58,1445.57
BKK,BOM,2027-08-07,2027-08-11,LX,BUSINESS,1,0,1,1,ROUND_TRIP,INR,717,12,23,10328.08,123.94
MNL,CDG,2027-07-17,2027-08-15,AF,ECONOMY,1,1,0,0,ROUND_TRIP,AED,160,5,7,5148.1,1400.28
DOH,CCU,2027-03-09,2027-03-30,AF,PREMIUM_ECONOMY,1,2,1,1,ROUND_TRIP,USD,549,4,13,4178.74,4178.74
MAA,ICN,2026-09-03,,SQ,BUSINESS,1,0,1,1,ONE_WAY,AUD,531,17,1,4741.02,3081.66
CDG,BKK,2027-01-30,,WN,PREMIUM_ECONOMY,1,0,0,0,ONE_WAY,EUR,247,1,5,559.09,603.82
LHR,SYD,2027-02-02,2027-03-04,KL,FIRST,2,0,0,2,ROUND_TRIP,GBP,299,23,3,13921.01,17679.68
CCU,FCO,2027-02-12,,LH,ECONOMY,3,2,0,1,ONE_WAY,EUR,449,5,12,1633.28,1763.94
ICN,MIA,2026-09-22,,IB,ECONOMY,2,0,0,0,ONE_WAY,INR,438,19,2,855.73,10.27
KUL,HKG,2026-10-31,,WN,ECONOMY,2,2,0,1,ONE_WAY,USD,583,4,13,2760.92,2760.92
NRT,DPS,2027-07-29,2027-08-21,EY,ECONOMY,2,0,0,1,ROUND_TRIP,INR,372,7,13,2111.31,25.34
BOM,DFW,2027-01-04,,PR,FIRST,2,0,0,0,ONE_WAY,GBP,178,17,19,11831.86,15026.46
JFK,DFW,2027-01-11,2027-01-19,WY,ECONOMY,2,0,0,1,ROUND_TRIP,USD,448,20,3,3695.64,3695.64
ICN,DPS,2026-10-05,2026-10-18,WY,BUSINESS,4,0,1,1,ROUND_TRIP,USD,136,12,14,4414.33,4414.33
FRA,CCU,2027-02-05,,TG,PREMIUM_ECONOMY,1,2,0,2,ONE_WAY,EUR,203,12,15,3611.32,3900.23
DPS,LHR,2027-05-27,,MH,ECONOMY,1,0,1,1,ONE_WAY,INR,493,22,6,718.86,8.63
ORD,DFW,2027-04-20,,AI,FIRST,1,1,0,1,ONE_WAY,USD,737,21,9,13096.1,13096.1
BAH,ZRH,2027-06-16,2027-07-04,SQ,PREMIUM_ECONOMY,3,0,0,2,ROUND_TRIP,AED,529,5,13,6893.33,1874.99
BAH,ICN,2027-01-11,,MH,ECONOMY,1,0,0,0,ONE_WAY,INR,644,14,0,1257.83,15.09
AMD,LHR,2027-03-20,2027-04-06,GA,ECONOMY,1,1,1,0,ROUND_TRIP,USD,491,10,18,3577.77,3577.77
BOM,MAD,2027-04-04,2027-04-19,IX,PREMIUM_ECONOMY,4,1,0,0,ROUND_TRIP,USD,99,19,20,10608.48,10608.48
DPS,NRT,2027-05-04,2027-05-23,LX,ECONOMY,2,0,0,0,ROUND_TRIP,INR,315,17,22,2019.27,24.23
LAX,SFO,2027-06-08,2027-06-27,EK,BUSINESS,3,1,0,2,ROUND_TRIP,EUR,693,13,0,15333.89,16560.6
AMS,ZRH,2027-06-11,2027-06-27,EK,ECONOMY,4,1,0,1,ROUND_TRIP,EUR,506,11,19,14818.27,16003.73
ZRH,MAD,2026-08-27,,EK,ECONOMY,1,0,0,2,ONE_WAY,GBP,470,4,11,1783.6,2265.17
HYD,DOH,2026-10-12,,GF,ECONOMY,1,2,0,2,ONE_WAY,GBP,745,10,22,573.29,728.08
ZRH,MAA,2026-10-04,,EY,ECONOMY,1,0,0,0,ONE_WAY,USD,380,9,15,964.87,964.87
DFW,MIA,2027-07-06,2027-08-03,DL,PREMIUM_ECONOMY,4,0,1,1,ROUND_TRIP,USD,634,14,0,22425.93,22425.93
MAD,SIN,2026-09-18,,IX,PREMIUM_ECONOMY,4,1,1,0,ONE_WAY,INR,576,16,1,7296.08,87.55
ICN,AMD,2027-06-29,2027-07-04,GA,ECONOMY,2,1,0,1,ROUND_TRIP,USD,734,1,13,6644.84,6644.84
DEL,AMD,2027-04-12,,AA,ECONOMY,2,0,0,0,ONE_WAY,USD,416,12,18,2458.9,2458.9
KWI,BAH,2027-06-02,,LH,ECONOMY,1,0,0,0,ONE_WAY,INR,612,1,11,1393.68,16.72
AUH,CCU,2026-09-10,2026-09-30,AA,BUSINESS,1,0,0,0,ROUND_TRIP,INR,562,5,14,4342.58,52.11
CGK,KWI,2026-11-17,,SG,ECONOMY,2,0,0,1,ONE_WAY,EUR,368,0,6,674.36,728.31
KWI,BAH,2027-01-28,2027-02-21,IX,ECONOMY,2,1,1,1,ROUND_TRIP,GBP,676,18,5,4758.4,6043.17
SYD,AUH,2027-01-24,,QR,BUSINESS,4,1,0,1,ONE_WAY,USD,473,17,0,24188.04,24188.04
FCO,AMS,2026-12-18,2026-12-21,KL,ECONOMY,2,0,0,0,ROUND_TRIP,EUR,327,18,23,1487.91,1606.94
MNL,PNQ,2026-11-04,2026-11-08,EK,BUSINESS,2,0,0,1,ROUND_TRIP,INR,307,10,15,16504.53,198.05
KUL,ICN,2027-05-06,,LX,PREMIUM_ECONOMY,3,0,1,2,ONE_WAY,INR,462,7,14,4018.91,48.23
AMD,AUH,2027-05-24,2027-06-11,LH,ECONOMY,2,0,0,0,ROUND_TRIP,AED,127,19,21,4605.52,1252.7
KUL,ICN,2027-05-04,2027-05-18,AA,ECONOMY,1,1,0,0,ROUND_TRIP,USD,326,5,10,2745.54,2745.54
BLR,HYD,2027-01-25,2027-01-31,EY,ECONOMY,1,0,0,1,ROUND_TRIP,USD,569,14,23,913.62,913.62
LAX,DOH,2027-06-10,2027-07-06,EY,BUSINESS,1,1,0,0,ROUND_TRIP,AED,135,11,13,9036.97,2458.06
CGK,AMS,2026-09-25,,SQ,BUSINESS,3,2,0,2,ONE_WAY,USD,841,6,20,7971.27,7971.27
DPS,MNL,2027-07-31,,SG,PREMIUM_ECONOMY,2,1,0,0,ONE_WAY,USD,478,22,5,3518.41,3518.41
DXB,BLR,2026-10-14,2026-11-05,UK,PREMIUM_ECONOMY,1,0,0,0,ROUND_TRIP,USD,401,23,5,2095.03,2095.03
BKK,DXB,2026-12-01,2026-12-05,GA,ECONOMY,1,0,1,1,ROUND_TRIP,EUR,267,9,13,2582.84,2789.47
MCT,SYD,2027-01-05,,AI,PREMIUM_ECONOMY,3,1,0,1,ONE_WAY,AED,593,5,14,8451.23,2298.73
CCU,FCO,2026-10-21,2026-10-28,AI,BUSINESS,1,0,0,1,ROUND_TRIP,GBP,452,19,2,1925.44,2445.31
DPS,BAH,2026-08-14,2026-09-11,MH,BUSINESS,1,1,0,1,ROUND_TRIP,USD,751,6,18,29164.47,29164.47
MEL,LAX,2026-11-19,2026-12-05,IX,BUSINESS,2,0,0,0,ROUND_TRIP,INR,626,11,21,4301.46,51.62
FCO,DXB,2026-09-10,,EY,BUSINESS,2,0,0,1,ONE_WAY,USD,183,13,16,6330.29,6330.29
ORD,DOH,2027-03-22,,LX,ECONOMY,2,0,0,2,ONE_WAY,USD,790,13,2,1450.3,1450.3
DXB,AUH,2027-07-03,2027-07-26,GF,ECONOMY,1,2,0,2,ROUND_TRIP,USD,451,0,7,1271.2,1271.2
MAD,HYD,2027-04-02,,QR,ECONOMY,3,2,0,1,ONE_WAY,USD,459,11,18,3570.09,3570.09
MAA,DFW,2026-10-07,2026-10-14,IB,ECONOMY,1,1,1,0,ROUND_TRIP,USD,592,8,17,3561.45,3561.45
SIN,DEL,2027-03-13,,UK,ECONOMY,2,0,0,1,ONE_WAY,USD,302,17,22,630.91,630.91
CCU,HKG,2027-06-13,,EK,ECONOMY,1,1,0,0,ONE_WAY,USD,479,0,7,2011.4,2011.4
AMD,LAX,2027-01-31,,MH,ECONOMY,1,0,0,1,ONE_WAY,EUR,643,2,12,398.94,430.86
NRT,AMS,2027-05-13,2027-06-12,LX,ECONOMY,2,0,0,0,ROUND_TRIP,USD,528,16,0,4003.26,4003.26
LAX,KUL,2026-11-24,2026-12-16,KL,PREMIUM_ECONOMY,1,0,0,2,ROUND_TRIP,EUR,365,12,18,2377.8,2568.02
BKK,FRA,2027-04-14,,KL,BUSINESS,1,0,0,0,ONE_WAY,USD,227,0,3,2980.47,2980.47
BLR,MAD,2027-03-30,,AF,ECONOMY,2,0,0,0,ONE_WAY,SGD,112,18,19,569.45,421.39
FRA,HYD,2027-08-07,,AI,PREMIUM_ECONOMY,2,0,0,1,ONE_WAY,USD,442,22,5,1209.67,1209.67
AMS,DPS,2026-09-02,2026-09-30,AI,ECONOMY,1,0,0,1,ROUND_TRIP,INR,218,18,21,514.36,6.17
MNL,MIA,2027-03-14,,WN,ECONOMY,1,0,0,0,ONE_WAY,USD,632,12,22,522.9,522.9
SYD,MAD,2026-12-28,,UK,ECONOMY,1,0,0,1,ONE_WAY,USD,378,7,13,780.99,780.99
SIN,KWI,2027-03-30,2027-04-27,EY,PREMIUM_ECONOMY,2,0,1,2,ROUND_TRIP,GBP,613,0,10,6038.97,7669.49
FRA,DOH,2026-11-09,2026-11-15,KL,BUSINESS,1,0,0,2,ROUND_TRIP,USD,305,2,7,2773.17,2773.17
BOM,AMS,2027-06-24,2027-07-15,UK,BUSINESS,4,0,0,1,ROUND_TRIP,EUR,351,16,21,14000.4,15120.43
HKG,BKK,2027-01-09,,IX,BUSINESS,1,1,0,1,ONE_WAY,EUR,293,21,1,5252.85,5673.08
MAA,SYD,2027-05-03,,AF,BUSINESS,2,0,0,0,ONE_WAY,USD,277,23,3,3890.51,3890.51
LHR,DPS,2027-03-16,,IB,FIRST,2,0,0,1,ONE_WAY,SGD,536,15,23,12356.09,9143.51
KWI,MCT,2027-04-26,,AF,ECONOMY,2,0,1,1,ONE_WAY,EUR,716,21,8,3472.15,3749.92
DPS,AMS,2027-07-23,,EK,ECONOMY,1,1,0,2,ONE_WAY,AED,501,15,23,1677.76,456.35
DPS,LAX,2027-05-23,,QR,PREMIUM_ECONOMY,2,0,0,0,ONE_WAY,INR,209,20,23,4497.62,53.97
KWI,HKG,2027-04-06,2027-04-27,GF,PREMIUM_ECONOMY,1,1,0,1,ROUND_TRIP,EUR,287,21,1,1767.96,1909.4
HYD,SIN,2026-12-28,2027-01-14,MH,PREMIUM_ECONOMY,2,1,1,1,ROUND_TRIP,USD,145,16,18,8640.96,8640.96
AUH,MAA,2027-07-02,2027-07-18,IB,ECONOMY,1,2,0,1,ROUND_TRIP,USD,197,8,11,1303.56,1303.56
MEL,LHR,2027-04-16,,WY,ECONOMY,2,1,0,0,ONE_WAY,EUR,203,4,7,2854.73,3083.11
NRT,BKK,2027-06-10,,WN,ECONOMY,1,0,0,1,ONE_WAY,GBP,508,23,7,1090.7,1385.19
DOH,LHR,2026-12-22,,MH,ECONOMY,1,0,0,0,ONE_WAY,EUR,300,10,15,396.35,428.06
HKG,AMD,2026-10-27,2026-11-07,AF,ECONOMY,1,2,0,0,ROUND_TRIP,USD,407,3,9,3331.79,3331.79
HYD,MCT,2026-09-16,,MH,ECONOMY,1,0,0,1,ONE_WAY,EUR,625,16,2,593.03,640.47
FRA,SYD,2027-05-23,2027-05-30,DL,BUSINESS,4,1,0,1,ROUND_TRIP,EUR,507,3,11,47713.31,51530.37
NRT,AMD,2027-05-16,2027-06-07,QR,BUSINESS,2,2,0,1,ROUND_TRIP,AED,481,7,15,24594.53,6689.71
DPS,MIA,2027-02-04,,MH,PREMIUM_ECONOMY,1,0,0,0,ONE_WAY,SGD,195,18,21,624.09,461.83
BLR,DXB,2027-08-05,2027-08-20,UK,PREMIUM_ECONOMY,1,0,0,0,ROUND_TRIP,GBP,433,22,5,4101.75,5209.22
LAX,PNQ,2027-03-04,,SG,ECONOMY,1,0,0,1,ONE_WAY,INR,398,6,12,800.03,9.6
DXB,AMD,2027-06-03,,AA,ECONOMY,1,0,0,1,ONE_WAY,EUR,513,9,17,1116.37,1205.68
DXB,ZRH,2027-05-26,,AA,FIRST,4,2,0,0,ONE_WAY,USD,340,19,0,11168.53,11168.53
ZRH,BKK,2027-05-16,2027-05-19,WY,ECONOMY,1,1,0,1,ROUND_TRIP,SGD,676,18,5,2285.39,1691.19
FCO,JFK,2027-03-09,,QR,ECONOMY,1,0,0,0,ONE_WAY,GBP,339,12,17,434.07,551.27
SFO,JFK,2027-07-25,,MH,ECONOMY,2,0,1,0,ONE_WAY,GBP,578,13,22,1072.1,1361.57
KWI,PNQ,2027-01-20,,EK,ECONOMY,1,2,0,1,ONE_WAY,INR,707,12,23,2365.58,28.39
DFW,BOM,2026-12-20,,UK,ECONOMY,1,2,0,1,ONE_WAY,AUD,418,17,23,1150.68,747.94
NRT,DFW,2027-04-24,2027-05-14,6E,ECONOMY,1,0,1,1,ROUND_TRIP,EUR,386,4,10,786.96,849.92
LAX,KUL,2027-03-19,,AI,BUSINESS,2,1,0,1,ONE_WAY,USD,294,2,6,6716.43,6716.43
PNQ,KWI,2027-02-27,,6E,ECONOMY,3,0,0,1,ONE_WAY,INR,251,17,21,1027.28,12.33
DOH,DFW,2026-12-21,,WY,BUSINESS,2,0,0,0,ONE_WAY,USD,514,11,19,4984.23,4984.23
AMS,BLR,2026-11-22,,6E,PREMIUM_ECONOMY,1,0,0,0,ONE_WAY,USD,567,2,11,790.62,790.62
BKK,MAD,2027-04-01,2027-04-18,PR,ECONOMY,1,2,0,2,ROUND_TRIP,INR,697,12,23,1204.6,14.46
MCT,FRA,2027-02-24,2027-03-20,TG,ECONOMY,1,0,0,1,ROUND_TRIP,INR,616,5,15,1395.42,16.75
DEL,SYD,2026-11-21,,6E,BUSINESS,4,1,0,1,ONE_WAY,INR,415,1,7,8658.78,103.91
LHR,JFK,2026-09-01,2026-10-01,GA,ECONOMY,3,0,0,0,ROUND_TRIP,USD,62,22,23,2343.96,2343.96
MAA,SFO,2027-07-23,,IB,ECONOMY,3,0,0,0,ONE_WAY,AED,395,11,17,1345.26,365.91
FRA,BKK,2027-08-09,,6E,BUSINESS,1,0,0,0,ONE_WAY,EUR,108,17,18,1572.42,1698.21
ZRH,CDG,2027-06-28,,SQ,ECONOMY,2,0,0,1,ONE_WAY,EUR,592,18,3,779.7,842.08
SIN,ICN,2027-08-08,2027-08-15,AA,BUSINESS,2,0,1,1,ROUND_TRIP,INR,411,15,21,20093.99,241.13
DXB,AMS,2026-11-11,2026-11-22,AF,ECONOMY,4,0,1,1,ROUND_TRIP,AED,347,4,9,11371.52,3093.05
MCT,MEL,2027-07-10,,SQ,ECONOMY,1,1,0,0,ONE_WAY,EUR,611,21,7,2269.6,2451.17
DOH,DPS,2026-10-15,,EY,FIRST,1,0,1,0,ONE_WAY,EUR,586,1,10,6875.11,7425.12
PNQ,DEL,2026-08-29,2026-09-17,EK,ECONOMY,2,0,0,0,ROUND_TRIP,USD,176,20,22,2077.2,2077.2
CGK,DFW,2026-12-12,,UK,ECONOMY,1,1,0,2,ONE_WAY,USD,670,17,4,471.72,471.72
ZRH,CDG,2027-05-22,2027-06-14,SQ,BUSINESS,2,0,0,1,ROUND_TRIP,INR,567,4,13,4302.45,51.63
DPS,ZRH,2026-11-15,,TG,BUSINESS,2,0,0,1,ONE_WAY,USD,423,0,7,8115.73,8115.73
AMS,LAX,2027-07-22,,GA,ECONOMY,1,0,0,2,ONE_WAY,USD,563,12,21,1392.5,1392.5
MIA,ORD,2027-03-30,2027-04-19,GF,BUSINESS,3,2,1,0,ROUND_TRIP,INR,60,10,11,28334.26,340.01
MIA,AMS,2026-11-25,,PR,PREMIUM_ECONOMY,1,0,0,1,ONE_WAY,GBP,234,9,12,1162.27,1476.08
MEL,DPS,2027-07-05,,WN,ECONOMY,1,0,0,1,ONE_WAY,EUR,373,18,0,698.4,754.27
CGK,ICN,2027-04-03,,TG,PREMIUM_ECONOMY,1,0,0,0,ONE_WAY,GBP,320,2,7,814.7,1034.67
CDG,DXB,2027-06-05,,AI,BUSINESS,2,0,0,1,ONE_WAY,AED,289,17,21,5593.56,1521.45
KWI,MIA,2026-09-20,,AI,ECONOMY,2,2,0,2,ONE_WAY,AED,752,14,2,3432.04,933.51
PNQ,CGK,2026-10-02,2026-10-22,LX,ECONOMY,1,0,0,1,ROUND_TRIP,GBP,549,21,6,1195.77,1518.63
SYD,AUH,2027-04-15,2027-04-28,WY,ECONOMY,1,0,0,1,ROUND_TRIP,EUR,450,16,23,2332.76,2519.38
FRA,DFW,2027-03-24,,WY,BUSINESS,2,0,0,0,ONE_WAY,EUR,512,16,0,6789.78,7332.96
DEL,DPS,2027-07-03,2027-07-18,IX,ECONOMY,1,0,1,0,ROUND_TRIP,EUR,240,7,11,2012.16,2173.13
AMS,BLR,2027-06-22,2027-07-05,IB,ECONOMY,3,2,0,2,ROUND_TRIP,USD,799,23,12,5074.91,5074.91
AMS,DEL,2026-12-15,,6E,ECONOMY,3,0,0,1,ONE_WAY,SGD,309,2,7,3142.24,2325.26
ICN,ORD,2027-06-04,,AI,ECONOMY,2,0,1,0,ONE_WAY,USD,185,11,14,1323.3,1323.3
KWI,CGK,2027-03-27,2027-03-31,UK,FIRST,1,1,0,0,ROUND_TRIP,USD,495,18,2,7794.12,7794.12
MAA,BKK,2027-04-29,,DL,ECONOMY,1,1,1,0,ONE_WAY,SGD,237,18,21,874.96,647.47
FCO,MEL,2027-06-03,,MH,ECONOMY,1,0,0,1,ONE_WAY,INR,176,6,8,922.49,11.07
FRA,MAD,2027-04-13,,LX,BUSINESS,4,1,0,0,ONE_WAY,INR,323,6,11,7945.71,95.35
FCO,SYD,2027-07-19,2027-08-10,SG,ECONOMY,1,0,0,1,ROUND_TRIP,INR,200,12,15,1381.53,16.58
MAD,MCT,2026-09-13,,GA,ECONOMY,3,0,1,1,ONE_WAY,INR,264,12,16,2651.14,31.81
AMS,SYD,2027-05-18,,KL,ECONOMY,2,2,1,2,ONE_WAY,USD,426,16,23,1915.43,1915.43
ZRH,LHR,2027-02-01,2027-02-05,AF,BUSINESS,3,0,0,0,ROUND_TRIP,GBP,355,14,19,22945.32,29140.56
BKK,AMS,2026-11-15,,MH,ECONOMY,1,0,0,0,ONE_WAY,GBP,522,23,7,1298.95,1649.67
JFK,ZRH,2026-09-25,2026-10-01,UK,ECONOMY,1,2,0,0,ROUND_TRIP,USD,504,14,22,3719.04,3719.04
HKG,DFW,2027-07-31,2027-08-25,UK,PREMIUM_ECONOMY,3,1,0,0,ROUND_TRIP,USD,475,5,12,12507.48,12507.48
ORD,LHR,2026-10-22,2026-10-30,BA,BUSINESS,1,0,0,0,ROUND_TRIP,GBP,286,14,18,7261.56,9222.18
ZRH,DPS,2026-10-09,,LH,BUSINESS,1,1,1,0,ONE_WAY,USD,557,10,19,9927.85,9927.85
LAX,FRA,2027-08-09,2027-08-18,IB,PREMIUM_ECONOMY,1,2,0,1,ROUND_TRIP,USD,683,4,15,7132.31,7132.31
SYD,BLR,2026-08-18,2026-09-02,LH,PREMIUM_ECONOMY,1,0,0,0,ROUND_TRIP,USD,270,9,13,6139.18,6139.18
DEL,LHR,2027-06-23,,MH,BUSINESS,1,0,0,0,ONE_WAY,USD,165,22,0,3033.84,3033.84
MAD,MAA,2026-11-11,2026-12-01,SG,ECONOMY,4,2,0,1,ROUND_TRIP,AED,428,11,18,5575.34,1516.49
ORD,DPS,2027-07-09,,BA,ECONOMY,1,2,0,1,ONE_WAY,USD,331,0,5,1342.73,1342.73
MEL,SIN,2027-04-16,,UA,ECONOMY,1,0,0,0,ONE_WAY,INR,400,16,22,442.44,5.31
MCT,BAH,2027-04-05,,DL,BUSINESS,4,1,0,0,ONE_WAY,GBP,585,12,21,11245.04,14281.2
DOH,LAX,2026-10-19,,BA,ECONOMY,1,0,1,0,ONE_WAY,USD,379,12,18,995.89,995.89
FRA,KWI,2026-10-01,,DL,ECONOMY,2,0,0,0,ONE_WAY,SGD,362,2,8,2799.75,2071.82
HYD,DPS,2027-05-25,2027-06-10,6E,PREMIUM_ECONOMY,1,0,0,2,ROUND_TRIP,INR,466,16,23,2130.51,25.57
PNQ,CCU,2027-04-04,,AF,ECONOMY,4,0,0,2,ONE_WAY,USD,727,10,22,5790.9,5790.9
MEL,SYD,2026-11-07,2026-11-22,UA,ECONOMY,1,0,0,1,ROUND_TRIP,AED,615,1,11,1673.57,455.21
KWI,DEL,2027-06-15,,MH,ECONOMY,1,0,0,0,ONE_WAY,EUR,213,4,7,1140.03,1231.23
BKK,PNQ,2026-11-08,2026-11-14,SG,BUSINESS,2,0,0,1,ROUND_TRIP,USD,439,20,3,4158.74,4158.74
MAA,ORD,2026-10-10,,AA,BUSINESS,2,0,0,1,ONE_WAY,AED,482,16,0,2314.71,629.6
MCT,SYD,2026-11-07,2026-12-02,LH,ECONOMY,3,0,0,2,ROUND_TRIP,INR,659,22,8,6711.85,80.54
BLR,LAX,2026-11-01,2026-11-20,QR,ECONOMY,3,0,1,1,ROUND_TRIP,GBP,423,18,1,5659.68,7187.79
KWI,NRT,2027-04-15,2027-04-23,WY,ECONOMY,2,2,0,1,ROUND_TRIP,AED,640,0,10,5775.32,1570.89
MAD,SYD,2027-04-20,2027-05-01,IX,PREMIUM_ECONOMY,2,0,0,0,ROUND_TRIP,USD,314,20,1,1506.84,1506.84
DXB,ICN,2026-10-17,,GA,ECONOMY,1,0,0,0,ONE_WAY,SGD,75,23,0,199.96,147.97
MCT,BLR,2026-10-18,2026-11-12,WY,BUSINESS,1,1,0,2,ROUND_TRIP,USD,363,3,9,10545.14,10545.14
ORD,BAH,2026-08-15,2026-09-08,6E,BUSINESS,1,1,0,0,ROUND_TRIP,EUR,350,1,6,4800.16,5184.17
BKK,CGK,2026-11-04,2026-11-26,IB,ECONOMY,2,0,0,0,ROUND_TRIP,USD,235,2,5,1318.36,1318.36
MAA,MNL,2026-08-28,2026-09-08,GF,ECONOMY,1,1,0,0,ROUND_TRIP,AED,324,7,12,4708.82,1280.8
AMS,MAA,2027-04-27,,WN,ECONOMY,3,0,0,1,ONE_WAY,EUR,622,1,11,1923.11,2076.96
MIA,MEL,2026-12-11,,LH,FIRST,1,2,0,0,ONE_WAY,SGD,391,22,4,14178.5,10492.09
HKG,MIA,2027-03-22,,LH,ECONOMY,2,0,0,1,ONE_WAY,USD,347,12,17,2360.1,2360.1
FCO,BAH,2026-11-08,,MH,ECONOMY,2,0,0,0,ONE_WAY,USD,124,12,14,458.81,458.81
CCU,FCO,2027-01-25,2027-02-05,IX,ECONOMY,3,1,1,1,ROUND_TRIP,GBP,443,21,4,2133.74,2709.85
AMD,NRT,2027-06-28,2027-07-14,AA,PREMIUM_ECONOMY,1,2,1,1,ROUND_TRIP,EUR,680,4,15,3804.67,4109.04
CCU,DPS,2027-01-05,,TG,ECONOMY,3,1,0,2,ONE_WAY,EUR,335,14,19,2881.53,3112.05
ORD,BLR,2026-09-23,,LH,ECONOMY,1,1,0,0,ONE_WAY,USD,84,22,23,777.88,777.88
MNL,MIA,2026-12-29,2027-01-16,AI,ECONOMY,1,1,1,1,ROUND_TRIP,USD,742,10,22,3494.92,3494.92
KUL,MIA,2026-11-24,2026-12-08,DL,PREMIUM_ECONOMY,2,2,1,0,ROUND_TRIP,AUD,252,7,11,4753.41,3089.72
AMS,SFO,2026-09-23,2026-10-01,AF,BUSINESS,4,0,0,0,ROUND_TRIP,EUR,651,10,20,37345.14,40332.75
ORD,BOM,2027-02-04,,UA,PREMIUM_ECONOMY,3,0,1,1,ONE_WAY,USD,641,5,15,2805.8,2805.8
ORD,DPS,2026-10-22,2026-11-01,AF,ECONOMY,3,0,0,2,ROUND_TRIP,USD,464,11,18,2354.94,2354.94
DPS,PNQ,2026-11-22,,WY,ECONOMY,1,0,0,1,ONE_WAY,INR,242,7,11,758.48,9.1
PNQ,ZRH,2026-12-07,,PR,ECONOMY,1,0,0,1,ONE_WAY,INR,561,3,12,1333.08,16.0
BOM,HYD,2026-09-23,2026-10-07,UA,PREMIUM_ECONOMY,2,0,0,2,ROUND_TRIP,EUR,509,23,7,1448.34,1564.21
SYD,AMS,2027-04-06,,BA,ECONOMY,1,1,0,2,ONE_WAY,SGD,223,8,11,1264.05,935.4
MNL,BLR,2027-02-04,2027-03-02,UK,ECONOMY,2,1,0,1,ROUND_TRIP,USD,170,4,6,2496.96,2496.96
DXB,DPS,2026-09-06,,KL,ECONOMY,1,0,1,1,ONE_WAY,USD,618,20,6,1122.91,1122.91
LAX,AUH,2026-08-26,,IB,BUSINESS,1,0,0,0,ONE_WAY,AED,440,4,11,3755.83,1021.59
DXB,MAA,2027-06-03,,GF,ECONOMY,1,0,0,0,ONE_WAY,INR,362,22,4,876.09,10.51
PNQ,LHR,2027-02-23,2027-03-17,PR,ECONOMY,1,0,0,0,ROUND_TRIP,GBP,628,11,21,785.37,997.42
MIA,KWI,2027-02-21,2027-03-15,GA,ECONOMY,2,0,0,0,ROUND_TRIP,EUR,179,11,13,1049.13,1133.06
MCT,FRA,2027-06-21,2027-06-29,IX,ECONOMY,1,0,0,1,ROUND_TRIP,INR,582,0,9,1171.35,14.06
LHR,ORD,2027-05-23,,QR,ECONOMY,1,0,0,2,ONE_WAY,USD,469,14,21,1036.04,1036.04
HKG,KWI,2026-10-03,2026-10-06,AF,PREMIUM_ECONOMY,2,0,0,0,ROUND_TRIP,USD,572,15,0,2587.05,2587.05
SYD,LHR,2027-03-24,2027-04-18,UA,PREMIUM_ECONOMY,1,1,0,1,ROUND_TRIP,USD,583,8,17,2932.12,2932.12
FRA,SFO,2026-10-31,,LX,ECONOMY,1,2,1,2,ONE_WAY,USD,871,4,18,2922.57,2922.57
BOM,PNQ,2027-07-20,,PR,PREMIUM_ECONOMY,2,0,0,0,ONE_WAY,USD,411,21,3,1777.88,1777.88
KWI,BAH,2027-07-15,,GA,FIRST,3,0,1,0,ONE_WAY,USD,612,1,11,22715.32,22715.32
CGK,CDG,2026-08-17,,SG,BUSINESS,1,1,0,1,ONE_WAY,USD,300,15,20,3057.8,3057.8
ZRH,LHR,2027-02-27,2027-03-07,UA,BUSINESS,1,0,0,0,ROUND_TRIP,GBP,355,12,17,8815.07,11195.14
MIA,LHR,2027-01-24,,DL,BUSINESS,1,1,0,0,ONE_WAY,USD,647,8,18,10472.83,10472.83
MAA,BAH,2027-02-05,,SQ,PREMIUM_ECONOMY,2,0,0,2,ONE_WAY,EUR,577,10,19,2943.52,3179.0
CCU,DPS,2026-08-14,2026-09-11,GA,ECONOMY,1,0,0,0,ROUND_TRIP,EUR,193,4,7,2951.89,3188.04
FRA,DOH,2026-10-29,2026-11-10,KL,FIRST,3,0,0,1,ROUND_TRIP,USD,253,2,6,14455.11,14455.11
SIN,MIA,2027-04-22,2027-05-10,IB,ECONOMY,2,0,0,0,ROUND_TRIP,EUR,529,7,15,3308.63,3573.32
KWI,DXB,2027-04-14,2027-05-07,IB,PREMIUM_ECONOMY,4,0,1,1,ROUND_TRIP,USD,679,17,4,15866.7,15866.7
MCT,DPS,2027-05-03,,MH,PREMIUM_ECONOMY,2,0,0,0,ONE_WAY,GBP,473,21,4,2948.54,3744.65
DPS,JFK,2027-02-23,,EK,ECONOMY,2,0,0,0,ONE_WAY,USD,201,8,11,2698.94,2698.94
MAD,MNL,2027-03-24,,AI,PREMIUM_ECONOMY,2,0,0,1,ONE_WAY,EUR,160,15,17,1248.66,1348.55
FCO,DPS,2027-08-02,2027-08-06,IB,ECONOMY,1,1,0,0,ROUND_TRIP,AED,180,8,11,3863.22,1050.8
CDG,ORD,2027-04-08,,BA,PREMIUM_ECONOMY,2,2,0,1,ONE_WAY,USD,344,14,19,3178.15,3178.15
PNQ,DPS,2026-08-18,2026-08-26,SQ,ECONOMY,1,0,0,1,ROUND_TRIP,USD,697,11,22,6415.39,6415.39
KUL,SFO,2027-05-27,,TG,ECONOMY,3,0,1,1,ONE_WAY,AUD,243,18,22,981.42,637.92
JFK,SFO,2027-01-10,,LH,BUSINESS,1,0,0,2,ONE_WAY,EUR,530,23,7,1270.21,1371.83
MAA,ZRH,2026-12-24,2027-01-04,WN,ECONOMY,1,0,0,2,ROUND_TRIP,GBP,693,18,5,1972.67,2505.29
MAD,LHR,2026-10-27,2026-11-06,DL,BUSINESS,2,0,0,1,ROUND_TRIP,USD,638,1,11,6777.53,6777.53
CGK,MCT,2026-10-06,,DL,PREMIUM_ECONOMY,2,1,0,0,ONE_WAY,INR,493,0,8,5007.81,60.09
MEL,BKK,2027-02-08,,IX,ECONOMY,2,0,0,2,ONE_WAY,AED,679,6,17,385.33,104.81
ORD,JFK,2027-01-16,,LX,BUSINESS,1,0,0,1,ONE_WAY,INR,232,12,15,3202.65,38.43
MAA,DOH,2026-10-11,2026-10-20,GA,PREMIUM_ECONOMY,1,1,0,0,ROUND_TRIP,INR,438,23,6,5843.43,70.12
LAX,ICN,2027-03-22,,MH,ECONOMY,2,1,1,1,ONE_WAY,EUR,288,2,6,2096.98,2264.74
MEL,MCT,2026-12-06,,SG,ECONOMY,1,0,0,0,ONE_WAY,USD,171,17,19,478.82,478.82
MAD,KWI,2026-11-15,,EY,BUSINESS,1,1,0,1,ONE_WAY,GBP,252,8,12,5769.99,7327.89
MCT,AMD,2027-05-17,2027-06-15,AI,ECONOMY,1,1,0,1,ROUND_TRIP,INR,263,0,4,3379.07,40.55
ZRH,AUH,2027-04-20,,DL,BUSINESS,1,1,0,1,ONE_WAY,EUR,298,14,18,5847.92,6315.75
MAD,MAA,2027-02-17,2027-02-21,IB,ECONOMY,3,0,0,1,ROUND_TRIP,USD,416,5,11,3974.24,3974.24
AMS,BKK,2027-05-07,,AF,ECONOMY,3,2,0,0,ONE_WAY,USD,252,4,8,4357.96,4357.96
LHR,DEL,2026-11-23,,IX,ECONOMY,1,0,0,0,ONE_WAY,EUR,396,8,14,296.94,320.7
PNQ,BKK,2027-01-22,2027-02-01,IB,ECONOMY,1,1,0,0,ROUND_TRIP,EUR,535,23,7,1960.68,2117.53
KWI,MAD,2027-04-20,,SQ,ECONOMY,1,0,0,1,ONE_WAY,SGD,242,5,9,968.42,716.63
DXB,HYD,2026-08-22,,IX,ECONOMY,2,1,0,2,ONE_WAY,SGD,824,2,15,1589.39,1176.15
DOH,KWI,2026-12-24,,TG,BUSINESS,1,1,0,2,ONE_WAY,AED,871,21,11,6178.17,1680.46
AMD,MNL,2026-11-15,,SQ,PREMIUM_ECONOMY,1,0,0,2,ONE_WAY,INR,466,8,15,547.06,6.56
DFW,ORD,2026-09-15,,SQ,ECONOMY,1,0,0,0,ONE_WAY,AED,320,5,10,1173.62,319.22
DPS,JFK,2026-12-19,,AF,ECONOMY,3,1,0,0,ONE_WAY,INR,201,20,23,7186.8,86.24
BKK,DPS,2027-05-03,2027-05-07,PR,BUSINESS,1,2,0,1,ROUND_TRIP,USD,752,7,19,22420.99,22420.99
SFO,BLR,2027-07-02,2027-07-12,TG,BUSINESS,3,1,0,1,ROUND_TRIP,USD,544,19,4,27629.03,27629.03
LAX,AMD,2027-04-23,2027-04-29,DL,FIRST,1,0,0,1,ROUND_TRIP,GBP,403,5,11,14803.17,18800.03
DFW,FRA,2027-02-22,,QR,ECONOMY,1,0,0,0,ONE_WAY,USD,226,21,0,511.18,511.18
FRA,MIA,2027-03-28,2027-04-26,EY,BUSINESS,2,0,1,0,ROUND_TRIP,USD,341,0,5,6193.95,6193.95
HKG,JFK,2027-02-08,,AI,ECONOMY,3,0,0,1,ONE_WAY,USD,437,2,9,2653.93,2653.93
ZRH,BAH,2027-06-16,,TG,ECONOMY,1,0,0,0,ONE_WAY,INR,557,23,8,1459.13,17.51
BKK,HKG,2027-05-18,,LX,ECONOMY,2,0,0,0,ONE_WAY,AED,472,2,9,2176.06,591.89
DXB,BOM,2027-03-12,2027-03-21,SQ,ECONOMY,2,0,0,2,ROUND_TRIP,USD,410,1,7,3399.94,3399.94
DPS,MIA,2027-07-20,,QR,ECONOMY,1,0,0,1,ONE_WAY,INR,257,5,9,500.28,6.0
SIN,DFW,2026-10-07,,SG,ECONOMY,2,0,0,0,ONE_WAY,EUR,516,7,15,656.95,709.51
HYD,MAD,2026-10-01,2026-10-30,DL,ECONOMY,1,1,0,2,ROUND_TRIP,INR,690,5,16,732.13,8.79
MAA,DFW,2027-05-15,2027-06-02,GA,ECONOMY,2,0,0,1,ROUND_TRIP,AED,671,12,23,4579.65,1245.66
DPS,PNQ,2026-08-14,2026-08-18,AA,ECONOMY,1,0,0,1,ROUND_TRIP,USD,203,12,15,2436.52,2436.52
MEL,HKG,2027-03-07,,LX,ECONOMY,1,0,0,0,ONE_WAY,USD,113,9,10,277.08,277.08
PNQ,BKK,2026-09-21,,GA,ECONOMY,2,1,0,0,ONE_WAY,USD,535,6,14,1420.58,1420.58
BOM,ZRH,2027-05-02,,MH,ECONOMY,2,1,0,1,ONE_WAY,GBP,714,18,5,2964.01,3764.29
CCU,MNL,2026-10-02,2026-10-25,WN,ECONOMY,2,2,0,1,ROUND_TRIP,EUR,401,5,11,2932.87,3167.5
BAH,PNQ,2026-08-15,,GA,ECONOMY,1,0,0,0,ONE_WAY,AED,629,1,11,2222.74,604.59
DOH,SYD,2026-12-17,,BA,ECONOMY,1,0,0,0,ONE_WAY,AED,420,16,23,1496.63,407.08
CDG,MEL,2027-05-30,,MH,ECONOMY,4,1,0,1,ONE_WAY,GBP,466,19,2,6951.77,8828.75
SIN,DOH,2027-04-27,2027-05-19,IB,BUSINESS,1,0,0,2,ROUND_TRIP,AED,859,12,2,4475.41,1217.31
MCT,LHR,2027-03-08,2027-03-16,LX,ECONOMY,2,1,1,2,ROUND_TRIP,EUR,804,12,1,3564.21,3849.35
FCO,AMD,2026-10-03,,AI,FIRST,2,0,0,1,ONE_WAY,GBP,444,21,4,10991.42,13959.1
HKG,LHR,2027-08-07,,LH,BUSINESS,3,0,0,2,ONE_WAY,GBP,815,0,13,6764.54,8590.97
DFW,AMD,2027-05-08,2027-05-14,SQ,ECONOMY,3,0,0,2,ROUND_TRIP,INR,366,20,2,1986.38,23.84
AMS,CDG,2027-02-10,,PR,ECONOMY,4,0,1,1,ONE_WAY,GBP,604,18,4,3463.69,4398.89
CDG,SYD,2027-03-02,2027-03-17,MH,ECONOMY,2,2,0,0,ROUND_TRIP,USD,93,11,12,5108.44,5108.44
MIA,SYD,2027-04-30,2027-05-21,AF,BUSINESS,3,0,0,0,ROUND_TRIP,USD,221,18,21,24053.77,24053.77
LHR,MAD,2027-03-29,2027-04-09,TG,ECONOMY,2,1,0,1,ROUND_TRIP,INR,387,20,2,3307.42,39.69
AUH,SIN,2027-05-24,2027-06-21,KL,ECONOMY,1,0,0,1,ROUND_TRIP,USD,399,19,1,2155.57,2155.57
FRA,MEL,2027-04-29,2027-05-29,LH,PREMIUM_ECONOMY,1,2,0,1,ROUND_TRIP,USD,450,9,16,3555.82,3555.82
SFO,CGK,2026-10-07,,QR,ECONOMY,1,0,0,1,ONE_WAY,SGD,406,12,18,1142.33,845.32
FRA,FCO,2026-10-13,2026-11-11,BA,ECONOMY,2,0,0,2,ROUND_TRIP,GBP,496,1,9,4143.76,5262.58
MIA,DXB,2026-12-21,,IB,ECONOMY,3,0,0,0,ONE_WAY,EUR,588,11,20,4893.34,5284.81
SYD,ICN,2027-06-26,2027-07-18,DL,ECONOMY,1,0,0,1,ROUND_TRIP,INR,266,23,3,1728.32,20.74
FRA,AMD,2026-09-07,2026-09-10,UA,ECONOMY,1,2,0,2,ROUND_TRIP,USD,748,6,18,3271.71,3271.71
MIA,AMD,2026-10-02,2026-10-22,DL,BUSINESS,1,2,1,0,ROUND_TRIP,USD,203,8,11,14438.77,14438.77
MEL,BAH,2026-08-23,2026-09-15,IB,FIRST,1,0,0,1,ROUND_TRIP,AED,492,3,11,13024.29,3542.61
HYD,BOM,2026-12-21,,UK,PREMIUM_ECONOMY,2,0,0,0,ONE_WAY,USD,413,4,10,4003.05,4003.05
HYD,SFO,2026-09-02,,LX,ECONOMY,3,0,1,0,ONE_WAY,EUR,607,12,22,4890.25,5281.47
ZRH,ORD,2026-10-16,2026-11-07,WN,ECONOMY,4,1,0,2,ROUND_TRIP,USD,679,0,11,4488.3,4488.3
CDG,MCT,2027-01-08,,SQ,PREMIUM_ECONOMY,1,0,1,0,ONE_WAY,INR,212,21,0,2270.8,27.25
SIN,ZRH,2027-01-08,2027-01-21,EK,ECONOMY,1,0,0,2,ROUND_TRIP,USD,481,23,7,2353.72,2353.72
MCT,AMD,2026-09-29,2026-10-29,EK,PREMIUM_ECONOMY,1,0,0,0,ROUND_TRIP,EUR,201,2,5,4645.87,5017.54
AUH,CGK,2027-07-25,2027-08-07,LX,ECONOMY,2,0,0,0,ROUND_TRIP,EUR,502,17,1,1174.12,1268.05
DOH,BAH,2027-04-28,,DL,PREMIUM_ECONOMY,1,1,0,0,ONE_WAY,INR,457,10,17,3802.11,45.63
MAA,BLR,2026-12-29,,BA,BUSINESS,1,0,0,1,ONE_WAY,GBP,392,15,21,2658.36,3376.12
ORD,MCT,2027-04-07,,LH,BUSINESS,2,1,0,1,ONE_WAY,AED,592,3,12,7207.24,1960.37
MEL,KUL,2026-11-21,2026-11-27,EY,ECONOMY,1,0,0,0,ROUND_TRIP,GBP,309,16,21,1237.31,1571.38
SFO,CCU,2027-04-13,,SG,PREMIUM_ECONOMY,3,2,0,0,ONE_WAY,GBP,541,16,1,2211.75,2808.92
SYD,MAA,2026-09-15,,LH,BUSINESS,1,1,0,0,ONE_WAY,EUR,454,10,17,2764.89,2986.08
PNQ,KUL,2027-05-03,,MH,ECONOMY,4,1,0,1,ONE_WAY,GBP,378,1,7,1155.96,1468.07
LAX,BKK,2026-11-05,,TG,ECONOMY,1,1,0,0,ONE_WAY,AED,177,18,20,1997.28,543.26
MIA,MAA,2026-12-26,2027-01-08,GF,ECONOMY,2,0,0,1,ROUND_TRIP,USD,515,1,9,4838.11,4838.11
BOM,BLR,2027-07-30,2027-08-24,UK,ECONOMY,1,0,1,1,ROUND_TRIP,USD,613,10,20,1026.57,1026.57
AMD,CCU,2027-05-04,2027-05-31,UA,ECONOMY,1,0,0,1,ROUND_TRIP,USD,208,16,19,876.78,876.78
KUL,ORD,2027-05-07,2027-05-14,IB,ECONOMY,2,0,0,1,ROUND_TRIP,USD,317,16,21,1983.75,1983.75
PNQ,BLR,2026-09-20,,EK,ECONOMY,2,0,0,1,ONE_WAY,EUR,511,4,12,1549.15,1673.08
BKK,CCU,2026-12-28,,IB,ECONOMY,1,2,1,1,ONE_WAY,EUR,676,6,17,1356.14,1464.63
MNL,DOH,2027-02-04,2027-03-03,AA,FIRST,1,0,0,1,ROUND_TRIP,USD,335,13,18,9488.36,9488.36
MEL,CDG,2026-08-25,,WN,FIRST,1,2,0,2,ONE_WAY,EUR,414,23,5,16599.48,17927.44
MEL,DOH,2026-12-05,2027-01-03,UK,ECONOMY,1,1,1,1,ROUND_TRIP,USD,364,11,17,1561.27,1561.27
HKG,SYD,2027-03-04,2027-03-07,PR,ECONOMY,1,1,0,0,ROUND_TRIP,SGD,107,23,0,1919.66,1420.55
PNQ,DXB,2027-01-18,2027-01-25,DL,ECONOMY,4,0,0,2,ROUND_TRIP,USD,734,20,8,5922.01,5922.01
SIN,HYD,2027-01-28,,DL,ECONOMY,2,1,0,0,ONE_WAY,INR,496,1,9,3273.84,39.29
DXB,ZRH,2027-02-24,,EY,PREMIUM_ECONOMY,1,0,0,1,ONE_WAY,USD,408,12,18,473.43,473.43
LAX,NRT,2027-05-19,2027-06-01,GA,ECONOMY,1,0,0,1,ROUND_TRIP,USD,255,13,17,1446.64,1446.64
ORD,MAD,2027-02-12,,IB,PREMIUM_ECONOMY,1,0,0,1,ONE_WAY,USD,597,11,20,777.58,777.58
MAD,CDG,2026-08-28,2026-09-27,AF,FIRST,3,2,0,0,ROUND_TRIP,GBP,513,5,13,58589.54,74408.72
SFO,DFW,2027-08-09,2027-09-02,KL,ECONOMY,2,0,0,0,ROUND_TRIP,USD,383,13,19,2868.48,2868.48
KUL,ZRH,2027-02-21,,SQ,BUSINESS,2,0,0,0,ONE_WAY,AED,167,3,5,7356.67,2001.01
BAH,MEL,2027-05-01,,UA,ECONOMY,1,0,0,0,ONE_WAY,USD,546,3,12,657.28,657.28
KUL,PNQ,2027-03-16,,AA,BUSINESS,1,0,0,1,ONE_WAY,USD,298,15,19,1171.6,1171.6
FRA,DEL,2027-01-24,,DL,ECONOMY,1,0,0,0,ONE_WAY,INR,290,11,15,1083.31,13.0
JFK,SYD,2027-05-24,,GA,BUSINESS,1,1,0,2,ONE_WAY,EUR,554,17,2,7195.42,7771.05
AMD,MIA,2026-09-16,2026-10-05,WY,BUSINESS,1,0,0,1,ROUND_TRIP,USD,419,15,21,5245.58,5245.58
LAX,NRT,2026-08-18,,QR,PREMIUM_ECONOMY,1,0,0,0,ONE_WAY,USD,190,19,22,3006.32,3006.32
PNQ,ORD,2026-11-07,2026-11-11,EY,ECONOMY,1,0,0,0,ROUND_TRIP,EUR,470,8,15,2132.08,2302.65
LHR,CCU,2027-08-11,2027-09-05,WN,ECONOMY,1,0,0,0,ROUND_TRIP,EUR,318,15,20,1694.61,1830.18
DPS,AMS,2027-04-18,,UK,ECONOMY,2,1,0,0,ONE_WAY,USD,297,22,2,1492.38,1492.38
AUH,DOH,2026-12-22,2027-01-21,PR,ECONOMY,2,0,0,0,ROUND_TRIP,USD,392,18,0,6354.95,6354.95
MCT,KWI,2027-08-04,2027-08-27,EK,ECONOMY,2,0,0,1,ROUND_TRIP,INR,364,21,3,1474.82,17.7
ICN,BLR,2027-03-06,,6E,ECONOMY,2,0,0,0,ONE_WAY,EUR,199,14,17,871.85,941.6
DOH,BLR,2026-09-18,,IX,BUSINESS,2,0,0,1,ONE_WAY,USD,711,18,5,5123.23,5123.23
DPS,BOM,2027-05-29,,AI,ECONOMY,1,0,0,2,ONE_WAY,USD,335,0,5,1413.48,1413.48
KUL,MCT,2027-02-24,,WN,ECONOMY,2,0,0,0,ONE_WAY,INR,539,18,2,1236.5,14.84
MAA,MIA,2027-03-10,,LX,ECONOMY,1,1,0,0,ONE_WAY,INR,564,3,12,1364.79,16.38
PNQ,DPS,2026-10-27,2026-11-25,EK,ECONOMY,3,0,0,1,ROUND_TRIP,USD,723,7,19,8922.88,8922.88
DXB,BAH,2026-10-25,2026-11-20,LH,ECONOMY,1,0,0,1,ROUND_TRIP,USD,727,21,9,3205.6,3205.6
BOM,MAD,2027-03-17,,GF,PREMIUM_ECONOMY,3,0,0,1,ONE_WAY,INR,199,20,23,3905.13,46.86
DXB,MNL,2027-02-06,,KL,ECONOMY,2,0,1,0,ONE_WAY,INR,413,22,4,1765.82,21.19
DPS,ICN,2026-09-29,,LH,ECONOMY,2,0,1,1,ONE_WAY,USD,536,5,13,1286.47,1286.47
MAD,SYD,2027-02-24,2027-02-28,KL,ECONOMY,3,0,0,0,ROUND_TRIP,INR,314,0,5,1571.24,18.85
NRT,AMS,2026-10-09,,GF,ECONOMY,1,0,1,2,ONE_WAY,INR,652,18,4,850.85,10.21
MEL,DXB,2026-11-25,,SG,ECONOMY,2,1,1,1,ONE_WAY,EUR,515,12,20,844.13,911.66
DXB,MCT,2026-10-13,,BA,FIRST,1,0,1,1,ONE_WAY,USD,215,7,10,6514.88,6514.88
AMS,BKK,2026-10-28,2026-11-27,EK,ECONOMY,4,0,0,1,ROUND_TRIP,USD,334,0,5,7231.79,7231.79
JFK,DEL,2027-03-08,,EY,BUSINESS,2,0,0,1,ONE_WAY,USD,674,14,1,5177.61,5177.61
DEL,ICN,2026-09-30,2026-10-15,AA,ECONOMY,1,0,0,0,ROUND_TRIP,AUD,509,18,2,2388.47,1552.51
AUH,FRA,2027-04-06,,IX,PREMIUM_ECONOMY,3,0,1,1,ONE_WAY,EUR,622,23,9,2123.41,2293.28
ICN,JFK,2027-02-28,2027-03-10,GF,ECONOMY,3,2,0,2,ROUND_TRIP,USD,516,1,9,5470.68,5470.68
BOM,NRT,2026-10-02,,WY,PREMIUM_ECONOMY,1,1,1,0,ONE_WAY,USD,583,16,1,4105.28,4105.28
SYD,ORD,2026-12-25,,MH,ECONOMY,4,0,1,0,ONE_WAY,INR,502,21,5,7072.73,84.87
MAA,DFW,2026-12-20,,EY,ECONOMY,1,0,1,1,ONE_WAY,EUR,689,9,20,1729.99,1868.39
MIA,BKK,2027-08-10,,IB,ECONOMY,1,1,0,1,ONE_WAY,USD,499,17,1,1206.68,1206.68
CCU,NRT,2027-03-02,2027-03-09,IX,BUSINESS,2,1,1,0,ROUND_TRIP,EUR,655,1,11,15800.46,17064.5
MNL,FRA,2026-12-05,,MH,ECONOMY,3,0,0,0,ONE_WAY,USD,263,11,15,1018.77,1018.77
BOM,DEL,2026-10-12,2026-11-05,GF,ECONOMY,2,0,0,0,ROUND_TRIP,AUD,189,13,16,2777.1,1805.12
ZRH,ORD,2026-09-11,2026-09-22,DL,ECONOMY,1,0,0,0,ROUND_TRIP,AED,517,13,21,1795.4,488.35
BOM,MAA,2026-11-24,,SG,ECONOMY,1,0,0,2,ONE_WAY,USD,851,4,18,1005.41,1005.41
SIN,MAA,2027-03-24,,LH,ECONOMY,4,1,0,1,ONE_WAY,AED,234,10,13,3928.96,1068.68
FRA,ZRH,2027-07-04,2027-07-16,AF,PREMIUM_ECONOMY,1,0,0,2,ROUND_TRIP,USD,550,12,21,2986.68,2986.68
CCU,LAX,2026-10-29,,QR,ECONOMY,2,0,0,1,ONE_WAY,INR,353,8,13,547.74,6.57
LAX,MEL,2027-04-05,2027-04-29,KL,ECONOMY,1,0,0,1,ROUND_TRIP,EUR,598,5,14,1434.08,1548.81
MIA,SIN,2026-09-22,2026-10-14,MH,BUSINESS,2,2,0,0,ROUND_TRIP,SGD,93,14,15,9216.88,6820.49
SFO,SYD,2026-09-13,2026-10-06,IB,ECONOMY,1,0,0,0,ROUND_TRIP,INR,320,6,11,2338.61,28.06
AMD,NRT,2027-01-18,,GF,ECONOMY,1,0,0,1,ONE_WAY,USD,659,1,11,394.45,394.45
SFO,DFW,2027-02-12,,UA,ECONOMY,2,0,0,1,ONE_WAY,USD,465,5,12,1167.18,1167.18
BOM,SFO,2026-11-22,2026-12-12,TG,PREMIUM_ECONOMY,1,0,0,1,ROUND_TRIP,GBP,568,17,2,2511.62,3189.76
NRT,AUH,2027-04-28,2027-05-26,IB,ECONOMY,1,0,0,0,ROUND_TRIP,EUR,656,5,15,2663.79,2876.89
DPS,SFO,2026-09-05,,UA,ECONOMY,2,0,0,0,ONE_WAY,USD,520,5,13,2586.35,2586.35
DOH,DFW,2026-09-09,2026-09-21,GF,ECONOMY,2,0,0,1,ROUND_TRIP,USD,621,19,5,2285.87,2285.87
CDG,HKG,2027-08-06,2027-08-15,IX,ECONOMY,1,2,0,0,ROUND_TRIP,AED,367,3,9,4644.86,1263.4
BKK,MEL,2027-04-14,2027-05-13,DL,PREMIUM_ECONOMY,1,0,1,0,ROUND_TRIP,USD,368,3,9,1475.97,1475.97
AMD,CGK,2027-02-11,,PR,PREMIUM_ECONOMY,1,0,0,2,ONE_WAY,INR,297,21,1,1583.44,19.0
BLR,NRT,2026-08-18,2026-09-10,WY,ECONOMY,2,1,0,0,ROUND_TRIP,INR,425,3,10,4147.64,49.77
LHR,LAX,2026-08-15,,AA,ECONOMY,1,0,0,1,ONE_WAY,EUR,520,15,23,974.02,1051.94
KUL,BLR,2027-04-11,,MH,ECONOMY,1,0,0,1,ONE_WAY,EUR,514,4,12,1247.93,1347.76
DPS,DFW,2027-05-27,2027-06-26,WY,ECONOMY,1,1,0,2,ROUND_TRIP,EUR,585,3,12,1677.24,1811.42
DEL,BAH,2026-08-21,2026-08-29,GF,ECONOMY,1,0,0,1,ROUND_TRIP,INR,294,20,0,1054.91,12.66
DXB,LHR,2027-02-25,,AF,FIRST,1,0,1,1,ONE_WAY,INR,324,17,22,2539.61,30.48
KUL,FRA,2026-12-17,,AF,PREMIUM_ECONOMY,2,0,0,1,ONE_WAY,INR,289,18,22,1937.64,23.25
AUH,CCU,2026-08-18,,BA,ECONOMY,1,0,0,1,ONE_WAY,EUR,634,6,16,1287.16,1390.13
ORD,HYD,2027-05-16,,SQ,ECONOMY,1,0,0,0,ONE_WAY,INR,102,7,8,943.32,11.32
MAD,NRT,2027-01-22,,SG,ECONOMY,2,0,0,1,ONE_WAY,AED,551,7,16,1569.78,426.98
AUH,AMD,2027-03-08,,LH,BUSINESS,2,1,1,1,ONE_WAY,INR,644,22,8,13470.97,161.65
JFK,LHR,2026-12-24,,GF,ECONOMY,3,1,0,1,ONE_WAY,USD,296,4,8,3139.17,3139.17
HKG,SIN,2026-09-22,,UK,ECONOMY,2,2,0,1,ONE_WAY,USD,457,14,21,2259.44,2259.44
DXB,CDG,2026-09-06,2026-10-03,DL,ECONOMY,1,0,0,2,ROUND_TRIP,EUR,574,21,6,2527.26,2729.44
KUL,DOH,2027-01-04,,QR,PREMIUM_ECONOMY,1,1,0,0,ONE_WAY,USD,271,13,17,3308.32,3308.32
LAX,MAA,2027-07-13,,IB,ECONOMY,2,0,0,0,ONE_WAY,USD,525,15,23,1364.14,1364.14
LHR,MNL,2027-03-28,,TG,PREMIUM_ECONOMY,1,0,0,0,ONE_WAY,EUR,178,9,11,1662.33,1795.32
ZRH,CGK,2026-10-28,,TG,ECONOMY,1,1,0,1,ONE_WAY,EUR,184,14,17,1064.22,1149.36
SYD,NRT,2026-10-26,,GF,FIRST,1,0,0,1,ONE_WAY,EUR,770,15,3,9010.0,9730.8
MCT,LAX,2027-05-11,2027-05-27,EY,PREMIUM_ECONOMY,1,0,0,0,ROUND_TRIP,EUR,480,23,7,1773.66,1915.55
CGK,BLR,2026-12-11,2026-12-19,KL,BUSINESS,2,2,1,1,ROUND_TRIP,INR,409,1,7,7454.31,89.45
CDG,AMS,2026-09-25,,AI,ECONOMY,3,1,0,1,ONE_WAY,EUR,706,10,21,2591.31,2798.61
BKK,SIN,2027-06-14,,WY,BUSINESS,2,0,0,1,ONE_WAY,GBP,267,14,18,2349.4,2983.74
DOH,BKK,2027-03-08,2027-04-03,SG,ECONOMY,2,0,0,1,ROUND_TRIP,USD,313,4,9,1469.24,1469.24
MCT,KWI,2027-02-19,,6E,PREMIUM_ECONOMY,1,0,0,1,ONE_WAY,GBP,407,20,2,253.79,322.31
MNL,AMD,2027-03-08,2027-03-29,KL,ECONOMY,3,0,0,1,ROUND_TRIP,USD,533,17,1,3704.92,3704.92
HYD,DFW,2026-11-14,2026-12-10,EK,BUSINESS,1,0,0,0,ROUND_TRIP,SGD,175,13,15,4238.37,3136.39
AMS,KWI,2026-08-23,,TG,ECONOMY,1,0,0,1,ONE_WAY,USD,217,6,9,1642.69,1642.69
CCU,SFO,2026-11-16,2026-12-02,EY,ECONOMY,2,2,0,0,ROUND_TRIP,AED,307,14,19,3166.76,861.36
MEL,LHR,2027-05-17,,UK,BUSINESS,2,0,0,1,ONE_WAY,EUR,299,7,11,5886.97,6357.93
HYD,SFO,2026-10-08,,PR,BUSINESS,1,1,0,1,ONE_WAY,USD,705,22,9,7574.51,7574.51
DXB,CGK,2026-12-05,2026-12-19,MH,ECONOMY,3,0,0,1,ROUND_TRIP,USD,668,20,7,9262.6,9262.6
FCO,DPS,2026-11-07,2026-11-27,KL,ECONOMY,1,0,0,1,ROUND_TRIP,INR,259,20,0,1623.91,19.49
MNL,FRA,2026-08-15,2026-08-31,WN,PREMIUM_ECONOMY,2,0,0,0,ROUND_TRIP,USD,263,23,3,2105.47,2105.47
ORD,SIN,2026-09-06,,AI,ECONOMY,4,0,0,0,ONE_WAY,GBP,157,5,7,5061.59,6428.22
FCO,CDG,2026-11-20,,WN,ECONOMY,1,0,0,0,ONE_WAY,EUR,503,7,15,191.46,206.78
KWI,DEL,2026-09-13,,EK,ECONOMY,1,0,0,2,ONE_WAY,USD,411,3,9,1242.96,1242.96
JFK,MAD,2027-01-06,2027-01-31,BA,BUSINESS,3,0,0,1,ROUND_TRIP,USD,733,6,18,25890.24,25890.24
BAH,FRA,2026-08-27,,EY,BUSINESS,3,0,0,1,ONE_WAY,USD,333,11,16,12850.95,12850.95
LHR,PNQ,2027-06-16,2027-07-01,IX,BUSINESS,1,1,0,1,ROUND_TRIP,INR,475,10,17,2862.89,34.35
DXB,BLR,2026-09-16,2026-09-19,UK,ECONOMY,1,0,0,0,ROUND_TRIP,EUR,401,12,18,1084.73,1171.51
CCU,DPS,2026-12-09,,EY,BUSINESS,1,0,0,0,ONE_WAY,AUD,193,3,6,3135.75,2038.24
ORD,LHR,2027-03-06,2027-03-17,GA,ECONOMY,1,0,0,1,ROUND_TRIP,AED,352,12,17,2019.89,549.41
BOM,BKK,2026-12-29,2027-01-11,UK,ECONOMY,2,0,0,1,ROUND_TRIP,USD,543,4,13,902.59,902.59
BLR,MCT,2026-10-24,,EK,PREMIUM_ECONOMY,3,0,0,0,ONE_WAY,GBP,165,3,5,5429.31,6895.22
BLR,ICN,2026-12-20,2027-01-19,IB,ECONOMY,1,0,0,1,ROUND_TRIP,GBP,687,4,15,2136.15,2712.91
CCU,NRT,2026-11-14,2026-12-10,UA,ECONOMY,2,1,0,0,ROUND_TRIP,GBP,655,0,10,7109.85,9029.51
HYD,BKK,2027-05-26,2027-06-11,LX,PREMIUM_ECONOMY,1,0,0,1,ROUND_TRIP,USD,275,11,15,2283.51,2283.51
LAX,BLR,2027-04-28,2027-05-26,EK,ECONOMY,4,0,0,0,ROUND_TRIP,GBP,566,11,20,10606.51,13470.27
ICN,DOH,2027-03-05,,PR,ECONOMY,1,1,0,1,ONE_WAY,INR,601,15,1,538.19,6.46
DPS,DOH,2026-11-08,,LH,ECONOMY,3,1,0,1,ONE_WAY,INR,488,17,1,5839.32,70.07
DEL,PNQ,2026-11-10,2026-11-30,UA,ECONOMY,2,0,0,0,ROUND_TRIP,GBP,534,13,21,3773.19,4791.95
DPS,FRA,2027-06-03,,EK,PREMIUM_ECONOMY,2,0,0,0,ONE_WAY,SGD,138,5,7,4487.32,3320.62
SFO,MIA,2026-09-09,,EK,BUSINESS,1,0,0,0,ONE_WAY,USD,133,18,20,2263.63,2263.63
SIN,BAH,2026-09-26,2026-10-17,EK,ECONOMY,1,0,0,1,ROUND_TRIP,GBP,252,7,11,1634.48,2075.79
KWI,DXB,2026-08-24,,EK,ECONOMY,2,0,0,0,ONE_WAY,USD,593,16,1,6189.62,6189.62
KUL,HKG,2027-03-25,,TG,ECONOMY,4,1,0,0,ONE_WAY,EUR,503,4,12,5745.25,6204.87
LAX,DEL,2026-12-06,,AI,ECONOMY,1,0,0,1,ONE_WAY,USD,180,21,0,663.31,663.31
MCT,BAH,2026-11-24,2026-12-19,KL,ECONOMY,1,1,1,0,ROUND_TRIP,INR,585,3,12,1985.66,23.83
MAD,PNQ,2026-08-30,,GA,ECONOMY,3,0,0,1,ONE_WAY,EUR,434,13,20,5355.52,5783.96
MCT,AMS,2027-02-04,2027-02-10,WN,ECONOMY,1,0,0,0,ROUND_TRIP,USD,445,16,23,701.89,701.89
MNL,DPS,2026-12-28,2027-01-02,EY,ECONOMY,1,0,0,0,ROUND_TRIP,USD,473,15,22,2663.25,2663.25
LHR,MAD,2026-08-19,,LH,ECONOMY,3,0,0,1,ONE_WAY,USD,379,5,11,4748.22,4748.22
ORD,LHR,2027-08-10,,AF,BUSINESS,1,0,0,1,ONE_WAY,EUR,350,8,13,4556.41,4920.92
DEL,BOM,2027-03-02,,WN,ECONOMY,3,0,1,0,ONE_WAY,USD,550,23,8,2709.78,2709.78
BOM,BLR,2027-03-12,,DL,BUSINESS,2,0,0,1,ONE_WAY,USD,609,23,9,4552.08,4552.08
MAD,LHR,2027-04-02,2027-05-01,IB,ECONOMY,1,0,0,0,ROUND_TRIP,USD,541,20,5,1074.78,1074.78
SFO,CGK,2027-07-17,,IX,PREMIUM_ECONOMY,2,1,1,0,ONE_WAY,USD,328,9,14,4662.44,4662.44
CCU,ICN,2027-06-05,2027-07-04,LH,BUSINESS,4,0,0,1,ROUND_TRIP,EUR,603,3,13,25556.83,27601.38
HYD,CGK,2027-02-02,2027-02-06,SQ,BUSINESS,4,0,0,1,ROUND_TRIP,USD,763,7,19,12956.61,12956.61
CDG,KUL,2027-03-09,2027-03-27,WY,BUSINESS,1,0,0,0,ROUND_TRIP,USD,312,22,3,7270.52,7270.52
DXB,BAH,2027-05-03,,GA,ECONOMY,3,0,0,1,ONE_WAY,AED,713,14,1,4444.16,1208.81
HKG,SIN,2027-03-14,2027-03-23,BA,ECONOMY,3,0,0,0,ROUND_TRIP,GBP,339,9,14,6814.83,8654.83
HKG,CGK,2027-06-02,2027-06-09,AF,ECONOMY,2,1,0,1,ROUND_TRIP,INR,752,4,16,8511.27,102.14
PNQ,CGK,2027-03-28,2027-03-31,6E,ECONOMY,2,0,0,1,ROUND_TRIP,EUR,523,13,21,1842.34,1989.73
MAA,SFO,2026-11-12,2026-12-09,PR,ECONOMY,3,0,1,1,ROUND_TRIP,GBP,508,16,0,2415.31,3067.44
CCU,DPS,2026-12-11,,UA,BUSINESS,1,0,0,0,ONE_WAY,EUR,193,14,17,3143.82,3395.33
DEL,SYD,2027-06-12,,KL,BUSINESS,1,0,0,1,ONE_WAY,USD,434,17,0,2854.67,2854.67
CDG,CCU,2027-05-30,2027-06-21,TG,BUSINESS,4,0,0,0,ROUND_TRIP,USD,375,13,19,36570.15,36570.15
KWI,MAA,2026-12-31,,WN,ECONOMY,1,2,0,2,ONE_WAY,USD,310,7,12,1175.57,1175.57
HKG,AMS,2027-05-16,2027-05-22,TG,BUSINESS,2,0,0,0,ROUND_TRIP,GBP,147,13,15,12219.13,15518.3
DFW,MIA,2026-09-09,,SQ,ECONOMY,3,0,0,1,ONE_WAY,USD,612,3,13,5017.06,5017.06
FRA,AUH,2026-11-01,,SQ,ECONOMY,1,0,0,2,ONE_WAY,USD,768,13,1,1489.84,1489.84
BLR,LHR,2026-10-29,,AI,ECONOMY,3,2,0,0,ONE_WAY,EUR,209,16,19,5566.33,6011.64
SFO,MEL,2026-08-23,2026-09-09,EK,PREMIUM_ECONOMY,3,0,1,1,ROUND_TRIP,INR,294,4,8,9803.29,117.64
JFK,DPS,2026-10-10,,EK,PREMIUM_ECONOMY,1,0,0,1,ONE_WAY,USD,161,23,1,387.59,387.59
DFW,PNQ,2026-10-14,,EK,BUSINESS,2,0,0,0,ONE_WAY,USD,452,14,21,8497.65,8497.65
SFO,BAH,2026-12-21,,TG,BUSINESS,1,0,0,0,ONE_WAY,USD,168,10,12,2105.41,2105.41
MNL,DEL,2027-02-21,2027-03-02,SG,ECONOMY,2,0,0,1,ROUND_TRIP,USD,669,13,0,3524.21,3524.21
AUH,CDG,2026-09-13,,IB,ECONOMY,1,0,0,2,ONE_WAY,EUR,420,7,14,1126.54,1216.66
DFW,KUL,2027-02-10,2027-02-24,AI,ECONOMY,1,1,0,0,ROUND_TRIP,USD,333,7,12,3666.85,3666.85
CCU,SYD,2027-05-02,2027-05-22,IB,BUSINESS,1,0,0,1,ROUND_TRIP,USD,433,4,11,3407.77,3407.77
LAX,DPS,2026-10-18,,IB,FIRST,4,0,0,0,ONE_WAY,USD,371,7,13,18988.66,18988.66
KUL,ICN,2027-07-21,,KL,ECONOMY,1,1,1,2,ONE_WAY,USD,462,5,12,1493.63,1493.63
BLR,AMS,2026-09-20,,EK,PREMIUM_ECONOMY,1,0,0,1,ONE_WAY,USD,601,14,0,2194.21,2194.21
KWI,MCT,2027-06-18,2027-07-16,LH,ECONOMY,4,0,0,2,ROUND_TRIP,AED,794,23,12,12011.04,3267.0
CDG,MCT,2026-11-17,2026-12-01,BA,BUSINESS,1,0,0,1,ROUND_TRIP,AED,272,13,17,6792.86,1847.66
NRT,KWI,2026-11-19,2026-12-16,6E,ECONOMY,2,0,0,1,ROUND_TRIP,USD,148,19,21,2817.13,2817.13
AUH,DXB,2027-03-06,,AF,ECONOMY,1,0,0,1,ONE_WAY,USD,733,4,16,1436.43,1436.43
MAA,ZRH,2026-08-22,,GA,PREMIUM_ECONOMY,1,2,0,0,ONE_WAY,USD,517,6,14,6323.25,6323.25
MEL,MNL,2027-07-23,2027-08-07,BA,ECONOMY,1,0,0,1,ROUND_TRIP,EUR,161,9,11,2601.46,2809.58
DXB,FCO,2027-06-01,2027-06-19,AI,ECONOMY,1,0,0,0,ROUND_TRIP,GBP,385,13,19,1123.04,1426.26
AMD,AMS,2026-08-31,,UA,BUSINESS,2,2,0,2,ONE_WAY,AED,554,20,5,14524.51,3950.67
DEL,AMD,2027-06-02,,LX,PREMIUM_ECONOMY,1,0,0,1,ONE_WAY,SGD,506,10,18,2144.32,1586.8
AUH,FCO,2027-07-16,2027-07-25,AI,ECONOMY,1,1,0,2,ROUND_TRIP,USD,857,15,5,2345.73,2345.73
AMD,DEL,2026-09-27,,6E,ECONOMY,1,2,0,0,ONE_WAY,GBP,81,18,19,1029.18,1307.06
KWI,HYD,2026-11-21,2026-11-30,IX,PREMIUM_ECONOMY,2,1,0,1,ROUND_TRIP,INR,257,14,18,6489.48,77.87
MAD,ZRH,2027-05-14,,WY,BUSINESS,2,0,0,1,ONE_WAY,GBP,521,13,21,3116.04,3957.37
DXB,CDG,2027-06-21,2027-06-26,BA,FIRST,2,0,0,1,ROUND_TRIP,AED,452,15,22,41003.79,11153.03
SYD,LAX,2026-11-20,,SG,ECONOMY,3,0,0,0,ONE_WAY,GBP,473,8,15,2230.74,2833.04
MAA,MEL,2027-04-02,,LH,ECONOMY,1,1,0,2,ONE_WAY,EUR,665,8,19,1434.2,1548.94
ORD,CDG,2026-12-17,2027-01-15,WN,PREMIUM_ECONOMY,1,0,0,0,ROUND_TRIP,USD,223,0,3,1770.12,1770.12
FCO,JFK,2026-11-13,,GF,ECONOMY,2,0,0,1,ONE_WAY,USD,450,2,9,527.41,527.41
DPS,DFW,2027-03-06,2027-03-30,AF,BUSINESS,1,0,1,1,ROUND_TRIP,INR,451,8,15,3940.43,47.29
BOM,KUL,2027-08-03,,UA,ECONOMY,2,0,1,0,ONE_WAY,USD,506,13,21,3161.49,3161.49
CDG,LAX,2027-04-30,,GA,ECONOMY,2,0,0,0,ONE_WAY,SGD,592,1,10,1248.36,923.79
SIN,HKG,2026-10-13,2026-11-04,6E,ECONOMY,4,0,0,2,ROUND_TRIP,EUR,642,22,8,4900.48,5292.52
MAD,LHR,2027-05-24,2027-06-06,SG,ECONOMY,3,0,0,1,ROUND_TRIP,AED,604,17,3,2729.92,742.54
JFK,DOH,2027-07-24,2027-08-01,AF,ECONOMY,2,0,1,1,ROUND_TRIP,USD,512,4,12,3360.91,3360.91
CGK,DEL,2027-05-13,,LX,ECONOMY,1,1,1,0,ONE_WAY,INR,463,21,4,534.11,6.41
DXB,MCT,2026-12-31,,SG,ECONOMY,1,0,0,0,ONE_WAY,USD,119,13,14,921.3,921.3
SFO,DXB,2027-02-26,,KL,ECONOMY,1,0,0,0,ONE_WAY,INR,284,2,6,728.98,8.75
ICN,FCO,2027-01-30,,AI,ECONOMY,1,0,0,1,ONE_WAY,EUR,241,1,5,722.36,780.15
CDG,BKK,2027-06-29,,AI,ECONOMY,2,0,0,1,ONE_WAY,EUR,344,17,22,991.52,1070.84
PNQ,DEL,2026-10-22,2026-10-25,EY,ECONOMY,1,1,0,0,ROUND_TRIP,AUD,176,19,21,936.85,608.95
KUL,ORD,2026-09-08,2026-09-30,DL,ECONOMY,1,0,0,0,ROUND_TRIP,USD,210,22,1,1426.32,1426.32
SIN,HYD,2026-12-31,,IX,BUSINESS,4,2,0,0,ONE_WAY,AED,496,20,4,20144.19,5479.22
MAD,MEL,2027-05-21,,WN,ECONOMY,2,0,0,1,ONE_WAY,USD,477,19,2,2153.33,2153.33
LAX,ORD,2027-06-15,2027-07-13,AA,ECONOMY,2,0,0,2,ROUND_TRIP,INR,687,21,8,2457.56,29.49
MNL,BLR,2027-05-18,,BA,PREMIUM_ECONOMY,3,0,0,0,ONE_WAY,USD,96,13,14,4470.03,4470.03
BKK,DEL,2026-09-15,2026-09-29,GF,ECONOMY,3,0,0,0,ROUND_TRIP,INR,112,16,17,3907.4,46.89
BAH,DEL,2027-02-07,2027-02-26,SG,ECONOMY,1,0,0,1,ROUND_TRIP,GBP,644,14,0,750.92,953.67
BLR,DFW,2027-02-22,,IX,ECONOMY,2,0,0,0,ONE_WAY,USD,453,8,15,692.97,692.97
ZRH,CGK,2027-06-04,2027-06-24,DL,ECONOMY,4,0,0,1,ROUND_TRIP,USD,200,12,15,5588.94,5588.94
FCO,SFO,2026-12-27,,DL,ECONOMY,2,0,0,1,ONE_WAY,AED,363,20,2,2879.19,783.14
DEL,DFW,2026-09-28,2026-10-18,TG,ECONOMY,4,0,0,1,ROUND_TRIP,AUD,631,8,18,4096.1,2662.47
DEL,PNQ,2027-08-10,,DL,ECONOMY,1,0,0,0,ONE_WAY,USD,534,19,3,970.21,970.21
DXB,LHR,2026-11-05,,DL,FIRST,1,0,0,0,ONE_WAY,USD,242,12,16,2643.3,2643.3
KUL,DFW,2026-12-06,2027-01-01,WN,BUSINESS,1,2,0,1,ROUND_TRIP,USD,295,17,21,18333.1,18333.1
DXB,FRA,2026-11-11,2026-11-30,TG,ECONOMY,4,0,0,0,ROUND_TRIP,USD,591,8,17,10686.38,10686.38
DXB,LHR,2027-01-25,,GF,ECONOMY,1,0,0,1,ONE_WAY,EUR,323,2,7,435.7,470.56
DXB,MIA,2026-10-16,,6E,BUSINESS,2,0,0,2,ONE_WAY,EUR,193,0,3,3731.69,4030.23
MIA,MAD,2027-04-23,,QR,ECONOMY,1,0,0,2,ONE_WAY,INR,815,14,3,1422.3,17.07
MAA,SIN,2027-03-28,2027-03-31,GA,ECONOMY,1,0,0,2,ROUND_TRIP,SGD,713,6,17,1342.55,993.49
ORD,BLR,2026-09-26,,QR,ECONOMY,1,0,0,1,ONE_WAY,GBP,196,23,2,575.52,730.91
FCO,BLR,2027-03-21,,IX,BUSINESS,3,0,0,1,ONE_WAY,GBP,463,14,21,4500.56,5715.71
DXB,DFW,2027-05-01,2027-05-25,DL,BUSINESS,1,1,0,1,ROUND_TRIP,EUR,523,11,19,11838.06,12785.1
MIA,FRA,2026-12-03,,KL,PREMIUM_ECONOMY,1,0,0,0,ONE_WAY,EUR,292,18,22,935.04,1009.84
MEL,MNL,2027-04-30,,GA,ECONOMY,4,1,0,2,ONE_WAY,USD,215,13,16,4126.46,4126.46
ZRH,JFK,2026-12-02,2026-12-09,AI,BUSINESS,1,1,0,1,ROUND_TRIP,INR,711,4,15,15382.03,184.58
LHR,AMS,2027-07-18,,AF,ECONOMY,2,2,0,1,ONE_WAY,INR,626,3,13,1471.22,17.65
JFK,LHR,2026-10-23,2026-11-01,WY,ECONOMY,1,1,1,2,ROUND_TRIP,USD,391,18,0,1570.41,1570.41
FCO,HKG,2026-09-15,2026-10-15,GF,ECONOMY,1,1,0,1,ROUND_TRIP,GBP,768,16,4,3739.44,4749.09
DXB,LHR,2027-05-08,,IB,ECONOMY,1,0,0,0,ONE_WAY,EUR,242,1,5,449.49,485.45
MAA,MCT,2026-12-30,2027-01-14,MH,PREMIUM_ECONOMY,1,1,0,1,ROUND_TRIP,USD,523,0,8,4288.34,4288.34
BKK,AMS,2027-03-29,,DL,BUSINESS,2,2,0,2,ONE_WAY,AED,666,4,15,13104.3,3564.37
MIA,PNQ,2027-01-26,,6E,BUSINESS,1,0,0,0,ONE_WAY,AED,334,11,16,1875.57,510.16
HKG,SFO,2027-02-10,2027-02-16,WY,ECONOMY,1,0,0,2,ROUND_TRIP,EUR,214,5,8,1340.31,1447.53
CGK,SIN,2026-10-20,,WY,ECONOMY,1,1,0,1,ONE_WAY,EUR,315,9,14,1297.57,1401.38
DFW,LAX,2027-04-12,,WY,ECONOMY,3,0,0,1,ONE_WAY,AED,146,9,11,2472.78,672.6
AUH,MCT,2026-09-04,2026-09-30,EY,ECONOMY,1,1,0,1,ROUND_TRIP,AUD,744,2,14,2696.67,1752.84
BAH,HYD,2027-08-04,2027-08-17,WN,ECONOMY,1,0,0,0,ROUND_TRIP,USD,257,23,3,2013.14,2013.14
ICN,SYD,2027-03-23,2027-04-15,QR,ECONOMY,2,0,0,0,ROUND_TRIP,AED,61,2,3,1729.37,470.39
MEL,MNL,2026-08-20,,IX,BUSINESS,1,0,0,0,ONE_WAY,USD,91,9,10,4777.37,4777.37
HYD,CGK,2027-01-25,2027-02-12,EY,ECONOMY,1,2,1,0,ROUND_TRIP,INR,658,20,6,2798.43,33.58
BOM,LAX,2026-12-30,2027-01-06,DL,BUSINESS,2,0,0,1,ROUND_TRIP,USD,243,20,0,18659.89,18659.89
HYD,CDG,2027-04-10,,SG,ECONOMY,1,0,0,2,ONE_WAY,AUD,736,6,18,724.41,470.87
AMD,DPS,2027-07-16,,GA,ECONOMY,1,0,0,2,ONE_WAY,USD,524,9,17,418.37,418.37
HKG,SIN,2027-06-20,2027-07-03,GA,ECONOMY,1,0,0,1,ROUND_TRIP,EUR,432,20,3,2174.57,2348.54
AMS,AMD,2027-05-21,,DL,ECONOMY,1,1,0,1,ONE_WAY,INR,751,12,0,1366.98,16.4
AMS,DOH,2027-02-26,,IB,ECONOMY,1,1,0,1,ONE_WAY,AED,466,12,19,2090.1,568.51
CCU,DFW,2026-10-28,,SG,FIRST,2,0,0,0,ONE_WAY,AED,614,12,22,3455.47,939.89
ORD,JFK,2026-10-26,2026-11-05,DL,ECONOMY,1,0,0,0,ROUND_TRIP,EUR,113,20,21,2204.82,2381.21
DPS,BOM,2027-03-21,,IX,BUSINESS,2,0,0,1,ONE_WAY,GBP,325,10,15,6656.59,8453.87
AMS,SYD,2026-12-24,,SQ,PREMIUM_ECONOMY,1,0,0,0,ONE_WAY,AED,282,2,6,1943.48,528.63
ZRH,JFK,2026-11-29,,EY,ECONOMY,3,0,0,1,ONE_WAY,INR,696,14,1,3066.84,36.8
MAA,ORD,2027-07-01,,DL,ECONOMY,2,0,1,1,ONE_WAY,USD,465,12,19,924.73,924.73
HKG,FRA,2026-10-30,,UA,ECONOMY,3,2,0,0,ONE_WAY,EUR,624,7,17,4719.31,5096.85
MIA,AMD,2027-05-20,2027-05-26,EK,ECONOMY,1,1,0,1,ROUND_TRIP,GBP,322,4,9,3877.87,4924.89
NRT,DFW,2027-03-07,,SQ,BUSINESS,3,0,0,0,ONE_WAY,INR,314,12,17,5818.75,69.83
HYD,DXB,2026-12-10,,6E,ECONOMY,1,0,0,1,ONE_WAY,EUR,632,7,17,885.46,956.3
SIN,FCO,2027-03-13,2027-04-12,WN,BUSINESS,1,0,0,1,ROUND_TRIP,USD,226,16,19,2050.16,2050.16
LHR,BAH,2027-07-16,,BA,ECONOMY,1,1,0,1,ONE_WAY,INR,497,6,14,3143.45,37.72
HYD,JFK,2026-12-05,,IB,PREMIUM_ECONOMY,1,0,0,2,ONE_WAY,USD,676,16,3,2214.11,2214.11
AMS,FRA,2026-09-09,2026-10-02,6E,ECONOMY,1,0,0,2,ROUND_TRIP,EUR,696,22,9,1488.63,1607.72
ZRH,BLR,2026-09-21,2026-10-17,EY,ECONOMY,2,0,1,1,ROUND_TRIP,USD,184,1,4,3093.36,3093.36
BKK,KUL,2027-02-12,,WN,ECONOMY,1,2,0,1,ONE_WAY,AED,273,13,17,591.17,160.8
CGK,DPS,2026-08-25,2026-08-30,GF,ECONOMY,2,1,0,0,ROUND_TRIP,USD,418,13,19,3708.54,3708.54
DXB,JFK,2027-08-10,,LX,ECONOMY,3,0,1,0,ONE_WAY,GBP,237,5,8,3557.86,4518.48
BKK,LHR,2027-05-27,2027-06-10,UK,ECONOMY,1,0,0,0,ROUND_TRIP,INR,446,22,5,1398.57,16.78
FCO,DOH,2026-12-22,,QR,ECONOMY,4,0,0,1,ONE_WAY,USD,527,17,1,2698.8,2698.8
BOM,CGK,2027-07-03,2027-07-24,EY,ECONOMY,2,0,0,0,ROUND_TRIP,INR,392,11,17,5350.31,64.2
MAD,CCU,2026-11-04,2026-11-12,SQ,ECONOMY,2,0,0,0,ROUND_TRIP,AED,498,2,10,2303.36,626.51
SYD,MAA,2027-02-27,,SQ,BUSINESS,1,1,0,1,ONE_WAY,AUD,570,22,7,2814.46,1829.4
BLR,AMS,2026-10-17,,UA,ECONOMY,1,2,0,1,ONE_WAY,EUR,566,17,2,2332.84,2519.47
CDG,BAH,2027-07-10,2027-07-31,PR,BUSINESS,3,0,1,0,ROUND_TRIP,EUR,163,12,14,18376.47,19846.59
KWI,PNQ,2026-09-22,,UA,BUSINESS,1,1,1,1,ONE_WAY,EUR,707,0,11,5209.32,5626.07
CDG,MAD,2026-12-29,2027-01-20,EK,BUSINESS,3,0,0,2,ROUND_TRIP,USD,656,18,4,7166.16,7166.16
HYD,CCU,2027-04-13,2027-05-13,EY,PREMIUM_ECONOMY,3,0,0,0,ROUND_TRIP,EUR,278,14,18,4538.48,4901.56
FCO,AMS,2027-03-04,,AF,ECONOMY,1,1,0,1,ONE_WAY,GBP,414,11,17,578.16,734.26
FCO,DXB,2027-02-12,,AF,BUSINESS,1,0,0,1,ONE_WAY,USD,233,23,2,2685.99,2685.99
JFK,ORD,2027-06-21,2027-06-25,DL,BUSINESS,1,1,0,0,ROUND_TRIP,EUR,102,0,1,2852.63,3080.84
SYD,ZRH,2026-12-30,2027-01-26,AI,FIRST,1,1,0,2,ROUND_TRIP,USD,639,9,19,28823.13,28823.13
MIA,MNL,2026-12-21,2027-01-04,IX,ECONOMY,1,0,0,0,ROUND_TRIP,USD,646,8,18,2568.94,2568.94
CCU,DFW,2027-05-10,2027-05-29,TG,ECONOMY,1,0,0,1,ROUND_TRIP,USD,711,14,1,878.84,878.84
DXB,DEL,2027-08-06,,GF,ECONOMY,1,0,0,0,ONE_WAY,USD,105,16,17,1254.38,1254.38
ORD,NRT,2026-09-30,2026-10-05,6E,ECONOMY,4,0,0,0,ROUND_TRIP,EUR,78,8,9,3079.52,3325.88
DOH,AMD,2027-03-18,,AI,ECONOMY,1,0,0,1,ONE_WAY,EUR,563,9,18,739.93,799.12
JFK,CGK,2026-09-19,,6E,ECONOMY,1,0,0,0,ONE_WAY,INR,440,11,18,1015.0,12.18
BAH,DEL,2027-02-01,,AF,ECONOMY,4,0,0,1,ONE_WAY,USD,609,22,8,2727.43,2727.43
ZRH,DXB,2026-09-21,,EK,ECONOMY,1,0,0,0,ONE_WAY,USD,442,8,15,1170.43,1170.43
BOM,PNQ,2026-08-30,,AF,ECONOMY,2,0,0,0,ONE_WAY,INR,411,10,16,1152.11,13.83
DPS,DXB,2026-09-06,,EK,PREMIUM_ECONOMY,2,0,0,1,ONE_WAY,USD,605,2,12,3653.73,3653.73
FCO,MCT,2026-12-01,,QR,ECONOMY,1,0,1,0,ONE_WAY,GBP,127,5,7,1608.77,2043.14
FRA,LAX,2027-03-28,,KL,PREMIUM_ECONOMY,1,0,0,0,ONE_WAY,USD,97,13,14,413.89,413.89
HKG,SIN,2027-07-05,,KL,ECONOMY,3,2,0,1,ONE_WAY,USD,429,21,4,5092.53,5092.53
CDG,MAD,2026-09-30,2026-10-13,TG,ECONOMY,2,1,0,1,ROUND_TRIP,USD,539,22,6,1440.03,1440.03
MIA,ORD,2027-07-07,,BA,ECONOMY,3,2,0,0,ONE_WAY,EUR,60,16,17,6371.53,6881.25
SFO,SIN,2027-01-08,,GF,ECONOMY,1,0,0,0,ONE_WAY,AUD,432,14,21,739.72,480.82
MIA,BKK,2027-07-04,,GA,ECONOMY,2,0,1,0,ONE_WAY,USD,381,18,0,1493.38,1493.38
JFK,CDG,2027-02-03,2027-02-21,IX,ECONOMY,4,0,0,0,ROUND_TRIP,INR,363,2,8,3978.38,47.74
SFO,BAH,2027-03-21,2027-03-31,GA,PREMIUM_ECONOMY,1,0,0,0,ROUND_TRIP,USD,168,21,23,1399.5,1399.5
BOM,SIN,2027-05-20,,UK,ECONOMY,1,0,0,1,ONE_WAY,USD,270,21,1,776.25,776.25
LHR,NRT,2026-11-28,2026-12-16,SG,ECONOMY,1,0,0,0,ROUND_TRIP,EUR,436,4,11,959.88,1036.67
BLR,MNL,2027-05-24,2027-06-18,MH,ECONOMY,1,0,0,1,ROUND_TRIP,USD,553,0,9,2419.81,2419.81
AMS,DPS,2027-03-28,2027-04-12,EY,ECONOMY,1,0,0,1,ROUND_TRIP,AUD,219,5,8,476.49,309.72
AMS,AUH,2026-11-19,2026-12-11,GA,ECONOMY,3,0,0,0,ROUND_TRIP,USD,436,3,10,5576.44,5576.44
DPS,FCO,2027-03-13,2027-04-07,AI,ECONOMY,3,0,0,0,ROUND_TRIP,USD,326,12,17,1861.84,1861.84
MAD,DPS,2026-12-04,,IB,ECONOMY,1,0,0,0,ONE_WAY,AUD,566,19,4,1009.09,655.91
AMD,KWI,2026-08-31,2026-09-27,LH,BUSINESS,2,0,0,1,ROUND_TRIP,USD,540,2,11,4689.06,4689.06
LHR,CDG,2027-01-01,,WY,FIRST,1,0,0,2,ONE_WAY,AED,755,17,5,3250.73,884.2
MEL,ICN,2026-12-20,2027-01-09,MH,ECONOMY,3,0,0,0,ROUND_TRIP,SGD,475,2,9,7381.66,5462.43
MIA,DEL,2026-11-04,2026-11-08,GF,ECONOMY,1,0,0,1,ROUND_TRIP,GBP,344,4,9,948.62,1204.75
SFO,PNQ,2026-10-15,2026-11-14,AF,BUSINESS,1,0,0,0,ROUND_TRIP,INR,287,6,10,1537.49,18.45
HKG,JFK,2027-05-30,2027-06-23,GF,ECONOMY,1,0,0,1,ROUND_TRIP,AUD,429,3,10,2088.12,1357.28
AMD,LHR,2026-11-26,,UA,ECONOMY,1,1,0,1,ONE_WAY,INR,601,4,14,1533.45,18.4
AMD,ZRH,2027-07-15,,AI,FIRST,3,0,1,1,ONE_WAY,EUR,318,2,7,8677.34,9371.53
ICN,KUL,2027-04-14,,SQ,ECONOMY,2,1,0,2,ONE_WAY,EUR,353,16,21,1136.76,1227.7
MNL,DFW,2027-01-15,,GF,BUSINESS,2,2,0,1,ONE_WAY,USD,642,19,5,4232.3,4232.3
MEL,MAD,2026-12-03,,EK,ECONOMY,3,0,0,2,ONE_WAY,USD,267,10,14,3975.2,3975.2
SFO,BKK,2027-07-15,,TG,ECONOMY,3,0,1,0,ONE_WAY,EUR,360,15,21,3740.67,4039.92
DXB,DFW,2027-05-10,2027-05-24,GF,ECONOMY,1,0,0,0,ROUND_TRIP,SGD,423,13,20,1848.1,1367.59
MAD,NRT,2027-02-04,2027-02-20,DL,FIRST,1,0,1,1,ROUND_TRIP,AUD,571,14,23,13353.13,8679.53
MCT,DFW,2027-03-01,,LH,BUSINESS,4,0,0,1,ONE_WAY,USD,647,12,22,18338.94,18338.94
ORD,SFO,2027-01-01,,LH,ECONOMY,1,0,0,2,ONE_WAY,USD,376,3,9,823.92,823.92
DFW,NRT,2026-08-16,,SQ,FIRST,1,1,0,1,ONE_WAY,USD,565,0,9,20082.9,20082.9
SFO,SIN,2027-04-12,2027-04-28,UA,ECONOMY,3,0,0,0,ROUND_TRIP,AUD,432,5,12,4081.31,2652.85
LAX,DOH,2026-11-01,2026-11-20,IX,ECONOMY,2,0,0,1,ROUND_TRIP,USD,217,6,9,1935.01,1935.01
DPS,FCO,2026-10-05,,6E,ECONOMY,2,0,0,0,ONE_WAY,INR,326,22,3,446.02,5.35
BOM,JFK,2026-08-17,2026-09-14,EY,ECONOMY,1,1,0,0,ROUND_TRIP,EUR,628,13,23,7198.07,7773.92
PNQ,DFW,2026-09-20,,LX,ECONOMY,2,0,1,0,ONE_WAY,INR,495,0,8,1045.2,12.54
JFK,CDG,2026-12-26,,GF,ECONOMY,2,0,1,2,ONE_WAY,INR,543,9,18,2267.33,27.21
SYD,SFO,2027-06-22,2027-07-02,IB,ECONOMY,1,0,0,1,ROUND_TRIP,USD,303,0,5,1657.32,1657.32
SYD,BOM,2027-03-29,,TG,FIRST,1,0,0,1,ONE_WAY,EUR,738,8,20,5648.47,6100.35
CDG,SFO,2027-06-02,,WN,ECONOMY,1,0,0,0,ONE_WAY,USD,548,9,18,1233.71,1233.71
AMS,KWI,2026-10-31,,DL,BUSINESS,4,0,0,0,ONE_WAY,EUR,106,16,17,12958.46,13995.14
ICN,SIN,2027-03-29,2027-04-02,AI,ECONOMY,1,0,0,0,ROUND_TRIP,USD,172,2,4,1677.85,1677.85
CCU,CDG,2027-01-04,,KL,PREMIUM_ECONOMY,2,0,0,0,ONE_WAY,EUR,638,6,16,2714.18,2931.31
MIA,DOH,2026-08-18,,SQ,PREMIUM_ECONOMY,1,1,0,0,ONE_WAY,USD,296,17,21,4616.29,4616.29
AUH,AMS,2027-01-30,,EK,ECONOMY,1,0,0,0,ONE_WAY,INR,289,10,14,886.34,10.64
MIA,AMD,2027-05-29,,BA,ECONOMY,4,2,0,1,ONE_WAY,USD,263,12,16,6973.91,6973.91
BKK,BLR,2026-12-05,,QR,FIRST,2,0,0,0,ONE_WAY,GBP,117,2,3,14190.17,18021.52
ICN,DXB,2027-08-02,,AA,ECONOMY,3,0,0,2,ONE_WAY,USD,683,19,6,1052.97,1052.97
MNL,MAD,2026-10-14,2026-10-28,EK,PREMIUM_ECONOMY,1,0,1,0,ROUND_TRIP,USD,274,21,1,2811.98,2811.98
DPS,KWI,2026-08-30,,AF,ECONOMY,3,0,1,1,ONE_WAY,AED,432,6,13,6145.3,1671.52
HKG,HYD,2026-10-07,2026-10-28,GF,ECONOMY,1,0,0,1,ROUND_TRIP,USD,758,7,19,763.04,763.04
CDG,MCT,2027-06-07,,LH,PREMIUM_ECONOMY,2,0,0,0,ONE_WAY,EUR,212,20,23,4085.71,4412.57
KWI,LAX,2026-08-15,2026-09-10,AF,PREMIUM_ECONOMY,1,1,0,1,ROUND_TRIP,INR,404,14,20,5646.29,67.76
AUH,CDG,2027-07-13,2027-08-05,AI,ECONOMY,4,0,0,2,ROUND_TRIP,INR,400,14,20,10819.79,129.84
MAA,FCO,2027-02-10,,BA,ECONOMY,1,0,0,1,ONE_WAY,USD,317,6,11,387.19,387.19
AMD,CCU,2027-07-11,,TG,ECONOMY,2,0,0,1,ONE_WAY,SGD,193,13,16,1195.88,884.95
DOH,MEL,2026-11-01,2026-11-08,SG,BUSINESS,1,0,0,1,ROUND_TRIP,EUR,549,7,16,3503.32,3783.59
PNQ,SFO,2026-12-17,2026-12-24,LX,PREMIUM_ECONOMY,1,1,0,0,ROUND_TRIP,EUR,300,4,9,1884.98,2035.78
LAX,AUH,2027-04-25,,SG,BUSINESS,2,0,0,0,ONE_WAY,GBP,440,2,9,3371.18,4281.4
MAD,AUH,2027-06-01,,WN,ECONOMY,2,0,0,2,ONE_WAY,USD,620,17,3,1141.82,1141.82
CDG,MAA,2027-04-16,,EY,ECONOMY,2,1,0,0,ONE_WAY,EUR,438,17,0,2543.32,2746.79
FRA,AMD,2026-11-29,,LX,PREMIUM_ECONOMY,1,0,0,0,ONE_WAY,GBP,624,16,2,1200.72,1524.91
AMS,BOM,2027-02-18,,AF,BUSINESS,1,0,0,2,ONE_WAY,EUR,473,2,9,1400.03,1512.03
AUH,HKG,2027-07-24,,EK,FIRST,4,2,0,1,ONE_WAY,USD,287,12,16,29407.54,29407.54
CGK,SFO,2027-02-18,,WY,ECONOMY,1,0,0,0,ONE_WAY,EUR,267,3,7,992.9,1072.33
FCO,SIN,2027-01-31,,SQ,ECONOMY,1,0,0,1,ONE_WAY,EUR,190,3,6,586.98,633.94
SFO,DXB,2027-03-27,,PR,ECONOMY,2,0,0,0,ONE_WAY,EUR,284,18,22,1744.5,1884.06
MCT,AMS,2026-08-16,2026-08-24,TG,BUSINESS,2,0,0,1,ROUND_TRIP,USD,555,4,13,15963.34,15963.34
KUL,MEL,2027-04-08,2027-05-08,MH,BUSINESS,1,2,1,1,ROUND_TRIP,INR,621,4,14,19481.79,233.78
PNQ,ICN,2027-05-25,,GF,PREMIUM_ECONOMY,1,0,0,0,ONE_WAY,USD,86,21,22,1819.63,1819.63
AUH,FRA,2027-03-04,2027-03-22,EY,ECONOMY,1,0,0,0,ROUND_TRIP,USD,517,12,20,933.93,933.93
BKK,DEL,2026-08-16,2026-08-22,AF,ECONOMY,3,1,0,1,ROUND_TRIP,GBP,180,2,5,10432.01,13248.65
BOM,MAA,2026-11-26,,GA,PREMIUM_ECONOMY,1,1,0,2,ONE_WAY,AED,875,6,20,3574.11,972.16
MCT,BKK,2027-04-26,,IB,PREMIUM_ECONOMY,2,2,0,1,ONE_WAY,SGD,351,23,4,6803.42,5034.53
DFW,DEL,2027-02-19,,BA,PREMIUM_ECONOMY,3,1,0,0,ONE_WAY,AED,414,13,19,6968.62,1895.46
MEL,BLR,2026-09-08,,UK,BUSINESS,2,0,0,0,ONE_WAY,GBP,583,20,5,6726.31,8542.41
JFK,MAD,2026-09-07,,AF,ECONOMY,2,1,0,1,ONE_WAY,AED,754,6,18,3984.97,1083.91
NRT,HKG,2026-09-15,2026-09-29,DL,PREMIUM_ECONOMY,1,0,0,0,ROUND_TRIP,USD,492,12,20,3496.09,3496.09
MCT,LAX,2026-09-08,2026-09-17,EY,ECONOMY,2,0,0,0,ROUND_TRIP,USD,480,1,9,1922.68,1922.68
DEL,PNQ,2026-09-29,,AF,ECONOMY,1,1,0,0,ONE_WAY,USD,534,19,3,1714.65,1714.65
AMD,SFO,2027-03-01,2027-03-17,WN,ECONOMY,1,0,0,0,ROUND_TRIP,INR,227,16,19,616.89,7.4
PNQ,CCU,2026-11-03,2026-11-19,DL,ECONOMY,1,1,0,1,ROUND_TRIP,USD,601,2,12,4625.19,4625.19
BOM,LAX,2026-10-29,,UA,ECONOMY,2,0,0,1,ONE_WAY,USD,211,17,20,1950.5,1950.5
CDG,DFW,2026-10-25,2026-10-31,QR,FIRST,2,0,0,1,ROUND_TRIP,EUR,374,14,20,16620.74,17950.4
SYD,HYD,2026-11-25,,SG,PREMIUM_ECONOMY,1,0,0,0,ONE_WAY,USD,413,0,6,455.4,455.4
HKG,JFK,2026-12-22,2027-01-04,EY,ECONOMY,2,0,0,1,ROUND_TRIP,USD,438,2,9,4308.53,4308.53
BLR,KWI,2026-11-19,,BA,ECONOMY,1,2,0,1,ONE_WAY,SGD,362,0,6,2739.7,2027.38
MEL,CGK,2027-04-18,2027-05-16,IX,BUSINESS,2,0,0,1,ROUND_TRIP,GBP,724,15,3,6129.46,7784.41
PNQ,DXB,2027-06-18,,PR,ECONOMY,2,0,1,0,ONE_WAY,USD,504,1,9,1930.12,1930.12
BKK,CCU,2027-07-27,2027-07-31,IX,ECONOMY,1,0,0,1,ROUND_TRIP,INR,696,11,22,635.81,7.63
BKK,MNL,2027-04-14,2027-04-20,UK,BUSINESS,3,2,0,1,ROUND_TRIP,INR,474,12,19,24594.65,295.14
SIN,LAX,2026-12-12,2026-12-21,PR,ECONOMY,1,0,0,1,ROUND_TRIP,EUR,535,9,17,2144.98,2316.58
ORD,AUH,2027-04-05,2027-04-27,EK,BUSINESS,4,0,0,0,ROUND_TRIP,SGD,565,6,15,45661.46,33789.48
KWI,DXB,2027-04-15,2027-05-09,SG,ECONOMY,2,0,0,1,ROUND_TRIP,USD,679,7,18,4019.6,4019.6
MNL,PNQ,2027-03-16,,SG,BUSINESS,1,0,0,2,ONE_WAY,INR,354,0,5,2287.07,27.44
HKG,HYD,2027-05-25,2027-06-24,IX,ECONOMY,2,1,1,1,ROUND_TRIP,INR,731,6,18,2120.91,25.45
MCT,ORD,2026-12-16,2027-01-10,LX,BUSINESS,2,0,0,0,ROUND_TRIP,USD,491,16,0,4961.89,4961.89
SFO,DFW,2026-10-24,,GF,PREMIUM_ECONOMY,3,0,1,1,ONE_WAY,USD,469,21,4,2625.44,2625.44
NRT,AUH,2027-01-09,,GF,ECONOMY,2,0,0,1,ONE_WAY,AED,718,0,11,2542.5,691.56
HYD,DOH,2026-08-26,2026-09-15,AI,ECONOMY,2,0,0,0,ROUND_TRIP,USD,515,10,18,1872.1,1872.1
PNQ,SFO,2027-07-15,,SQ,ECONOMY,2,2,0,1,ONE_WAY,GBP,384,6,12,1381.1,1754.0
BAH,DEL,2027-03-29,,SG,BUSINESS,1,1,0,0,ONE_WAY,USD,548,16,1,2504.75,2504.75
FCO,SYD,2027-06-17,2027-07-14,6E,ECONOMY,1,2,0,1,ROUND_TRIP,SGD,225,5,8,2894.33,2141.8
BLR,CDG,2027-05-14,2027-06-06,6E,BUSINESS,1,0,0,0,ROUND_TRIP,GBP,72,0,1,4076.82,5177.56
DXB,BKK,2027-04-05,2027-05-05,AA,ECONOMY,2,1,0,2,ROUND_TRIP,AED,845,0,14,2297.47,624.91
LAX,LHR,2026-12-17,2026-12-20,SG,FIRST,4,0,1,1,ROUND_TRIP,USD,244,19,23,29198.45,29198.45
BKK,NRT,2027-04-13,,GF,FIRST,1,0,0,1,ONE_WAY,EUR,248,13,17,4094.29,4421.83
LAX,BOM,2026-10-17,,PR,PREMIUM_ECONOMY,1,1,0,1,ONE_WAY,EUR,184,21,0,906.54,979.06
SFO,CDG,2027-07-07,2027-07-15,KL,ECONOMY,1,1,0,1,ROUND_TRIP,GBP,367,14,20,4558.63,5789.46
MIA,KWI,2026-11-21,,DL,ECONOMY,2,0,0,1,ONE_WAY,EUR,280,14,18,590.11,637.32
ZRH,DOH,2027-06-08,2027-06-18,EK,ECONOMY,2,2,0,0,ROUND_TRIP,GBP,369,10,16,13596.21,17267.19
ICN,AMD,2027-01-12,2027-01-15,IX,ECONOMY,1,0,0,1,ROUND_TRIP,EUR,763,17,5,1934.49,2089.25
ICN,BOM,2027-02-28,,BA,ECONOMY,4,0,0,2,ONE_WAY,INR,636,10,20,4166.59,50.0
SYD,BAH,2027-05-14,2027-06-03,DL,ECONOMY,4,0,0,1,ROUND_TRIP,EUR,303,14,19,6399.23,6911.17
FCO,ICN,2027-08-09,2027-09-01,KL,ECONOMY,1,1,0,0,ROUND_TRIP,USD,129,5,7,975.36,975.36
BKK,MEL,2026-10-16,,LX,ECONOMY,1,0,0,0,ONE_WAY,USD,368,3,9,345.36,345.36
DEL,CCU,2027-07-09,2027-07-31,SQ,ECONOMY,1,0,1,1,ROUND_TRIP,USD,203,11,14,770.96,770.96
KWI,DOH,2026-08-20,,QR,BUSINESS,1,0,0,2,ONE_WAY,USD,499,15,23,5509.04,5509.04
FRA,KWI,2027-07-05,,AF,PREMIUM_ECONOMY,3,0,0,2,ONE_WAY,USD,484,9,17,8873.54,8873.54
ZRH,HKG,2027-07-27,2027-08-23,MH,ECONOMY,1,0,0,2,ROUND_TRIP,USD,325,15,20,1591.61,1591.61
MNL,MCT,2027-05-22,,LH,PREMIUM_ECONOMY,1,1,0,1,ONE_WAY,USD,261,17,21,1853.06,1853.06
SFO,LAX,2027-02-10,2027-03-05,AA,ECONOMY,1,0,0,0,ROUND_TRIP,USD,63,17,18,728.9,728.9
SFO,HKG,2027-04-13,,EY,ECONOMY,1,0,0,1,ONE_WAY,USD,699,11,22,1198.45,1198.45
CGK,DEL,2027-07-16,,AA,BUSINESS,3,0,0,1,ONE_WAY,USD,539,20,4,2818.39,2818.39
SIN,JFK,2027-06-15,,UA,ECONOMY,1,1,0,1,ONE_WAY,INR,316,5,10,1983.41,23.8
AMS,SFO,2026-11-22,2026-12-13,IB,ECONOMY,1,0,1,1,ROUND_TRIP,USD,755,1,13,2291.38,2291.38
MNL,AUH,2026-08-28,2026-09-02,DL,ECONOMY,2,2,0,1,ROUND_TRIP,AED,478,13,20,12468.17,3391.34
JFK,MEL,2026-11-16,,LH,ECONOMY,2,0,1,0,ONE_WAY,USD,596,17,2,2131.0,2131.0
MAA,AUH,2027-01-30,2027-02-08,IB,ECONOMY,2,1,0,1,ROUND_TRIP,GBP,564,2,11,5081.63,6453.67
AMD,DXB,2026-12-27,,IX,ECONOMY,4,0,0,2,ONE_WAY,USD,457,4,11,2319.36,2319.36
KWI,ORD,2027-02-05,,UK,PREMIUM_ECONOMY,2,0,0,0,ONE_WAY,EUR,651,2,12,3271.72,3533.46
SIN,HYD,2027-02-06,2027-03-07,WN,BUSINESS,1,0,0,2,ROUND_TRIP,EUR,656,11,21,4107.64,4436.25
KUL,HYD,2026-10-01,,PR,ECONOMY,1,0,0,0,ONE_WAY,EUR,281,4,8,601.51,649.63
CCU,JFK,2026-11-10,,LX,ECONOMY,3,0,0,2,ONE_WAY,INR,592,13,22,1708.35,20.5
HKG,BKK,2026-08-24,2026-09-21,AF,ECONOMY,1,0,0,1,ROUND_TRIP,SGD,320,7,12,3304.97,2445.68
JFK,MAA,2026-10-26,2026-11-24,KL,PREMIUM_ECONOMY,1,0,0,1,ROUND_TRIP,USD,733,4,16,2459.83,2459.83
BKK,LHR,2027-05-25,2027-06-13,TG,BUSINESS,1,1,0,1,ROUND_TRIP,SGD,525,1,9,9062.58,6706.31
HKG,LAX,2027-07-27,2027-08-03,SG,PREMIUM_ECONOMY,1,1,0,0,ROUND_TRIP,USD,393,17,23,6327.16,6327.16
CDG,AMS,2027-01-10,2027-01-31,IX,ECONOMY,1,0,0,1,ROUND_TRIP,EUR,715,0,11,954.7,1031.08
MAD,FRA,2026-09-26,,EY,BUSINESS,2,0,0,0,ONE_WAY,INR,175,1,3,2090.51,25.09
DPS,CGK,2027-04-10,2027-05-02,LX,ECONOMY,1,0,0,1,ROUND_TRIP,USD,596,4,13,2234.97,2234.97
JFK,MAA,2027-04-28,,IB,ECONOMY,1,0,0,0,ONE_WAY,USD,615,15,1,1006.75,1006.75
AMD,MEL,2026-08-27,2026-09-10,QR,ECONOMY,1,0,0,1,ROUND_TRIP,INR,247,4,8,1823.92,21.89
HKG,BKK,2026-11-22,2026-11-26,LX,ECONOMY,2,0,0,0,ROUND_TRIP,USD,201,8,11,3622.67,3622.67
KWI,DEL,2027-01-19,,IX,BUSINESS,1,0,0,2,ONE_WAY,INR,377,20,2,2538.14,30.46
BLR,KWI,2026-11-27,,WN,ECONOMY,1,0,0,0,ONE_WAY,INR,268,8,12,671.78,8.06
LAX,FCO,2026-12-16,2027-01-14,SQ,ECONOMY,2,0,0,0,ROUND_TRIP,USD,459,17,0,5425.84,5425.84
DXB,KUL,2026-11-03,2026-11-10,EK,ECONOMY,1,0,0,1,ROUND_TRIP,USD,329,0,5,2482.11,2482.11
DOH,DFW,2026-10-15,2026-11-10,QR,ECONOMY,2,0,0,0,ROUND_TRIP,INR,514,20,4,2758.52,33.1
LHR,SIN,2027-02-24,2027-03-18,AI,ECONOMY,1,2,0,0,ROUND_TRIP,GBP,538,0,8,1467.55,1863.79
FCO,HKG,2027-04-13,,KL,ECONOMY,1,0,0,1,ONE_WAY,USD,748,0,12,1127.45,1127.45
PNQ,BKK,2026-11-14,,QR,ECONOMY,2,0,0,0,ONE_WAY,INR,535,6,14,1601.62,19.22
PNQ,CCU,2027-02-06,2027-02-19,WN,ECONOMY,4,0,0,1,ROUND_TRIP,USD,623,12,22,6777.52,6777.52
PNQ,BAH,2027-04-27,,IB,ECONOMY,2,1,0,1,ONE_WAY,EUR,286,13,17,968.46,1045.94
DPS,LAX,2027-02-20,2027-03-06,AF,ECONOMY,1,1,0,2,ROUND_TRIP,INR,355,15,20,3350.88,40.21
KUL,AMD,2027-07-31,2027-08-23,EY,ECONOMY,1,2,0,0,ROUND_TRIP,EUR,375,22,4,5030.94,5433.42
MAA,ZRH,2026-10-09,2026-10-14,GF,BUSINESS,1,1,0,2,ROUND_TRIP,USD,689,14,1,9000.82,9000.82
AMD,ZRH,2027-03-17,,EK,PREMIUM_ECONOMY,2,0,0,1,ONE_WAY,USD,356,6,11,1771.07,1771.07
BOM,AMS,2027-05-23,,AF,ECONOMY,2,2,1,0,ONE_WAY,EUR,253,17,21,2819.72,3045.3
LHR,DEL,2026-09-23,,AI,ECONOMY,4,0,0,1,ONE_WAY,GBP,492,11,19,1655.41,2102.37
AUH,PNQ,2026-09-08,,TG,PREMIUM_ECONOMY,1,0,0,2,ONE_WAY,USD,725,12,0,485.27,485.27
AUH,AMD,2026-10-11,,SG,ECONOMY,1,0,0,0,ONE_WAY,EUR,534,14,22,727.62,785.83
MIA,BLR,2027-04-15,,LX,ECONOMY,2,1,0,1,ONE_WAY,GBP,559,9,18,1145.06,1454.23
BKK,BLR,2027-03-15,2027-03-29,BA,ECONOMY,1,0,0,1,ROUND_TRIP,USD,224,16,19,1548.02,1548.02
AMD,DEL,2026-10-01,,KL,ECONOMY,3,1,0,2,ONE_WAY,INR,225,13,16,2080.99,24.97
AMD,KWI,2027-03-16,2027-04-07,WN,ECONOMY,1,0,0,1,ROUND_TRIP,INR,566,9,18,318.16,3.82
SYD,HKG,2026-09-10,2026-09-25,SG,ECONOMY,3,1,0,2,ROUND_TRIP,USD,883,16,6,2646.01,2646.01
DOH,BLR,2027-08-05,2027-08-13,UK,BUSINESS,1,2,0,1,ROUND_TRIP,USD,712,3,14,14605.8,14605.8
BAH,SIN,2026-09-06,,UK,BUSINESS,3,0,0,1,ONE_WAY,EUR,330,9,14,3980.09,4298.5
BLR,FRA,2027-03-17,2027-04-15,LX,PREMIUM_ECONOMY,1,1,0,0,ROUND_TRIP,INR,522,7,15,5037.13,60.45
PNQ,DOH,2027-02-05,2027-02-11,LX,BUSINESS,2,0,0,2,ROUND_TRIP,USD,657,14,0,8922.22,8922.22
AMS,MAA,2026-12-22,,WN,PREMIUM_ECONOMY,3,0,0,2,ONE_WAY,EUR,769,15,3,3885.32,4196.15
AMD,BAH,2026-10-03,2026-11-01,MH,ECONOMY,2,0,0,0,ROUND_TRIP,USD,586,6,15,2319.09,2319.09
SYD,FRA,2027-06-16,,BA,ECONOMY,1,0,0,1,ONE_WAY,USD,622,12,22,1636.68,1636.68
HYD,BKK,2027-05-28,,MH,PREMIUM_ECONOMY,2,0,0,1,ONE_WAY,INR,308,23,4,2585.43,31.03
KWI,AMD,2026-09-15,2026-09-20,IB,ECONOMY,2,1,0,1,ROUND_TRIP,USD,170,6,8,3342.93,3342.93
SIN,KUL,2027-01-17,,AI,ECONOMY,1,0,0,2,ONE_WAY,EUR,379,4,10,701.52,757.64
DOH,KWI,2026-09-14,,GA,BUSINESS,2,1,0,1,ONE_WAY,GBP,742,13,1,8840.17,11227.02
CDG,BKK,2027-05-24,,BA,ECONOMY,1,1,0,0,ONE_WAY,AED,247,8,12,933.07,253.8
BOM,KWI,2026-09-29,2026-10-05,MH,ECONOMY,1,0,0,0,ROUND_TRIP,INR,429,21,4,1827.18,21.93
JFK,SIN,2026-09-16,2026-09-25,WY,ECONOMY,1,0,0,1,ROUND_TRIP,USD,565,14,23,908.68,908.68
ZRH,FCO,2027-02-27,2027-03-29,SQ,ECONOMY,2,0,0,1,ROUND_TRIP,AUD,211,2,5,2116.67,1375.84
BOM,MCT,2026-12-15,2027-01-02,BA,ECONOMY,2,2,0,2,ROUND_TRIP,USD,851,12,2,10909.88,10909.88
DFW,BKK,2026-09-30,2026-10-21,DL,PREMIUM_ECONOMY,2,0,0,1,ROUND_TRIP,EUR,402,8,14,5043.78,5447.28
ICN,BAH,2026-10-29,2026-11-10,WN,PREMIUM_ECONOMY,2,0,0,1,ROUND_TRIP,INR,414,0,6,4718.51,56.62
SIN,KWI,2026-12-13,,AA,PREMIUM_ECONOMY,3,0,0,0,ONE_WAY,USD,485,8,16,8684.41,8684.41
NRT,DFW,2026-12-19,,KL,BUSINESS,1,1,0,0,ONE_WAY,USD,314,23,4,3968.63,3968.63
KWI,MIA,2027-02-07,2027-02-15,WN,BUSINESS,1,0,0,0,ROUND_TRIP,USD,586,17,2,5683.8,5683.8
ORD,AMS,2027-01-28,2027-02-06,LX,BUSINESS,1,2,0,1,ROUND_TRIP,USD,475,10,17,8484.86,8484.86
AMD,MNL,2027-06-11,,AF,ECONOMY,2,0,0,1,ONE_WAY,USD,417,10,16,836.8,836.8
KUL,MCT,2027-06-11,2027-07-01,WY,FIRST,1,0,1,1,ROUND_TRIP,GBP,636,19,5,11460.04,14554.25
FRA,CGK,2027-06-09,,AI,ECONOMY,3,0,0,2,ONE_WAY,INR,431,1,8,1580.09,18.96
CCU,AMD,2027-02-02,,AI,FIRST,2,2,1,1,ONE_WAY,EUR,519,12,20,15209.64,16426.41
LAX,SIN,2027-02-26,,KL,PREMIUM_ECONOMY,2,0,1,1,ONE_WAY,USD,242,15,19,3379.05,3379.05
KWI,LHR,2027-01-03,2027-01-16,GF,PREMIUM_ECONOMY,3,2,0,0,ROUND_TRIP,USD,128,0,2,7519.07,7519.07
JFK,SIN,2026-12-27,2027-01-04,KL,BUSINESS,1,0,0,1,ROUND_TRIP,SGD,590,17,2,4757.37,3520.45
ICN,DOH,2026-12-15,,BA,BUSINESS,3,0,1,1,ONE_WAY,SGD,613,17,3,5582.74,4131.23
MNL,SIN,2026-12-19,,GA,ECONOMY,2,1,0,1,ONE_WAY,INR,163,16,18,1409.93,16.92
SFO,MEL,2026-10-25,,6E,PREMIUM_ECONOMY,1,1,0,1,ONE_WAY,EUR,296,14,18,1178.53,1272.81
MEL,DFW,2027-02-18,2027-02-25,WN,ECONOMY,1,1,0,1,ROUND_TRIP,GBP,733,22,10,2075.34,2635.68
CGK,BLR,2026-11-30,,EY,ECONOMY,1,0,0,1,ONE_WAY,USD,403,20,2,263.57,263.57
FRA,SFO,2026-11-22,,AA,BUSINESS,1,0,0,2,ONE_WAY,INR,797,7,20,3627.6,43.53
CGK,BLR,2026-11-10,2026-12-04,IB,BUSINESS,1,1,0,2,ROUND_TRIP,AED,537,13,21,2731.61,743.0
DXB,MIA,2027-06-19,,QR,BUSINESS,1,0,1,2,ONE_WAY,USD,297,15,19,4363.18,4363.18
ORD,AMS,2027-03-30,,TG,ECONOMY,2,0,0,1,ONE_WAY,USD,466,23,6,1118.3,1118.3
FRA,BOM,2027-04-16,,PR,BUSINESS,2,0,0,0,ONE_WAY,EUR,173,13,15,3524.24,3806.18
BKK,LAX,2026-09-12,,EY,ECONOMY,2,0,0,1,ONE_WAY,INR,280,1,5,2586.12,31.03
HYD,DPS,2026-12-26,2027-01-08,WY,PREMIUM_ECONOMY,1,0,0,0,ROUND_TRIP,USD,314,7,12,4481.0,4481.0
SIN,ORD,2027-07-29,,QR,ECONOMY,2,2,0,0,ONE_WAY,USD,235,21,0,5614.81,5614.81
DEL,BLR,2027-07-20,2027-08-03,WY,ECONOMY,1,0,0,0,ROUND_TRIP,EUR,175,13,15,1319.86,1425.45
HKG,DPS,2027-03-31,2027-04-28,DL,PREMIUM_ECONOMY,1,0,0,1,ROUND_TRIP,AUD,254,8,12,3180.89,2067.58
SIN,MAA,2027-07-22,,GF,PREMIUM_ECONOMY,1,0,0,1,ONE_WAY,EUR,237,0,3,1715.27,1852.49
SFO,MIA,2026-10-21,2026-11-04,TG,PREMIUM_ECONOMY,3,1,0,0,ROUND_TRIP,USD,133,12,14,4532.79,4532.79
DPS,ORD,2027-06-04,2027-06-29,AI,ECONOMY,1,0,0,1,ROUND_TRIP,USD,353,5,10,419.1,419.1
BOM,JFK,2026-09-17,2026-09-26,WY,BUSINESS,1,2,0,0,ROUND_TRIP,GBP,628,2,12,19006.82,24138.66
DFW,MIA,2027-04-27,,6E,ECONOMY,1,0,0,1,ONE_WAY,AED,598,10,19,952.74,259.15
FCO,DXB,2026-12-07,2027-01-04,AI,ECONOMY,1,1,0,0,ROUND_TRIP,USD,116,16,17,4068.16,4068.16
LHR,ORD,2027-04-16,2027-04-28,SG,ECONOMY,3,0,1,2,ROUND_TRIP,GBP,491,3,11,3222.92,4093.11
ORD,MAA,2027-01-23,,AA,PREMIUM_ECONOMY,1,0,1,1,ONE_WAY,USD,210,17,20,497.05,497.05
CCU,ORD,2027-01-28,2027-02-10,EY,FIRST,1,0,0,1,ROUND_TRIP,INR,232,19,22,6508.94,78.11
NRT,FCO,2027-05-06,2027-06-04,MH,BUSINESS,1,2,1,0,ROUND_TRIP,USD,615,3,13,6965.97,6965.97
KUL,LAX,2027-06-02,,PR,PREMIUM_ECONOMY,3,0,0,1,ONE_WAY,USD,447,2,9,1979.02,1979.02
BLR,MCT,2026-11-02,,UA,ECONOMY,1,1,1,0,ONE_WAY,USD,165,3,5,1731.38,1731.38
ORD,DPS,2027-05-04,,IB,PREMIUM_ECONOMY,1,0,1,0,ONE_WAY,INR,246,10,14,783.46,9.4
CCU,AMD,2026-09-15,,GF,PREMIUM_ECONOMY,1,0,0,1,ONE_WAY,USD,503,10,18,1400.53,1400.53
HYD,MCT,2027-03-10,,6E,BUSINESS,2,0,0,0,ONE_WAY,EUR,557,11,20,2651.77,2863.91
ZRH,JFK,2027-05-26,2027-06-21,IB,ECONOMY,2,0,1,0,ROUND_TRIP,EUR,604,5,15,4834.22,5220.96
DPS,AMD,2027-06-26,2027-07-22,IX,ECONOMY,1,0,0,1,ROUND_TRIP,AED,187,3,6,421.33,114.6
DFW,MIA,2026-11-03,,MH,PREMIUM_ECONOMY,3,1,0,1,ONE_WAY,AED,604,21,7,7657.12,2082.74
DXB,PNQ,2027-07-06,,AF,ECONOMY,1,0,0,1,ONE_WAY,EUR,688,12,23,558.54,603.22
MEL,DFW,2027-02-06,,IX,ECONOMY,2,2,0,0,ONE_WAY,USD,642,18,4,2437.9,2437.9
DXB,ORD,2027-07-10,,LX,ECONOMY,1,0,0,0,ONE_WAY,GBP,94,21,22,1312.06,1666.32
JFK,HKG,2026-11-17,2026-12-12,GA,ECONOMY,4,0,0,0,ROUND_TRIP,EUR,404,1,7,2811.35,3036.26
HKG,BOM,2026-11-10,2026-12-08,MH,BUSINESS,1,1,0,1,ROUND_TRIP,SGD,206,5,8,7862.73,5818.42
FCO,MNL,2026-09-25,2026-10-18,WY,ECONOMY,2,0,0,0,ROUND_TRIP,GBP,172,16,18,1204.37,1529.55
DPS,HKG,2027-03-22,2027-04-19,BA,ECONOMY,1,2,0,1,ROUND_TRIP,USD,335,4,9,5143.22,5143.22
HKG,NRT,2026-11-27,,IB,PREMIUM_ECONOMY,4,2,0,0,ONE_WAY,EUR,644,12,22,11117.8,12007.22
BLR,SIN,2026-11-21,2026-12-11,SQ,ECONOMY,1,0,0,1,ROUND_TRIP,INR,435,12,19,837.9,10.05
DPS,AMS,2026-10-15,2026-11-11,TG,BUSINESS,2,0,0,0,ROUND_TRIP,USD,297,23,3,7692.69,7692.69
FRA,ICN,2027-06-11,2027-07-06,DL,BUSINESS,2,2,0,0,ROUND_TRIP,INR,482,3,11,12190.35,146.28
BLR,DFW,2027-07-07,,QR,ECONOMY,1,0,0,1,ONE_WAY,USD,565,1,10,711.16,711.16
MEL,JFK,2027-03-08,2027-04-06,GA,ECONOMY,1,0,0,1,ROUND_TRIP,USD,671,20,7,2411.94,2411.94
JFK,MIA,2026-11-03,2026-11-22,MH,PREMIUM_ECONOMY,2,2,0,0,ROUND_TRIP,USD,135,5,7,10684.18,10684.18
ICN,DEL,2027-03-20,,PR,BUSINESS,1,0,0,1,ONE_WAY,USD,664,17,4,2529.34,2529.34
SIN,HKG,2026-12-29,,KL,PREMIUM_ECONOMY,1,0,0,1,ONE_WAY,GBP,521,23,7,2305.79,2928.35
MEL,ZRH,2027-07-30,,DL,ECONOMY,2,0,0,2,ONE_WAY,USD,424,22,5,996.0,996.0
HKG,MNL,2027-02-27,,WY,ECONOMY,4,0,0,2,ONE_WAY,USD,370,21,3,2362.6,2362.6
DOH,BKK,2026-12-06,,IB,ECONOMY,1,0,0,0,ONE_WAY,INR,224,8,11,719.92,8.64
MAA,ORD,2026-08-18,,PR,PREMIUM_ECONOMY,1,0,0,2,ONE_WAY,USD,587,1,10,1165.56,1165.56
MCT,ORD,2027-01-28,,GA,ECONOMY,1,0,0,1,ONE_WAY,INR,581,18,3,266.91,3.2
AMS,AUH,2027-03-12,2027-04-01,IX,ECONOMY,1,1,0,1,ROUND_TRIP,INR,532,1,9,2139.42,25.67
NRT,FRA,2026-11-26,,KL,PREMIUM_ECONOMY,2,0,0,0,ONE_WAY,USD,534,6,14,1085.64,1085.64
JFK,LHR,2027-01-28,,IB,PREMIUM_ECONOMY,1,2,0,2,ONE_WAY,AED,359,8,13,2244.38,610.47
SFO,BOM,2027-03-08,,LH,ECONOMY,2,0,0,2,ONE_WAY,USD,436,20,3,1765.01,1765.01
JFK,MCT,2027-02-08,2027-02-24,AF,BUSINESS,2,0,0,1,ROUND_TRIP,USD,610,14,0,13211.74,13211.74
AUH,NRT,2027-07-12,,LH,PREMIUM_ECONOMY,3,0,0,2,ONE_WAY,USD,301,21,2,5896.84,5896.84
MNL,KUL,2027-02-19,,BA,BUSINESS,1,0,0,2,ONE_WAY,USD,666,12,23,1605.21,1605.21
HKG,AMS,2027-07-21,,GF,PREMIUM_ECONOMY,2,0,0,0,ONE_WAY,EUR,147,18,20,4280.97,4623.45
HKG,MAA,2026-11-06,,IB,ECONOMY,2,0,0,0,ONE_WAY,USD,602,10,20,2292.34,2292.34
AMD,BKK,2027-04-14,,WY,PREMIUM_ECONOMY,2,0,0,1,ONE_WAY,INR,666,8,19,3455.37,41.46
ZRH,HYD,2026-12-05,,LX,ECONOMY,1,1,0,1,ONE_WAY,INR,236,13,16,676.5,8.12
CGK,HKG,2027-06-23,,UK,ECONOMY,4,1,0,0,ONE_WAY,EUR,522,1,9,1157.81,1250.43
CDG,ZRH,2027-01-31,,UK,ECONOMY,1,0,0,0,ONE_WAY,EUR,386,20,2,345.35,372.98
KUL,CGK,2027-04-18,2027-04-25,QR,BUSINESS,2,1,0,1,ROUND_TRIP,USD,149,5,7,18876.06,18876.06
HKG,JFK,2027-01-29,,AF,ECONOMY,4,0,0,0,ONE_WAY,USD,338,20,1,4571.5,4571.5
KUL,MCT,2027-07-25,,WN,PREMIUM_ECONOMY,2,2,0,0,ONE_WAY,AED,539,23,7,4735.14,1287.96
MNL,FCO,2026-12-26,,LX,ECONOMY,1,0,0,1,ONE_WAY,GBP,450,20,3,1359.86,1727.02
PNQ,MCT,2027-04-09,,KL,ECONOMY,2,0,0,0,ONE_WAY,INR,188,3,6,1853.92,22.25
BKK,AMD,2026-10-16,,WY,PREMIUM_ECONOMY,2,1,0,2,ONE_WAY,EUR,527,17,1,5080.89,5487.36
ZRH,DPS,2027-04-07,,BA,FIRST,4,0,0,0,ONE_WAY,USD,557,0,9,36640.96,36640.96
BOM,CCU,2027-04-06,2027-04-27,IB,ECONOMY,1,0,0,2,ROUND_TRIP,GBP,807,20,9,1228.72,1560.47
MEL,HYD,2026-11-01,2026-11-07,LX,ECONOMY,2,0,0,2,ROUND_TRIP,USD,376,23,5,1565.42,1565.42
CDG,MEL,2026-12-14,2026-12-28,PR,BUSINESS,2,0,0,1,ROUND_TRIP,EUR,513,21,5,23265.89,25127.16
LAX,ICN,2026-12-01,,WN,ECONOMY,1,0,0,0,ONE_WAY,EUR,169,7,9,782.54,845.14
BAH,DEL,2026-12-08,,SG,ECONOMY,3,0,0,2,ONE_WAY,EUR,718,13,0,1680.53,1814.97
LHR,JFK,2026-08-25,2026-09-03,LX,PREMIUM_ECONOMY,2,1,1,0,ROUND_TRIP,EUR,62,22,23,6201.89,6698.04
DEL,MAA,2026-08-26,,IB,PREMIUM_ECONOMY,2,1,0,0,ONE_WAY,USD,337,16,21,1984.76,1984.76
JFK,KWI,2027-04-30,2027-05-30,TG,ECONOMY,2,0,0,0,ROUND_TRIP,EUR,431,16,23,3136.18,3387.07
CCU,AUH,2027-02-23,,TG,ECONOMY,1,0,0,2,ONE_WAY,INR,803,2,15,559.45,6.71
AMD,HKG,2027-01-24,2027-02-10,SQ,ECONOMY,1,0,0,2,ROUND_TRIP,USD,716,8,19,639.08,639.08
ORD,MCT,2027-05-13,2027-06-06,EK,ECONOMY,4,0,0,1,ROUND_TRIP,USD,591,22,7,7383.29,7383.29
CCU,LHR,2027-07-09,,AF,BUSINESS,2,0,0,1,ONE_WAY,SGD,320,17,22,7244.08,5360.62
SIN,NRT,2026-11-06,,GF,BUSINESS,3,2,0,1,ONE_WAY,AED,452,0,7,4103.27,1116.09
MAA,AMS,2027-05-18,,TG,ECONOMY,4,1,0,1,ONE_WAY,USD,322,6,11,2780.67,2780.67
HKG,CGK,2027-04-18,,PR,ECONOMY,1,0,1,1,ONE_WAY,AED,705,13,0,1668.37,453.8
ICN,CDG,2027-07-05,,PR,ECONOMY,1,0,0,1,ONE_WAY,GBP,659,13,23,1423.95,1808.42
HYD,FCO,2026-09-05,,UA,ECONOMY,2,0,0,1,ONE_WAY,EUR,451,7,14,1201.33,1297.44
DOH,MIA,2026-09-01,2026-09-14,GF,PREMIUM_ECONOMY,1,0,0,0,ROUND_TRIP,USD,307,22,3,887.83,887.83
BOM,MIA,2026-10-19,2026-11-01,WY,BUSINESS,2,1,0,0,ROUND_TRIP,SGD,575,21,6,5802.43,4293.8
BKK,BLR,2027-03-02,2027-03-19,UK,ECONOMY,2,0,1,0,ROUND_TRIP,USD,117,0,1,2039.31,2039.31
JFK,CDG,2026-08-15,2026-08-22,SG,ECONOMY,1,1,1,1,ROUND_TRIP,USD,430,5,12,3774.09,3774.09
SIN,DPS,2027-06-18,,GA,BUSINESS,1,1,0,0,ONE_WAY,INR,190,7,10,5133.2,61.6
LHR,NRT,2026-09-26,2026-10-14,GF,ECONOMY,1,0,0,1,ROUND_TRIP,GBP,517,9,17,1083.16,1375.61
FRA,MIA,2026-09-28,2026-10-05,DL,ECONOMY,1,0,0,0,ROUND_TRIP,USD,341,17,22,1130.56,1130.56
ORD,NRT,2026-10-04,,SQ,ECONOMY,4,0,0,1,ONE_WAY,EUR,197,15,18,3082.24,3328.82
MNL,CCU,2026-10-19,,LX,PREMIUM_ECONOMY,2,2,0,0,ONE_WAY,USD,72,8,9,3531.35,3531.35
JFK,CCU,2027-05-27,2027-06-07,AF,ECONOMY,2,0,0,1,ROUND_TRIP,INR,319,3,8,1619.08,19.43
SYD,KUL,2027-01-27,,PR,BUSINESS,1,0,0,0,ONE_WAY,AED,181,20,23,1830.65,497.94
KUL,LHR,2027-04-02,,SG,PREMIUM_ECONOMY,1,0,0,1,ONE_WAY,USD,651,10,20,1451.23,1451.23
MNL,FRA,2027-03-26,,BA,ECONOMY,3,1,0,1,ONE_WAY,EUR,374,23,5,955.44,1031.88
CCU,ORD,2027-02-14,,AF,ECONOMY,1,0,0,1,ONE_WAY,USD,226,18,21,727.9,727.9
FCO,MNL,2027-02-15,,KL,BUSINESS,4,0,0,2,ONE_WAY,USD,378,9,15,3688.76,3688.76
KUL,AUH,2027-07-28,,AA,ECONOMY,2,0,0,0,ONE_WAY,USD,285,0,4,2186.27,2186.27
MCT,DEL,2027-06-12,2027-07-08,WN,ECONOMY,3,1,0,1,ROUND_TRIP,USD,326,19,0,6102.68,6102.68
SFO,MAA,2027-04-04,2027-04-21,EY,ECONOMY,1,0,0,2,ROUND_TRIP,INR,297,19,23,1733.31,20.8
KUL,HYD,2027-03-29,2027-04-03,PR,PREMIUM_ECONOMY,1,0,0,1,ROUND_TRIP,AED,391,21,3,2310.06,628.34
CDG,ORD,2026-11-07,2026-11-19,UK,ECONOMY,2,0,0,2,ROUND_TRIP,USD,419,6,12,1315.47,1315.47
LHR,BAH,2026-08-25,,TG,BUSINESS,1,0,0,0,ONE_WAY,INR,431,12,19,7291.59,87.5
DFW,DPS,2027-03-02,2027-03-15,WY,PREMIUM_ECONOMY,2,0,0,1,ROUND_TRIP,USD,579,4,13,2843.79,2843.79
FCO,CCU,2027-05-12,,IX,ECONOMY,1,1,0,0,ONE_WAY,INR,548,17,2,1994.4,23.93
JFK,CDG,2027-01-20,2027-01-27,UK,ECONOMY,2,1,0,0,ROUND_TRIP,INR,363,16,22,3680.86,44.17
DEL,JFK,2027-03-19,,QR,FIRST,4,0,0,1,ONE_WAY,AUD,325,17,22,28102.32,18266.51
MIA,BOM,2026-08-31,,TG,ECONOMY,1,0,0,2,ONE_WAY,EUR,630,2,12,1323.43,1429.3
ZRH,MEL,2027-05-09,2027-06-05,AF,FIRST,2,0,0,1,ROUND_TRIP,SGD,438,15,22,34929.05,25847.5
BAH,MAA,2027-07-21,2027-08-11,WY,BUSINESS,2,0,0,1,ROUND_TRIP,EUR,226,12,15,12156.09,13128.58
FCO,PNQ,2027-08-08,,KL,ECONOMY,2,0,0,0,ONE_WAY,USD,625,1,11,1658.34,1658.34
CCU,DOH,2027-02-17,,AI,ECONOMY,2,0,0,0,ONE_WAY,INR,418,8,14,2060.37,24.72
MIA,AMS,2027-04-09,,AA,ECONOMY,1,1,0,1,ONE_WAY,AED,240,10,14,1334.71,363.04
LAX,DOH,2027-04-17,2027-05-07,AF,PREMIUM_ECONOMY,1,0,0,0,ROUND_TRIP,USD,135,10,12,2178.08,2178.08
ICN,BAH,2027-05-14,2027-06-08,EY,ECONOMY,1,2,0,0,ROUND_TRIP,EUR,330,20,1,5281.58,5704.11
FRA,LAX,2027-08-09,,IB,FIRST,1,0,0,0,ONE_WAY,USD,97,3,4,1839.74,1839.74
KUL,DEL,2026-08-28,2026-09-19,UK,ECONOMY,1,2,1,1,ROUND_TRIP,EUR,563,4,13,3859.75,4168.53
PNQ,MEL,2026-12-29,2027-01-19,IX,ECONOMY,1,0,0,1,ROUND_TRIP,USD,347,20,1,2059.29,2059.29
BAH,MNL,2027-01-26,,DL,ECONOMY,1,2,0,0,ONE_WAY,AED,123,3,5,1839.11,500.24
BKK,CCU,2026-10-09,2026-11-06,GF,PREMIUM_ECONOMY,1,1,0,1,ROUND_TRIP,AED,707,9,20,2016.19,548.4
KWI,ZRH,2027-05-20,2027-05-30,UA,BUSINESS,1,0,0,1,ROUND_TRIP,EUR,580,22,7,4010.66,4331.51
CGK,BKK,2027-07-05,2027-07-17,QR,BUSINESS,1,0,0,0,ROUND_TRIP,INR,433,6,13,11933.71,143.2
JFK,FCO,2027-03-09,,WN,BUSINESS,4,0,0,0,ONE_WAY,USD,168,22,0,9283.37,9283.37
HYD,KWI,2027-01-11,,WN,BUSINESS,1,0,0,0,ONE_WAY,INR,510,15,23,4030.96,48.37
SFO,BLR,2027-03-14,,SQ,ECONOMY,2,0,0,0,ONE_WAY,USD,475,4,11,2536.94,2536.94
DXB,AUH,2026-12-29,,LH,ECONOMY,1,0,0,1,ONE_WAY,USD,366,20,2,373.15,373.15
AMD,LAX,2026-09-16,,IX,ECONOMY,2,0,0,0,ONE_WAY,INR,580,8,17,670.83,8.05
MEL,DEL,2026-12-31,,AI,PREMIUM_ECONOMY,2,0,1,1,ONE_WAY,USD,183,14,17,941.93,941.93
FCO,DOH,2027-03-14,2027-04-08,EK,ECONOMY,4,0,0,1,ROUND_TRIP,INR,562,15,0,3442.45,41.31
LAX,CDG,2027-03-08,,WN,ECONOMY,3,1,0,1,ONE_WAY,EUR,694,10,21,4259.43,4600.18
HYD,MCT,2026-09-17,,IX,PREMIUM_ECONOMY,4,0,0,1,ONE_WAY,USD,636,20,6,2939.19,2939.19
MNL,CDG,2027-03-07,,GA,PREMIUM_ECONOMY,1,2,0,0,ONE_WAY,GBP,160,19,21,5042.85,6404.42
AUH,BLR,2026-12-10,2027-01-03,GA,ECONOMY,1,0,0,0,ROUND_TRIP,INR,536,18,2,1948.18,23.38
MCT,KWI,2027-05-02,,MH,ECONOMY,1,0,0,1,ONE_WAY,EUR,408,3,9,259.62,280.39
LHR,FRA,2026-12-09,,AI,BUSINESS,2,1,0,0,ONE_WAY,USD,555,13,22,7761.24,7761.24
MAD,MNL,2026-09-05,2026-09-18,WY,ECONOMY,2,0,0,0,ROUND_TRIP,USD,75,2,3,1714.52,1714.52
BLR,AUH,2027-04-26,,QR,BUSINESS,1,0,1,0,ONE_WAY,INR,442,1,8,5601.78,67.22
BLR,MAD,2027-06-27,2027-07-05,IX,ECONOMY,1,0,0,0,ROUND_TRIP,GBP,112,11,12,385.94,490.14
ORD,CCU,2026-12-19,,IX,ECONOMY,4,1,0,0,ONE_WAY,INR,584,23,8,3313.12,39.76
LHR,ZRH,2027-01-21,2027-02-04,WN,FIRST,2,1,0,1,ROUND_TRIP,AUD,195,15,18,10027.25,6517.71
PNQ,SFO,2027-03-22,,KL,BUSINESS,2,2,0,0,ONE_WAY,EUR,300,3,8,2632.34,2842.93
MAA,SYD,2026-09-20,2026-10-03,TG,ECONOMY,1,0,0,1,ROUND_TRIP,EUR,355,1,6,859.35,928.1
AUH,BLR,2026-09-22,2026-10-04,BA,PREMIUM_ECONOMY,1,0,0,1,ROUND_TRIP,EUR,639,6,16,2981.54,3220.06
BOM,NRT,2026-09-08,2026-10-04,6E,PREMIUM_ECONOMY,1,0,0,1,ROUND_TRIP,USD,681,6,17,3982.06,3982.06
AUH,HKG,2026-10-11,2026-10-26,AA,ECONOMY,1,0,1,0,ROUND_TRIP,EUR,207,7,10,1117.55,1206.95
HKG,CGK,2027-02-09,,MH,ECONOMY,2,2,1,0,ONE_WAY,EUR,639,20,6,4981.0,5379.48
DPS,DFW,2026-11-01,2026-11-26,BA,FIRST,1,0,0,0,ROUND_TRIP,EUR,351,15,20,7467.05,8064.41
SYD,PNQ,2027-04-09,2027-04-28,TG,PREMIUM_ECONOMY,2,0,0,0,ROUND_TRIP,EUR,369,7,13,4538.99,4902.11
BOM,SYD,2027-02-20,,QR,ECONOMY,3,1,0,2,ONE_WAY,EUR,547,3,12,5055.16,5459.57
SYD,MCT,2027-03-15,,KL,ECONOMY,1,0,0,1,ONE_WAY,USD,498,14,22,472.61,472.61
MAA,MEL,2027-02-17,2027-03-18,BA,BUSINESS,1,0,0,1,ROUND_TRIP,USD,584,12,21,5410.79,5410.79
CCU,NRT,2027-02-07,2027-02-23,6E,BUSINESS,4,0,0,0,ROUND_TRIP,USD,655,10,20,21746.87,21746.87
MCT,FRA,2027-04-17,,PR,ECONOMY,1,0,0,1,ONE_WAY,INR,601,3,13,794.63,9.54
AMD,DFW,2027-01-09,2027-01-22,GF,ECONOMY,1,0,0,2,ROUND_TRIP,USD,594,10,19,1391.4,1391.4
BLR,LAX,2026-11-28,,GF,ECONOMY,2,0,0,1,ONE_WAY,AUD,447,18,1,1276.77,829.9
CDG,ICN,2027-05-10,,AA,ECONOMY,1,0,0,0,ONE_WAY,USD,625,7,17,1467.06,1467.06
BLR,BOM,2027-08-03,,AI,ECONOMY,2,0,0,0,ONE_WAY,USD,493,22,6,832.35,832.35
MEL,SFO,2027-06-20,,BA,FIRST,2,0,0,0,ONE_WAY,USD,90,12,13,11625.4,11625.4
AUH,LAX,2027-01-07,,IX,ECONOMY,1,0,0,0,ONE_WAY,EUR,624,1,11,1140.63,1231.88
AMD,BAH,2026-11-06,,LH,ECONOMY,1,0,1,2,ONE_WAY,EUR,818,16,5,793.5,856.98
DEL,LAX,2027-05-10,,SG,ECONOMY,3,1,0,0,ONE_WAY,INR,539,17,1,1817.91,21.81
HYD,MEL,2027-01-05,,AF,BUSINESS,1,0,0,1,ONE_WAY,USD,188,9,12,1558.15,1558.15
AUH,DEL,2026-09-19,2026-09-29,IX,ECONOMY,1,0,0,0,ROUND_TRIP,GBP,527,14,22,443.17,562.83
HYD,CDG,2026-10-15,2026-10-26,SG,BUSINESS,1,0,0,1,ROUND_TRIP,AED,606,3,13,4256.0,1157.63
CDG,DPS,2026-10-16,,KL,ECONOMY,4,1,0,1,ONE_WAY,USD,432,3,10,1087.25,1087.25
DXB,JFK,2026-11-30,2026-12-12,AF,FIRST,1,0,0,1,ROUND_TRIP,USD,299,2,6,8965.64,8965.64
LHR,AMS,2026-10-06,,SG,ECONOMY,1,2,1,1,ONE_WAY,USD,605,9,19,640.96,640.96
CCU,CDG,2027-03-14,,EK,ECONOMY,2,0,0,1,ONE_WAY,AED,734,0,12,1753.93,477.07
AMS,BLR,2027-02-11,,AF,ECONOMY,1,0,0,0,ONE_WAY,INR,567,12,21,662.49,7.95
AUH,CGK,2027-04-01,,BA,PREMIUM_ECONOMY,1,1,0,0,ONE_WAY,USD,502,8,16,1088.86,1088.86
DPS,NRT,2027-01-08,2027-01-13,IB,ECONOMY,1,0,0,2,ROUND_TRIP,USD,539,5,13,771.22,771.22
MAA,DEL,2026-09-06,,AF,ECONOMY,1,0,0,1,ONE_WAY,INR,704,11,22,448.45,5.38
MIA,CDG,2026-10-01,,SG,PREMIUM_ECONOMY,2,0,0,1,ONE_WAY,USD,556,5,14,2144.25,2144.25
MAD,BOM,2027-07-05,,6E,ECONOMY,1,0,0,1,ONE_WAY,EUR,272,18,22,644.78,696.36
NRT,AMS,2027-04-04,,AA,ECONOMY,2,0,0,2,ONE_WAY,USD,648,14,0,2127.82,2127.82
LHR,MNL,2026-10-09,,BA,ECONOMY,1,2,0,1,ONE_WAY,USD,266,2,6,2359.52,2359.52
AMD,DPS,2027-01-11,2027-01-16,MH,BUSINESS,1,0,1,0,ROUND_TRIP,AUD,396,11,17,2835.54,1843.1
AMS,LHR,2026-11-04,2026-11-14,QR,ECONOMY,2,0,0,0,ROUND_TRIP,USD,606,18,4,5248.93,5248.93
CGK,BOM,2027-06-09,,EY,PREMIUM_ECONOMY,3,1,0,1,ONE_WAY,AED,567,18,3,1781.06,484.45
LAX,MCT,2026-12-02,,GA,ECONOMY,1,1,0,2,ONE_WAY,INR,552,18,3,1187.33,14.25
FCO,BKK,2027-05-27,,MH,BUSINESS,2,2,0,1,ONE_WAY,EUR,180,11,14,6220.87,6718.54
CDG,AUH,2027-01-01,,LX,PREMIUM_ECONOMY,1,1,1,2,ONE_WAY,EUR,208,18,21,1114.18,1203.31
PNQ,MNL,2027-01-24,2027-02-10,WN,ECONOMY,1,0,0,2,ROUND_TRIP,EUR,300,19,0,1100.62,1188.67
DFW,DXB,2027-01-15,2027-01-30,BA,ECONOMY,2,2,0,0,ROUND_TRIP,EUR,125,6,8,2376.14,2566.23
DPS,ICN,2026-12-10,,MH,ECONOMY,2,0,0,1,ONE_WAY,SGD,530,19,3,1725.62,1276.96
CGK,AMD,2027-07-12,,GA,ECONOMY,2,0,0,1,ONE_WAY,SGD,386,1,7,2947.59,2181.22
BOM,BAH,2026-09-11,,AF,FIRST,2,1,0,1,ONE_WAY,GBP,708,2,13,7906.22,10040.9
MAA,CGK,2026-12-10,2026-12-13,EY,ECONOMY,2,0,0,2,ROUND_TRIP,SGD,482,1,9,4205.11,3111.78
SYD,HKG,2027-07-28,,IX,PREMIUM_ECONOMY,2,0,0,0,ONE_WAY,AED,643,21,7,1685.16,458.36
SYD,MIA,2027-04-09,2027-05-02,LX,ECONOMY,1,0,0,1,ROUND_TRIP,USD,680,7,18,2349.19,2349.19
SFO,ORD,2026-10-24,,BA,PREMIUM_ECONOMY,4,1,0,0,ONE_WAY,USD,302,0,5,2375.5,2375.5
MIA,MAD,2026-12-26,,UK,ECONOMY,4,0,0,0,ONE_WAY,GBP,637,3,13,5531.03,7024.41
SIN,CDG,2026-12-16,,KL,ECONOMY,2,0,0,0,ONE_WAY,GBP,443,4,11,3194.8,4057.4
MEL,LHR,2027-04-03,,TG,ECONOMY,2,1,0,1,ONE_WAY,INR,274,3,7,2397.37,28.77
DFW,CDG,2027-06-24,2027-07-10,IB,ECONOMY,1,1,1,0,ROUND_TRIP,GBP,82,8,9,1603.08,2035.91
CDG,BKK,2026-12-05,,PR,PREMIUM_ECONOMY,3,1,0,1,ONE_WAY,EUR,309,7,12,3610.45,3899.29
SIN,FRA,2027-06-14,,AI,PREMIUM_ECONOMY,1,0,0,1,ONE_WAY,USD,264,21,1,953.98,953.98
DFW,DOH,2026-12-28,,PR,ECONOMY,1,0,0,0,ONE_WAY,GBP,144,12,14,385.27,489.29
KUL,DOH,2027-01-13,2027-01-18,UK,ECONOMY,1,0,0,0,ROUND_TRIP,SGD,271,17,21,1514.97,1121.08
LAX,DPS,2027-04-21,,LX,ECONOMY,3,0,0,0,ONE_WAY,EUR,371,18,0,2540.58,2743.83
LAX,MAA,2026-12-02,2026-12-17,DL,FIRST,1,0,0,1,ROUND_TRIP,USD,585,14,23,8648.02,8648.02
AUH,ORD,2026-11-04,,AF,FIRST,1,0,0,1,ONE_WAY,EUR,456,6,13,5672.98,6126.82
BOM,DEL,2027-07-01,,UA,ECONOMY,2,0,0,2,ONE_WAY,USD,389,8,14,1685.33,1685.33
LHR,DOH,2027-03-20,,UK,ECONOMY,2,0,0,0,ONE_WAY,INR,471,11,18,745.24,8.94
MAD,SYD,2027-05-19,,LH,ECONOMY,1,0,0,0,ONE_WAY,USD,314,15,20,360.02,360.02
DOH,HKG,2027-02-10,2027-02-23,WN,PREMIUM_ECONOMY,1,0,0,1,ROUND_TRIP,USD,378,2,8,503.13,503.13
BOM,HYD,2027-03-21,,LH,BUSINESS,1,0,0,0,ONE_WAY,USD,319,5,10,1077.57,1077.57
SFO,DEL,2027-07-22,,IB,ECONOMY,2,0,0,2,ONE_WAY,USD,288,8,12,1795.04,1795.04
AUH,MAD,2027-05-27,,EY,FIRST,1,0,0,1,ONE_WAY,USD,599,0,9,1423.35,1423.35
MIA,LHR,2026-12-19,2026-12-28,UK,ECONOMY,1,0,0,0,ROUND_TRIP,EUR,647,0,10,2719.76,2937.34
ORD,AMS,2027-01-08,,WY,ECONOMY,1,0,0,1,ONE_WAY,USD,487,9,17,585.58,585.58
AMD,LAX,2027-06-10,,GA,PREMIUM_ECONOMY,2,0,0,1,ONE_WAY,USD,658,4,14,1276.91,1276.91
AMD,DXB,2026-10-03,2026-10-29,LH,ECONOMY,4,0,0,1,ROUND_TRIP,GBP,376,23,5,5204.09,6609.19
DOH,LAX,2027-05-21,,LH,ECONOMY,2,2,1,0,ONE_WAY,USD,379,6,12,3968.25,3968.25
BKK,FCO,2027-02-04,,QR,ECONOMY,2,1,0,1,ONE_WAY,USD,332,23,4,1172.95,1172.95
HYD,PNQ,2027-03-30,,SG,ECONOMY,1,0,0,0,ONE_WAY,USD,617,22,8,806.24,806.24
SYD,ICN,2027-02-13,,EK,ECONOMY,1,0,1,0,ONE_WAY,AUD,176,17,19,1005.38,653.5
DPS,CGK,2026-12-04,,UK,BUSINESS,3,0,1,0,ONE_WAY,INR,512,11,19,13930.37,167.16
JFK,MAD,2027-03-29,2027-04-16,TG,PREMIUM_ECONOMY,1,1,0,1,ROUND_TRIP,USD,732,19,7,6424.11,6424.11
BAH,KUL,2026-12-20,,DL,BUSINESS,2,0,1,1,ONE_WAY,INR,696,10,21,4003.67,48.04
AMD,CCU,2026-10-08,2026-10-22,AF,ECONOMY,1,0,0,2,ROUND_TRIP,AED,367,21,3,936.83,254.82
MCT,BAH,2026-09-19,2026-09-26,AF,PREMIUM_ECONOMY,1,0,0,1,ROUND_TRIP,USD,677,21,8,2131.66,2131.66
MEL,NRT,2026-12-18,,DL,PREMIUM_ECONOMY,4,0,1,1,ONE_WAY,GBP,519,23,7,7353.81,9339.34
CGK,DPS,2026-12-04,,WN,ECONOMY,1,0,0,1,ONE_WAY,AED,511,6,14,404.75,110.09
MNL,SYD,2027-05-03,2027-05-18,AA,PREMIUM_ECONOMY,1,0,1,2,ROUND_TRIP,USD,460,16,23,5323.08,5323.08
FRA,CDG,2027-04-25,2027-05-16,DL,ECONOMY,3,0,0,1,ROUND_TRIP,USD,602,9,19,8264.47,8264.47
DPS,FCO,2026-09-05,2026-09-22,WY,ECONOMY,1,1,0,1,ROUND_TRIP,GBP,423,12,19,1043.71,1325.51
SIN,DXB,2026-10-08,2026-11-02,AF,PREMIUM_ECONOMY,1,1,0,2,ROUND_TRIP,USD,447,12,19,3675.43,3675.43
FRA,CDG,2027-05-31,2027-06-26,BA,ECONOMY,2,0,0,1,ROUND_TRIP,USD,592,1,10,6074.06,6074.06
MEL,SIN,2027-05-23,,LH,ECONOMY,1,0,0,1,ONE_WAY,EUR,484,2,10,414.99,448.19
CGK,ICN,2027-03-28,,GF,FIRST,1,1,0,0,ONE_WAY,USD,320,20,1,5657.5,5657.5
KUL,CGK,2027-05-01,2027-05-21,AF,ECONOMY,1,0,0,0,ROUND_TRIP,GBP,67,6,7,1994.13,2532.55
DPS,DOH,2027-06-19,2027-07-02,IX,ECONOMY,1,0,0,1,ROUND_TRIP,EUR,513,4,12,2031.24,2193.74
KWI,CDG,2027-01-21,2027-02-15,SG,BUSINESS,2,0,0,1,ROUND_TRIP,AED,373,21,3,9031.42,2456.55
JFK,PNQ,2027-04-20,,GF,PREMIUM_ECONOMY,1,0,0,0,ONE_WAY,EUR,476,2,9,1503.86,1624.17
HYD,FRA,2027-03-12,,MH,ECONOMY,4,0,1,0,ONE_WAY,GBP,369,3,9,4406.38,5596.1
FRA,MAA,2026-10-09,,EY,ECONOMY,2,0,0,1,ONE_WAY,SGD,536,5,13,415.61,307.55
CCU,DOH,2026-10-31,2026-11-08,LX,PREMIUM_ECONOMY,1,0,0,0,ROUND_TRIP,USD,418,4,10,3121.19,3121.19
ICN,CDG,2026-12-23,,SQ,PREMIUM_ECONOMY,1,0,0,1,ONE_WAY,USD,671,11,22,2797.86,2797.86
DPS,JFK,2027-07-24,,6E,ECONOMY,1,0,0,1,ONE_WAY,INR,320,9,14,1228.26,14.74
MCT,CDG,2026-09-01,,SQ,ECONOMY,2,0,0,1,ONE_WAY,AUD,398,0,6,3184.91,2070.19
CDG,SFO,2026-11-16,2026-12-10,DL,ECONOMY,1,2,0,1,ROUND_TRIP,INR,617,5,15,7079.65,84.96
BLR,DPS,2027-04-07,,IB,ECONOMY,1,1,0,1,ONE_WAY,USD,704,0,11,1943.31,1943.31
AMD,BAH,2026-11-05,2026-11-11,6E,ECONOMY,1,0,0,1,ROUND_TRIP,USD,657,12,22,680.6,680.6
MAA,MEL,2027-06-15,,SQ,ECONOMY,1,1,0,0,ONE_WAY,GBP,511,5,13,2207.67,2803.74
AUH,PNQ,2027-05-27,,AI,BUSINESS,1,2,0,0,ONE_WAY,EUR,511,4,12,2545.57,2749.22
AUH,NRT,2027-04-22,,QR,PREMIUM_ECONOMY,1,0,0,1,ONE_WAY,USD,249,23,3,2224.2,2224.2
DOH,MEL,2026-09-23,,IX,ECONOMY,2,1,0,0,ONE_WAY,USD,485,5,13,1591.9,1591.9
MEL,SYD,2027-04-22,,6E,BUSINESS,1,0,0,2,ONE_WAY,INR,661,13,0,1971.42,23.66
BOM,BKK,2027-05-22,2027-06-08,WY,ECONOMY,3,0,0,0,ROUND_TRIP,USD,466,22,5,1378.29,1378.29
CGK,HKG,2027-04-10,,UA,BUSINESS,3,0,0,0,ONE_WAY,EUR,522,14,22,4217.69,4555.11
CCU,DOH,2027-06-16,2027-06-23,WN,ECONOMY,1,0,0,0,ROUND_TRIP,SGD,418,16,22,1528.71,1131.25
AUH,SFO,2027-04-23,2027-04-28,TG,PREMIUM_ECONOMY,1,0,0,0,ROUND_TRIP,INR,151,20,22,2981.93,35.78
DFW,SFO,2027-06-05,2027-07-04,UA,ECONOMY,3,0,0,2,ROUND_TRIP,USD,658,11,21,4449.63,4449.63
MAA,DOH,2027-02-14,,IB,ECONOMY,1,1,0,1,ONE_WAY,USD,521,7,15,2087.48,2087.48
MIA,BOM,2027-08-08,,SG,ECONOMY,2,0,0,0,ONE_WAY,GBP,432,3,10,2008.26,2550.49
DEL,NRT,2026-09-11,,PR,PREMIUM_ECONOMY,1,0,0,1,ONE_WAY,AED,456,15,22,2081.24,566.1
LHR,BKK,2027-07-22,2027-07-26,UA,ECONOMY,1,0,1,1,ROUND_TRIP,EUR,515,10,18,1872.62,2022.43
CCU,HYD,2026-11-12,,DL,BUSINESS,3,0,0,0,ONE_WAY,EUR,571,0,9,10123.68,10933.57
MAD,DPS,2027-07-25,2027-08-02,LX,ECONOMY,2,0,0,0,ROUND_TRIP,GBP,566,19,4,2823.13,3585.38
CGK,ORD,2026-12-09,,WN,BUSINESS,2,0,0,0,ONE_WAY,GBP,284,19,23,3092.26,3927.17
BKK,FCO,2027-07-12,,WY,BUSINESS,2,0,0,0,ONE_WAY,USD,217,5,8,3438.73,3438.73
MAD,CCU,2027-02-17,,AF,ECONOMY,1,0,0,1,ONE_WAY,INR,615,2,12,567.86,6.81
KUL,LHR,2026-10-11,2026-11-06,IB,BUSINESS,2,1,0,0,ROUND_TRIP,USD,533,21,5,19900.79,19900.79
DFW,DEL,2027-05-07,,AA,ECONOMY,2,0,0,1,ONE_WAY,USD,513,9,17,2506.91,2506.91
CCU,MAD,2026-09-06,,WY,ECONOMY,4,1,0,0,ONE_WAY,USD,541,21,6,5027.71,5027.71
BKK,FRA,2026-10-27,2026-11-13,WY,ECONOMY,1,0,0,0,ROUND_TRIP,EUR,227,23,2,2031.54,2194.06
CCU,BLR,2027-06-22,2027-07-12,MH,ECONOMY,4,0,0,2,ROUND_TRIP,AED,353,21,2,9645.26,2623.51
ZRH,LHR,2027-08-04,,EK,ECONOMY,1,0,0,1,ONE_WAY,EUR,456,6,13,1873.07,2022.92
ICN,DEL,2027-07-19,,PR,ECONOMY,1,0,0,2,ONE_WAY,GBP,678,4,15,1070.59,1359.65
JFK,LAX,2026-10-05,,GF,ECONOMY,3,2,1,1,ONE_WAY,EUR,216,22,1,4543.02,4906.46
MAD,MNL,2027-04-04,2027-04-10,TG,ECONOMY,1,0,0,0,ROUND_TRIP,USD,75,15,16,814.52,814.52
SYD,FRA,2026-09-07,2026-10-05,TG,ECONOMY,1,0,0,0,ROUND_TRIP,USD,529,8,16,2704.39,2704.39
KWI,BKK,2027-05-09,2027-05-26,IB,BUSINESS,2,0,0,2,ROUND_TRIP,GBP,813,15,4,5295.11,6724.79
MAD,AMS,2026-10-22,2026-11-17,BA,ECONOMY,4,0,0,2,ROUND_TRIP,INR,804,18,7,5461.21,65.53
DEL,LAX,2026-12-19,2027-01-07,WN,ECONOMY,4,2,0,0,ROUND_TRIP,USD,539,19,3,6380.3,6380.3
PNQ,DOH,2027-03-10,,WY,BUSINESS,1,0,0,1,ONE_WAY,INR,553,3,12,3341.51,40.1
SFO,MEL,2027-07-16,,AF,ECONOMY,3,0,1,1,ONE_WAY,AED,282,13,17,1986.21,540.25
FRA,ICN,2026-12-15,2026-12-25,AI,BUSINESS,1,1,0,2,ROUND_TRIP,USD,628,1,11,7152.41,7152.41
KWI,HKG,2026-09-15,2026-10-13,SG,ECONOMY,1,1,0,0,ROUND_TRIP,USD,185,3,6,676.88,676.88
MAA,LHR,2027-03-04,,UA,PREMIUM_ECONOMY,2,0,0,0,ONE_WAY,INR,576,13,22,4612.73,55.35
LAX,NRT,2026-11-06,,BA,ECONOMY,1,1,0,2,ONE_WAY,USD,418,20,2,1701.03,1701.03
SYD,NRT,2027-01-22,,EK,ECONOMY,2,1,0,1,ONE_WAY,USD,727,19,7,4592.5,4592.5
NRT,FCO,2026-10-31,2026-11-04,EK,ECONOMY,3,2,0,0,ROUND_TRIP,AUD,615,7,17,5041.81,3277.18
LHR,DOH,2026-08-22,2026-08-31,WN,ECONOMY,2,1,0,1,ROUND_TRIP,EUR,591,13,22,2914.06,3147.18
MAD,DXB,2026-11-17,2026-12-05,IB,BUSINESS,1,2,0,1,ROUND_TRIP,EUR,539,4,12,14082.56,15209.16
KUL,DFW,2026-09-23,,AI,PREMIUM_ECONOMY,3,0,0,0,ONE_WAY,EUR,180,23,2,5174.35,5588.3
LHR,CDG,2027-02-05,,WY,PREMIUM_ECONOMY,2,2,0,1,ONE_WAY,AED,606,13,23,3153.45,857.74
BAH,DXB,2027-04-11,2027-04-20,IB,ECONOMY,1,0,0,1,ROUND_TRIP,USD,224,1,4,490.75,490.75
DXB,KWI,2026-10-31,2026-11-13,UA,ECONOMY,3,0,0,0,ROUND_TRIP,EUR,432,10,17,4063.78,4388.88
MAD,SIN,2027-07-12,2027-07-16,AA,PREMIUM_ECONOMY,4,1,0,2,ROUND_TRIP,GBP,708,9,20,20490.11,26022.44
SYD,ICN,2027-03-02,2027-03-31,SG,ECONOMY,3,0,0,0,ROUND_TRIP,GBP,176,10,12,3250.99,4128.76
DEL,ZRH,2026-11-13,2026-12-05,WY,ECONOMY,2,0,0,0,ROUND_TRIP,USD,598,2,11,5466.93,5466.93
JFK,ORD,2026-12-26,2027-01-08,UA,ECONOMY,2,0,0,1,ROUND_TRIP,USD,215,18,21,1416.43,1416.43
DPS,AMS,2026-09-07,,EK,ECONOMY,2,0,0,0,ONE_WAY,EUR,297,7,11,2187.84,2362.87
BOM,DXB,2027-05-22,,QR,PREMIUM_ECONOMY,2,0,0,0,ONE_WAY,USD,213,19,22,4611.75,4611.75
ZRH,MEL,2026-11-23,,PR,FIRST,4,0,0,1,ONE_WAY,GBP,453,10,17,26434.8,33572.2
BKK,HKG,2027-04-07,,EK,ECONOMY,4,0,0,1,ONE_WAY,AUD,590,22,7,5085.31,3305.45
DPS,MAD,2027-07-12,,LH,FIRST,2,2,0,0,ONE_WAY,USD,378,7,13,16046.61,16046.61
CCU,KUL,2026-11-04,,UK,ECONOMY,3,1,0,1,ONE_WAY,AED,203,22,1,1295.57,352.4
DXB,DFW,2026-09-21,,IX,BUSINESS,2,0,1,0,ONE_WAY,EUR,423,12,19,4561.48,4926.4
KWI,CCU,2027-07-20,,GF,BUSINESS,1,0,0,0,ONE_WAY,USD,88,4,5,1038.84,1038.84
DFW,FRA,2027-07-29,,IB,ECONOMY,1,2,0,1,ONE_WAY,INR,297,7,11,1105.37,13.26
DOH,FCO,2026-08-25,2026-09-15,GF,ECONOMY,4,0,0,1,ROUND_TRIP,EUR,512,8,16,12710.71,13727.57
KWI,CCU,2027-08-11,,UA,BUSINESS,1,0,0,1,ONE_WAY,INR,166,0,2,1070.05,12.84
FRA,CCU,2026-09-27,2026-10-25,IX,BUSINESS,1,0,0,2,ROUND_TRIP,AED,209,3,6,4138.86,1125.77
FCO,LHR,2026-11-12,2026-11-29,WY,BUSINESS,1,0,0,1,ROUND_TRIP,EUR,264,13,17,5253.02,5673.26
CDG,FCO,2026-09-25,,IX,ECONOMY,1,0,0,0,ONE_WAY,USD,448,7,14,561.1,561.1
CCU,FCO,2027-08-13,2027-08-18,DL,BUSINESS,2,0,0,1,ROUND_TRIP,USD,458,18,1,5551.2,5551.2
ORD,DOH,2026-11-20,2026-12-03,EY,ECONOMY,3,0,0,1,ROUND_TRIP,GBP,655,12,22,4232.96,5375.86
MCT,AMD,2027-08-13,,IB,FIRST,3,0,0,0,ONE_WAY,EUR,201,22,1,26969.01,29126.53
MCT,MEL,2026-10-10,,DL,ECONOMY,2,0,0,2,ONE_WAY,EUR,823,7,20,1731.59,1870.12
MCT,DOH,2026-09-22,2026-10-03,AI,BUSINESS,2,0,0,2,ROUND_TRIP,USD,397,16,22,4207.28,4207.28
MNL,KUL,2026-11-28,,LH,BUSINESS,2,0,0,0,ONE_WAY,INR,486,3,11,3539.34,42.47
BOM,MCT,2026-09-11,2026-09-24,TG,ECONOMY,1,2,0,2,ROUND_TRIP,INR,857,22,12,4870.48,58.45
BOM,MCT,2027-02-06,2027-02-28,PR,BUSINESS,1,0,0,0,ROUND_TRIP,AED,641,19,5,7526.99,2047.34
MIA,SFO,2027-04-23,,AF,PREMIUM_ECONOMY,4,0,0,0,ONE_WAY,INR,311,3,8,2111.56,25.34
DEL,HYD,2026-12-02,2027-01-01,DL,ECONOMY,1,0,0,0,ROUND_TRIP,USD,128,0,2,1714.13,1714.13
MIA,JFK,2026-11-09,,UA,BUSINESS,2,0,0,2,ONE_WAY,AED,748,7,19,3791.2,1031.21
MEL,MNL,2027-02-02,2027-02-28,EK,ECONOMY,2,0,0,1,ROUND_TRIP,USD,173,8,10,4959.91,4959.91
ZRH,PNQ,2026-11-06,,EY,PREMIUM_ECONOMY,1,0,0,0,ONE_WAY,EUR,332,7,12,774.18,836.11
MCT,MEL,2026-12-24,,MH,ECONOMY,2,0,0,0,ONE_WAY,EUR,611,22,8,2556.34,2760.85
SFO,FRA,2026-12-28,,IB,ECONOMY,2,0,0,2,ONE_WAY,EUR,374,3,9,2487.25,2686.23
DXB,HYD,2027-02-13,,AF,ECONOMY,1,0,0,0,ONE_WAY,USD,646,16,2,600.18,600.18
DEL,NRT,2027-08-13,2027-08-22,UK,ECONOMY,1,0,0,1,ROUND_TRIP,USD,428,22,5,2202.13,2202.13
ICN,DFW,2027-03-06,,UK,ECONOMY,1,0,0,1,ONE_WAY,USD,255,23,3,686.36,686.36
BOM,LAX,2026-12-18,2027-01-02,BA,ECONOMY,1,0,0,1,ROUND_TRIP,USD,236,16,19,3153.27,3153.27
LHR,HKG,2027-01-04,,IB,ECONOMY,1,1,0,1,ONE_WAY,USD,662,10,21,713.15,713.15
MEL,LAX,2027-07-09,,TG,ECONOMY,4,1,0,2,ONE_WAY,USD,764,4,16,2215.15,2215.15
LHR,ICN,2027-03-29,,AF,BUSINESS,1,0,0,2,ONE_WAY,USD,380,23,5,3210.56,3210.56
MCT,MIA,2026-08-24,,AA,ECONOMY,1,0,0,1,ONE_WAY,INR,284,18,22,1703.38,20.44
MEL,CCU,2026-08-23,2026-09-02,KL,PREMIUM_ECONOMY,1,0,0,1,ROUND_TRIP,USD,431,8,15,2784.42,2784.42
NRT,FRA,2027-04-20,2027-05-11,UA,ECONOMY,3,0,0,0,ROUND_TRIP,SGD,534,10,18,2037.9,1508.05
PNQ,ZRH,2026-09-26,,EK,ECONOMY,2,0,0,0,ONE_WAY,USD,443,23,6,2784.18,2784.18
CGK,LAX,2026-09-17,,KL,ECONOMY,4,0,1,1,ONE_WAY,EUR,149,20,22,3143.37,3394.84
DPS,MAD,2026-11-05,2026-11-21,MH,BUSINESS,2,1,0,1,ROUND_TRIP,USD,496,8,16,10108.37,10108.37
HKG,MNL,2026-10-05,2026-10-12,MH,ECONOMY,1,0,0,2,ROUND_TRIP,AED,348,21,2,1022.55,278.13
JFK,KUL,2027-01-15,2027-02-04,AF,FIRST,3,1,0,2,ROUND_TRIP,USD,774,9,21,48836.41,48836.41
MAD,KWI,2027-05-18,2027-05-27,SQ,PREMIUM_ECONOMY,1,1,0,1,ROUND_TRIP,AED,239,20,23,5762.43,1567.38
CGK,LAX,2027-02-23,2027-03-06,AF,PREMIUM_ECONOMY,2,0,0,2,ROUND_TRIP,EUR,239,20,23,4818.92,5204.43
CGK,AMD,2027-04-10,2027-04-14,SG,ECONOMY,2,0,0,2,ROUND_TRIP,AED,537,21,5,2760.89,750.96
MAA,DEL,2027-08-13,,LX,PREMIUM_ECONOMY,1,0,0,0,ONE_WAY,AUD,613,20,6,899.8,584.87
AMD,NRT,2026-11-30,2026-12-26,QR,ECONOMY,1,1,0,2,ROUND_TRIP,USD,766,21,9,1690.26,1690.26
JFK,KWI,2026-08-16,2026-08-20,QR,ECONOMY,1,0,1,1,ROUND_TRIP,EUR,526,15,23,3931.03,4245.51
SYD,PNQ,2026-08-29,,SQ,ECONOMY,1,0,0,1,ONE_WAY,USD,439,17,0,1315.84,1315.84
MEL,BLR,2027-05-22,,WN,ECONOMY,1,0,1,1,ONE_WAY,INR,696,6,17,971.33,11.66
MEL,ORD,2026-08-21,,IB,ECONOMY,2,0,0,1,ONE_WAY,INR,600,6,16,964.3,11.57
DPS,BOM,2027-08-09,,IB,ECONOMY,1,0,0,1,ONE_WAY,EUR,321,13,18,1471.36,1589.07
DPS,LHR,2026-12-31,2027-01-19,EK,ECONOMY,2,0,0,1,ROUND_TRIP,INR,506,8,16,4225.06,50.7
SIN,HKG,2027-01-07,,GA,ECONOMY,2,0,0,2,ONE_WAY,EUR,674,21,8,1940.27,2095.49
AMS,LAX,2027-04-28,,AF,ECONOMY,1,0,0,1,ONE_WAY,EUR,477,3,10,1573.55,1699.43
CGK,DPS,2027-03-25,2027-04-02,LH,ECONOMY,1,1,0,0,ROUND_TRIP,USD,418,12,18,1529.61,1529.61
LHR,BLR,2027-03-28,2027-04-07,EY,ECONOMY,3,0,1,0,ROUND_TRIP,GBP,327,7,12,2673.61,3395.48
HYD,CGK,2026-10-28,,PR,BUSINESS,2,0,0,1,ONE_WAY,INR,727,20,8,2722.49,32.67
AMS,CGK,2026-08-26,,AF,PREMIUM_ECONOMY,2,0,0,1,ONE_WAY,USD,676,1,12,2363.16,2363.16
MCT,SFO,2026-10-19,,GA,BUSINESS,1,0,0,2,ONE_WAY,SGD,468,4,11,1629.62,1205.92
LAX,SFO,2027-07-25,2027-08-02,EK,BUSINESS,1,1,0,0,ROUND_TRIP,USD,473,5,12,8159.16,8159.16
HYD,CDG,2026-10-25,2026-11-17,QR,PREMIUM_ECONOMY,2,0,0,1,ROUND_TRIP,INR,584,6,15,6806.52,81.68
HYD,LHR,2027-05-04,,GA,ECONOMY,3,0,0,1,ONE_WAY,USD,634,6,16,4057.77,4057.77
CCU,AUH,2027-08-12,2027-09-04,LH,PREMIUM_ECONOMY,1,0,0,1,ROUND_TRIP,GBP,648,20,6,2796.33,3551.34
PNQ,MNL,2027-02-12,,KL,ECONOMY,4,0,0,1,ONE_WAY,USD,243,9,13,2570.57,2570.57
AMD,DFW,2026-10-27,,LX,PREMIUM_ECONOMY,2,0,0,0,ONE_WAY,USD,472,20,3,2618.76,2618.76
BKK,BAH,2027-05-10,2027-05-30,SQ,FIRST,2,0,0,2,ROUND_TRIP,EUR,854,6,20,40604.59,43852.96
KUL,CGK,2027-05-02,2027-05-16,TG,PREMIUM_ECONOMY,1,0,0,0,ROUND_TRIP,GBP,67,18,19,2616.89,3323.45
SFO,LAX,2027-07-12,2027-07-31,LH,BUSINESS,1,0,0,2,ROUND_TRIP,INR,263,12,16,3060.33,36.72
KUL,LHR,2027-05-27,,GF,ECONOMY,3,0,0,0,ONE_WAY,AED,533,18,2,4198.19,1141.91
CCU,DEL,2027-03-07,,QR,ECONOMY,1,0,0,0,ONE_WAY,USD,127,7,9,1105.02,1105.02
MEL,SFO,2027-01-07,,QR,ECONOMY,2,0,0,0,ONE_WAY,USD,90,13,14,1609.05,1609.05
SIN,ORD,2026-10-27,,EY,ECONOMY,1,0,0,0,ONE_WAY,EUR,235,23,2,1155.66,1248.11
DFW,MIA,2026-11-17,2026-11-25,QR,PREMIUM_ECONOMY,1,1,0,1,ROUND_TRIP,USD,601,23,9,7887.26,7887.26
MAD,NRT,2026-08-31,,IB,ECONOMY,1,0,0,1,ONE_WAY,AUD,549,19,4,1242.94,807.91
MIA,BOM,2027-05-26,2027-06-16,GA,ECONOMY,1,0,0,1,ROUND_TRIP,INR,536,20,4,2404.46,28.85
BAH,MNL,2027-06-25,,AA,ECONOMY,1,2,0,1,ONE_WAY,SGD,184,21,0,1861.93,1377.83
SFO,MAD,2026-12-18,2027-01-12,PR,PREMIUM_ECONOMY,2,0,0,1,ROUND_TRIP,GBP,470,8,15,4466.37,5672.29
SIN,DPS,2026-09-12,,GF,ECONOMY,4,0,0,1,ONE_WAY,USD,299,23,3,3367.76,3367.76
ZRH,DXB,2027-05-18,,AA,BUSINESS,1,2,0,0,ONE_WAY,USD,442,9,16,7392.09,7392.09
BKK,KUL,2026-09-05,2026-09-27,SG,ECONOMY,1,0,0,0,ROUND_TRIP,EUR,181,12,15,495.72,535.38
HYD,SFO,2027-01-04,,EK,PREMIUM_ECONOMY,2,0,0,1,ONE_WAY,USD,718,12,23,6462.46,6462.46
DOH,AMS,2026-10-05,2026-10-29,QR,ECONOMY,2,0,0,0,ROUND_TRIP,USD,454,11,18,6706.07,6706.07
BKK,MAA,2027-01-14,,AI,ECONOMY,1,0,0,0,ONE_WAY,USD,355,18,23,351.45,351.45
BLR,LHR,2027-03-20,,LX,ECONOMY,2,0,0,2,ONE_WAY,EUR,351,2,7,2294.6,2478.17
HYD,FRA,2027-08-08,2027-08-13,GA,ECONOMY,4,0,0,1,ROUND_TRIP,GBP,465,20,3,10355.58,13151.59
HYD,BLR,2027-07-18,,GF,ECONOMY,1,0,0,1,ONE_WAY,USD,259,12,16,1423.64,1423.64
ZRH,JFK,2026-10-07,2026-10-10,GA,ECONOMY,1,1,0,1,ROUND_TRIP,USD,675,2,13,3498.18,3498.18
MAD,ORD,2027-06-16,,IB,ECONOMY,2,0,1,1,ONE_WAY,AED,666,9,20,1301.48,354.0
BAH,SFO,2027-06-13,,SQ,BUSINESS,1,0,0,1,ONE_WAY,AED,421,7,14,5064.4,1377.52
MEL,SFO,2027-06-22,,UA,ECONOMY,1,0,0,1,ONE_WAY,INR,188,4,7,824.12,9.89
SYD,ORD,2026-10-24,2026-10-29,AI,ECONOMY,1,0,0,0,ROUND_TRIP,USD,502,6,14,1950.95,1950.95
MEL,LAX,2026-12-01,,EK,FIRST,3,1,0,0,ONE_WAY,AED,626,15,1,16184.12,4402.08
CGK,HKG,2027-08-02,,LH,ECONOMY,1,0,0,0,ONE_WAY,USD,522,5,13,379.51,379.51
SFO,DXB,2027-01-23,,GA,ECONOMY,1,2,0,0,ONE_WAY,USD,284,15,19,2428.27,2428.27
SYD,SIN,2026-12-09,,6E,BUSINESS,1,1,0,1,ONE_WAY,USD,455,21,4,4520.27,4520.27
LHR,BAH,2027-03-21,,6E,ECONOMY,2,0,0,0,ONE_WAY,AED,431,4,11,2127.85,578.78
JFK,BKK,2027-02-28,,UA,PREMIUM_ECONOMY,3,0,0,1,ONE_WAY,GBP,433,20,3,1756.65,2230.95
MEL,MIA,2027-03-18,,UA,ECONOMY,1,0,0,1,ONE_WAY,USD,500,0,8,723.7,723.7
AMD,MEL,2027-06-22,,PR,ECONOMY,1,0,0,0,ONE_WAY,INR,151,15,17,637.65,7.65
AMD,AMS,2026-08-29,2026-09-27,6E,BUSINESS,1,0,0,2,ROUND_TRIP,USD,446,12,19,4715.14,4715.14
JFK,NRT,2027-06-26,,6E,ECONOMY,1,0,0,0,ONE_WAY,SGD,144,20,22,394.32,291.8
LAX,DPS,2027-01-09,,SQ,ECONOMY,1,0,0,1,ONE_WAY,GBP,453,19,2,850.44,1080.06
BKK,SIN,2027-06-17,,EK,ECONOMY,2,0,0,1,ONE_WAY,INR,248,11,15,976.5,11.72
HYD,PNQ,2027-07-24,2027-08-18,AF,BUSINESS,2,0,0,2,ROUND_TRIP,EUR,849,12,2,16549.67,17873.64
DEL,AUH,2027-05-17,2027-06-01,TG,ECONOMY,1,0,0,0,ROUND_TRIP,EUR,343,13,18,1085.47,1172.31
BAH,ZRH,2027-03-13,,WN,ECONOMY,3,0,0,1,ONE_WAY,SGD,504,15,23,1535.81,1136.5
DFW,DOH,2026-10-20,2026-10-29,LX,PREMIUM_ECONOMY,1,1,0,1,ROUND_TRIP,USD,249,2,6,1444.86,1444.86
AUH,JFK,2027-01-25,2027-02-20,IX,ECONOMY,1,1,0,0,ROUND_TRIP,USD,536,16,0,1439.29,1439.29
MAA,KUL,2026-12-08,2026-12-21,EK,ECONOMY,2,0,0,1,ROUND_TRIP,USD,519,6,14,5033.11,5033.11
CCU,MCT,2027-07-19,,GA,ECONOMY,1,0,0,0,ONE_WAY,AED,487,4,12,657.03,178.71
PNQ,DEL,2027-01-02,,WN,ECONOMY,1,0,0,1,ONE_WAY,AED,277,22,2,292.28,79.5
MAA,MAD,2027-07-28,,AI,BUSINESS,2,0,1,2,ONE_WAY,INR,817,20,9,3806.75,45.68
ICN,AUH,2026-12-03,,MH,BUSINESS,4,0,0,0,ONE_WAY,USD,408,15,21,22189.36,22189.36
MEL,NRT,2027-03-11,2027-03-25,SG,ECONOMY,3,0,0,0,ROUND_TRIP,SGD,406,14,20,3615.46,2675.44
SIN,MCT,2026-12-01,,TG,ECONOMY,1,2,0,0,ONE_WAY,EUR,60,22,23,580.58,627.03
HKG,ICN,2026-10-18,2026-11-10,UA,ECONOMY,3,0,0,1,ROUND_TRIP,AUD,645,10,20,7337.06,4769.09
KUL,ICN,2027-05-10,,TG,ECONOMY,1,0,0,0,ONE_WAY,USD,326,5,10,834.84,834.84
CGK,DOH,2027-05-20,,AI,FIRST,1,0,0,0,ONE_WAY,EUR,101,15,16,1459.7,1576.48
HKG,BKK,2027-03-01,,SG,PREMIUM_ECONOMY,1,0,0,0,ONE_WAY,GBP,201,17,20,1353.11,1718.45
BAH,AMD,2026-09-25,2026-10-06,LH,BUSINESS,1,0,0,0,ROUND_TRIP,USD,141,8,10,2303.02,2303.02
DEL,MIA,2027-04-07,,SG,ECONOMY,2,0,1,0,ONE_WAY,USD,346,9,14,901.04,901.04
MCT,LHR,2026-12-16,2026-12-27,SG,ECONOMY,3,0,0,0,ROUND_TRIP,EUR,626,18,4,3593.7,3881.2
KUL,BOM,2027-02-16,,SG,ECONOMY,2,0,0,1,ONE_WAY,USD,652,23,9,1169.74,1169.74
ICN,LAX,2026-09-10,2026-10-05,UA,PREMIUM_ECONOMY,2,0,1,1,ROUND_TRIP,INR,189,4,7,5939.13,71.27
MNL,FRA,2026-11-29,2026-12-08,EY,ECONOMY,1,2,0,0,ROUND_TRIP,USD,263,3,7,1089.57,1089.57
DOH,BAH,2026-10-13,,QR,BUSINESS,4,0,0,0,ONE_WAY,EUR,457,9,16,21228.44,22926.72
NRT,MCT,2027-02-27,,AF,ECONOMY,3,0,0,0,ONE_WAY,EUR,533,13,21,4022.05,4343.81
LAX,SFO,2026-10-14,2026-11-13,AI,ECONOMY,2,0,1,2,ROUND_TRIP,USD,693,5,16,1571.05,1571.05
PNQ,LHR,2027-08-11,2027-09-08,AA,ECONOMY,2,0,0,1,ROUND_TRIP,USD,726,6,18,2046.56,2046.56
MCT,BAH,2026-09-01,2026-09-16,AI,BUSINESS,2,1,0,1,ROUND_TRIP,USD,687,12,23,11613.5,11613.5
AMS,SYD,2027-01-02,,LH,FIRST,2,0,1,1,ONE_WAY,USD,398,18,0,9569.3,9569.3
SYD,CCU,2026-10-13,2026-10-16,UK,FIRST,2,0,0,0,ROUND_TRIP,AUD,287,12,16,11184.32,7269.81
CCU,MNL,2026-10-01,,PR,PREMIUM_ECONOMY,4,1,0,2,ONE_WAY,INR,517,2,10,5331.55,63.98
SFO,JFK,2026-11-07,,DL,ECONOMY,2,0,0,2,ONE_WAY,AUD,776,2,14,776.55,504.76
BAH,AMD,2027-03-20,,EY,BUSINESS,1,0,0,0,ONE_WAY,AED,141,16,18,1041.55,283.3
CGK,HKG,2027-06-14,,LH,ECONOMY,1,1,0,1,ONE_WAY,EUR,619,2,12,644.0,695.52
SYD,BOM,2026-08-20,2026-09-13,UA,PREMIUM_ECONOMY,2,1,0,1,ROUND_TRIP,USD,733,15,3,17662.46,17662.46
MIA,PNQ,2027-01-18,,LH,BUSINESS,1,0,0,2,ONE_WAY,USD,476,9,16,2659.09,2659.09
FRA,HKG,2027-03-03,,WN,ECONOMY,2,0,0,1,ONE_WAY,AUD,699,3,14,1953.0,1269.45
DFW,FRA,2027-04-17,,IB,PREMIUM_ECONOMY,4,0,0,0,ONE_WAY,INR,226,7,10,2662.11,31.95
KUL,DPS,2026-11-14,,AF,ECONOMY,4,0,0,0,ONE_WAY,EUR,581,6,15,5111.77,5520.71
KWI,BKK,2026-12-28,,GF,ECONOMY,2,0,0,0,ONE_WAY,USD,651,11,21,1397.66,1397.66
ORD,DFW,2027-07-27,,TG,ECONOMY,1,0,0,0,ONE_WAY,INR,659,19,5,1521.73,18.26
KUL,HKG,2027-03-10,,EY,PREMIUM_ECONOMY,1,1,0,1,ONE_WAY,INR,598,16,1,3209.91,38.52
SYD,SFO,2027-04-16,2027-05-16,PR,ECONOMY,2,0,1,1,ROUND_TRIP,EUR,297,18,22,2652.26,2864.44
MCT,BAH,2027-03-19,2027-04-16,KL,ECONOMY,1,0,0,1,ROUND_TRIP,USD,683,11,22,993.76,993.76
FRA,LAX,2026-09-23,2026-10-07,AA,ECONOMY,1,0,0,1,ROUND_TRIP,USD,210,11,14,512.57,512.57
CDG,MAD,2027-03-28,2027-04-15,IB,BUSINESS,2,0,0,0,ROUND_TRIP,GBP,468,5,12,2794.16,3548.58
AMS,ICN,2027-02-08,2027-02-19,WN,ECONOMY,1,1,0,1,ROUND_TRIP,GBP,270,17,21,1106.21,1404.89
HYD,MNL,2027-06-20,,AA,ECONOMY,2,0,0,0,ONE_WAY,USD,258,3,7,1527.25,1527.25
NRT,HYD,2026-09-27,2026-10-11,MH,BUSINESS,1,0,1,2,ROUND_TRIP,USD,357,0,5,3195.06,3195.06
DFW,MCT,2027-02-14,2027-03-05,EK,BUSINESS,1,0,0,0,ROUND_TRIP,INR,118,7,8,7117.5,85.41
SIN,MCT,2027-03-03,2027-04-02,EY,BUSINESS,2,0,1,1,ROUND_TRIP,EUR,167,13,15,2371.69,2561.43
HYD,FRA,2027-02-01,2027-02-23,EY,BUSINESS,1,1,0,0,ROUND_TRIP,AED,369,4,10,12298.89,3345.3
MEL,MAD,2027-06-15,,SG,ECONOMY,1,0,0,0,ONE_WAY,USD,141,10,12,829.36,829.36
MIA,FCO,2026-08-25,2026-09-10,AA,ECONOMY,2,0,0,0,ROUND_TRIP,EUR,329,2,7,3461.73,3738.67
BKK,ORD,2027-07-08,,WY,PREMIUM_ECONOMY,3,0,0,0,ONE_WAY,EUR,204,21,0,2520.25,2721.87
SFO,HYD,2026-09-26,,EK,BUSINESS,2,0,0,0,ONE_WAY,EUR,633,20,6,11336.91,12243.86
PNQ,KWI,2027-04-07,2027-04-18,WN,ECONOMY,1,0,0,0,ROUND_TRIP,USD,188,11,14,811.08,811.08
DPS,NRT,2027-03-30,,GF,FIRST,1,2,0,2,ONE_WAY,INR,477,0,7,7056.22,84.67
DEL,HKG,2027-03-20,,DL,ECONOMY,1,0,0,0,ONE_WAY,INR,246,8,12,655.07,7.86
MNL,HYD,2026-08-19,2026-08-29,IB,ECONOMY,1,0,0,2,ROUND_TRIP,GBP,720,8,20,3459.32,4393.34
MCT,BKK,2026-09-12,2026-10-04,BA,PREMIUM_ECONOMY,1,0,0,0,ROUND_TRIP,USD,244,0,4,4767.37,4767.37
PNQ,KUL,2026-09-25,,UA,BUSINESS,2,1,0,1,ONE_WAY,INR,403,13,19,2634.82,31.62
HKG,AMS,2026-08-26,2026-09-04,WY,FIRST,2,2,1,1,ROUND_TRIP,EUR,247,5,9,62899.8,67931.78
HYD,CGK,2026-10-16,,SQ,BUSINESS,3,0,0,1,ONE_WAY,INR,741,23,11,6047.32,72.57
HYD,AUH,2026-12-17,2026-12-31,WN,BUSINESS,1,0,0,2,ROUND_TRIP,EUR,359,12,17,6630.78,7161.24
FRA,DEL,2026-11-14,2026-12-08,QR,ECONOMY,3,0,0,0,ROUND_TRIP,EUR,290,14,18,6619.8,7149.38
AUH,ORD,2026-10-24,2026-11-18,EY,ECONOMY,1,0,0,2,ROUND_TRIP,USD,599,1,10,1303.05,1303.05
DFW,ICN,2026-09-11,,IX,BUSINESS,1,0,0,2,ONE_WAY,EUR,371,11,17,2776.91,2999.06
MCT,ICN,2026-12-30,2027-01-28,LH,ECONOMY,3,0,0,1,ROUND_TRIP,GBP,277,22,2,4546.05,5773.48
ZRH,CDG,2026-10-23,,AA,BUSINESS,1,0,0,1,ONE_WAY,USD,614,13,23,917.16,917.16
LAX,AMD,2026-09-23,2026-10-06,AA,ECONOMY,1,0,0,1,ROUND_TRIP,USD,429,10,17,2412.83,2412.83
HYD,FRA,2027-04-27,,6E,BUSINESS,2,1,0,0,ONE_WAY,EUR,369,14,20,8165.23,8818.45
DEL,FCO,2027-07-15,2027-07-26,AA,ECONOMY,2,0,0,1,ROUND_TRIP,USD,690,9,20,3423.69,3423.69
MAD,HYD,2027-08-06,,QR,BUSINESS,1,2,0,0,ONE_WAY,SGD,372,6,12,8293.32,6137.06
MAA,BLR,2027-07-01,,AA,BUSINESS,1,0,0,1,ONE_WAY,USD,437,15,22,1986.65,1986.65
MNL,AMS,2027-01-08,,LH,ECONOMY,2,0,0,0,ONE_WAY,USD,237,23,2,992.19,992.19
CGK,HYD,2027-06-01,2027-06-26,AI,ECONOMY,3,0,0,1,ROUND_TRIP,AED,185,23,2,1384.58,376.61
KUL,FRA,2027-04-21,,GA,BUSINESS,1,0,0,1,ONE_WAY,EUR,244,3,7,1018.15,1099.6
JFK,BOM,2026-10-31,,EK,BUSINESS,2,0,0,1,ONE_WAY,USD,189,15,18,2209.98,2209.98
CGK,MIA,2027-04-25,,LH,ECONOMY,1,0,0,0,ONE_WAY,USD,518,20,4,1638.0,1638.0
ORD,JFK,2026-11-17,,UA,ECONOMY,4,1,0,1,ONE_WAY,USD,200,3,6,5407.21,5407.21
SYD,MCT,2027-05-27,2027-06-25,EY,ECONOMY,2,1,0,1,ROUND_TRIP,GBP,497,19,3,2186.2,2776.47
DPS,CCU,2027-04-12,2027-05-02,AI,ECONOMY,1,0,0,0,ROUND_TRIP,USD,70,10,11,731.92,731.92
DOH,CCU,2027-07-29,,SQ,PREMIUM_ECONOMY,1,0,0,2,ONE_WAY,USD,673,7,18,1131.76,1131.76
HYD,ICN,2027-02-18,2027-03-04,DL,FIRST,2,0,0,0,ROUND_TRIP,AUD,201,17,20,13286.8,8636.42
CCU,AMD,2027-07-27,,UK,ECONOMY,1,0,0,0,ONE_WAY,USD,429,23,6,816.27,816.27
SIN,CDG,2026-11-08,,LX,ECONOMY,2,0,0,1,ONE_WAY,USD,563,20,5,1798.33,1798.33
MAA,MEL,2027-04-02,,UA,PREMIUM_ECONOMY,4,0,0,1,ONE_WAY,USD,596,13,22,5652.91,5652.91
DXB,DEL,2027-01-03,,UA,ECONOMY,1,1,0,0,ONE_WAY,USD,105,4,5,2467.37,2467.37
SFO,FCO,2027-03-24,,WY,BUSINESS,1,0,0,1,ONE_WAY,GBP,650,13,23,2374.08,3015.08
ZRH,ICN,2027-05-10,,SG,PREMIUM_ECONOMY,3,0,0,0,ONE_WAY,EUR,195,14,17,3300.76,3564.82
CCU,ZRH,2027-01-30,2027-02-27,WY,ECONOMY,2,1,0,1,ROUND_TRIP,AUD,631,13,23,6575.17,4273.86
AMS,DEL,2027-06-11,2027-06-26,IX,PREMIUM_ECONOMY,1,0,0,0,ROUND_TRIP,EUR,241,12,16,3074.96,3320.96
NRT,MAA,2027-07-02,,UK,PREMIUM_ECONOMY,2,1,0,1,ONE_WAY,INR,290,20,0,5056.27,60.68
DXB,BAH,2026-09-15,,6E,ECONOMY,2,0,1,1,ONE_WAY,EUR,713,6,17,2389.05,2580.17
SFO,HKG,2027-01-28,2027-02-18,GF,PREMIUM_ECONOMY,1,0,1,1,ROUND_TRIP,SGD,709,12,23,4163.98,3081.35
BKK,MIA,2026-09-10,2026-09-24,SQ,BUSINESS,3,0,0,1,ROUND_TRIP,AUD,467,10,17,12388.4,8052.46
DXB,SFO,2026-12-06,2026-12-14,SQ,PREMIUM_ECONOMY,1,0,0,1,ROUND_TRIP,USD,451,14,21,3972.24,3972.24
SIN,LAX,2027-03-28,2027-04-08,EY,BUSINESS,1,0,1,1,ROUND_TRIP,USD,531,14,22,5849.91,5849.91
AMD,DFW,2026-08-25,,IX,ECONOMY,1,2,0,2,ONE_WAY,GBP,644,10,20,2740.22,3480.08
LHR,JFK,2027-04-27,,UA,ECONOMY,4,2,0,1,ONE_WAY,GBP,179,15,17,2501.89,3177.4
SIN,SFO,2026-11-26,,MH,FIRST,2,1,0,0,ONE_WAY,EUR,305,17,22,15096.14,16303.83
HKG,MAA,2027-07-15,,GA,BUSINESS,1,0,0,1,ONE_WAY,USD,699,9,20,4439.37,4439.37
SFO,ORD,2026-10-10,,WN,ECONOMY,1,0,0,1,ONE_WAY,USD,375,9,15,173.05,173.05
BAH,HYD,2027-03-21,,GF,BUSINESS,2,1,0,0,ONE_WAY,EUR,257,2,6,11684.98,12619.78
AUH,DXB,2027-03-30,2027-04-09,UK,ECONOMY,3,0,0,0,ROUND_TRIP,USD,620,4,14,6365.27,6365.27
DXB,KUL,2027-03-07,,GF,ECONOMY,1,0,0,0,ONE_WAY,EUR,263,2,6,1113.2,1202.26
SFO,LAX,2026-10-24,,BA,ECONOMY,1,0,0,1,ONE_WAY,USD,166,1,3,436.12,436.12
CGK,BLR,2027-07-30,,IX,ECONOMY,3,0,0,1,ONE_WAY,USD,400,13,19,830.53,830.53
MNL,HYD,2027-02-26,,KL,ECONOMY,2,2,0,1,ONE_WAY,SGD,649,14,0,3286.34,2431.89
KWI,FRA,2026-12-31,,LH,BUSINESS,2,2,0,2,ONE_WAY,INR,728,16,4,5865.12,70.38
DPS,ZRH,2026-10-08,,SG,BUSINESS,1,0,0,0,ONE_WAY,EUR,340,22,3,2832.86,3059.49
KWI,SFO,2026-10-26,2026-11-21,TG,ECONOMY,2,0,0,1,ROUND_TRIP,INR,582,1,10,1004.15,12.05
MAA,CCU,2027-02-16,,BA,PREMIUM_ECONOMY,1,0,0,0,ONE_WAY,USD,552,23,8,1594.53,1594.53
CDG,DEL,2027-05-17,2027-05-29,BA,ECONOMY,1,1,0,1,ROUND_TRIP,GBP,492,3,11,3779.41,4799.85
FRA,LHR,2027-03-27,,IB,BUSINESS,1,0,0,1,ONE_WAY,GBP,411,1,7,1734.41,2202.7
DOH,MEL,2027-07-08,,TG,BUSINESS,3,1,0,0,ONE_WAY,USD,485,17,1,10318.53,10318.53
DFW,ICN,2027-08-01,2027-08-28,UK,ECONOMY,1,0,1,0,ROUND_TRIP,USD,213,18,21,2796.73,2796.73
BLR,ORD,2026-09-20,2026-10-08,GA,ECONOMY,1,1,0,1,ROUND_TRIP,USD,148,18,20,1913.28,1913.28
DFW,MAD,2027-07-02,,SQ,ECONOMY,1,0,0,1,ONE_WAY,INR,441,9,16,454.54,5.45
AUH,LAX,2026-08-17,2026-09-07,DL,ECONOMY,2,1,1,2,ROUND_TRIP,EUR,794,8,21,14211.17,15348.06
KWI,DEL,2026-11-03,2026-11-19,LX,ECONOMY,2,1,0,1,ROUND_TRIP,EUR,321,0,5,5548.15,5992.0
DFW,MAA,2026-12-04,,UK,ECONOMY,2,0,0,2,ONE_WAY,AED,738,13,1,1226.32,333.56
DEL,CCU,2026-10-22,2026-11-09,DL,ECONOMY,1,0,0,0,ROUND_TRIP,INR,134,22,0,509.26,6.11
LAX,ICN,2027-02-27,,IB,ECONOMY,1,0,0,0,ONE_WAY,EUR,169,16,18,633.3,683.96
AMD,PNQ,2027-04-01,2027-04-10,DL,ECONOMY,2,0,0,2,ROUND_TRIP,INR,495,20,4,1259.26,15.11
MEL,PNQ,2026-12-14,,DL,BUSINESS,3,1,1,0,ONE_WAY,USD,601,23,9,7911.6,7911.6
MEL,KUL,2026-12-28,2027-01-25,GF,PREMIUM_ECONOMY,1,0,0,1,ROUND_TRIP,GBP,402,23,5,2622.99,3331.2
ORD,SYD,2027-04-01,2027-04-23,UK,ECONOMY,1,0,1,0,ROUND_TRIP,EUR,233,7,10,2229.26,2407.6
JFK,MEL,2026-09-01,,GF,ECONOMY,2,0,0,0,ONE_WAY,USD,596,2,11,2072.7,2072.7
FRA,BKK,2026-11-18,,SQ,ECONOMY,1,0,0,1,ONE_WAY,INR,191,6,9,599.24,7.19
CDG,HYD,2027-05-04,,EY,PREMIUM_ECONOMY,2,0,0,1,ONE_WAY,EUR,649,23,9,4645.41,5017.04
CDG,LAX,2027-04-16,2027-05-05,BA,ECONOMY,2,0,0,1,ROUND_TRIP,USD,659,3,13,2670.25,2670.25
KWI,MEL,2026-11-06,2026-12-04,EK,ECONOMY,1,0,0,1,ROUND_TRIP,EUR,212,4,7,2446.4,2642.11
KUL,NRT,2027-02-21,2027-03-22,KL,ECONOMY,2,0,0,1,ROUND_TRIP,INR,265,20,0,1720.96,20.65
BLR,JFK,2026-09-20,2026-09-27,BA,FIRST,1,1,0,0,ROUND_TRIP,EUR,384,21,3,13735.51,14834.35
MCT,ORD,2027-04-06,2027-04-14,QR,ECONOMY,1,0,0,0,ROUND_TRIP,USD,491,1,9,768.87,768.87
AMS,NRT,2027-06-23,,6E,PREMIUM_ECONOMY,3,0,0,1,ONE_WAY,EUR,375,8,14,1999.15,2159.08
ICN,DFW,2027-06-06,2027-06-29,IB,FIRST,1,0,0,0,ROUND_TRIP,EUR,148,8,10,11650.25,12582.27
AMD,BLR,2027-01-03,,MH,ECONOMY,2,0,0,0,ONE_WAY,AED,439,18,1,1625.66,442.18
AMD,ICN,2026-11-01,2026-11-28,SG,ECONOMY,2,2,0,0,ROUND_TRIP,GBP,405,20,2,7195.76,9138.62
CDG,DFW,2027-04-26,,IB,FIRST,2,1,0,0,ONE_WAY,EUR,257,1,5,11103.51,11991.79
MIA,BLR,2027-02-01,2027-02-14,SQ,ECONOMY,3,1,0,0,ROUND_TRIP,EUR,462,9,16,4179.15,4513.48
DOH,DEL,2027-07-19,2027-07-29,EK,FIRST,1,0,0,0,ROUND_TRIP,USD,458,18,1,9040.82,9040.82
CCU,KUL,2026-12-24,,QR,PREMIUM_ECONOMY,3,2,0,2,ONE_WAY,USD,329,15,20,5704.63,5704.63
BLR,MAA,2027-02-13,2027-02-19,KL,ECONOMY,2,2,0,1,ROUND_TRIP,AED,522,12,20,2593.34,705.39
CCU,BAH,2027-06-20,,AI,BUSINESS,1,0,0,0,ONE_WAY,GBP,232,10,13,2379.49,3021.95
FRA,CCU,2026-08-20,2026-08-27,AA,PREMIUM_ECONOMY,1,0,0,0,ROUND_TRIP,USD,63,16,17,6922.68,6922.68
MAA,LAX,2027-05-21,2027-05-29,KL,PREMIUM_ECONOMY,1,0,0,1,ROUND_TRIP,EUR,161,18,20,3263.6,3524.69
JFK,KWI,2027-01-05,2027-01-13,GA,BUSINESS,3,1,0,0,ROUND_TRIP,USD,431,18,1,22607.7,22607.7
PNQ,FCO,2027-06-07,2027-06-16,UK,ECONOMY,2,0,0,2,ROUND_TRIP,USD,403,18,0,1933.49,1933.49
MAD,DOH,2026-09-04,,KL,ECONOMY,1,1,0,0,ONE_WAY,USD,276,4,8,1967.33,1967.33
FCO,ZRH,2027-05-18,,KL,PREMIUM_ECONOMY,1,0,0,0,ONE_WAY,SGD,564,4,13,2293.33,1697.06
KWI,PNQ,2026-12-31,,QR,PREMIUM_ECONOMY,4,2,1,0,ONE_WAY,GBP,639,22,8,9110.61,11570.47
ZRH,BAH,2026-12-03,2026-12-09,IX,PREMIUM_ECONOMY,1,0,0,2,ROUND_TRIP,USD,727,11,23,3495.51,3495.51
ICN,DOH,2026-12-20,,QR,ECONOMY,4,1,0,1,ONE_WAY,SGD,604,12,22,2848.71,2108.05
CCU,FRA,2027-05-15,2027-05-31,PR,ECONOMY,4,2,0,0,ROUND_TRIP,USD,475,14,21,5310.72,5310.72
HYD,KUL,2027-07-18,,LX,ECONOMY,3,0,1,2,ONE_WAY,USD,726,18,6,2357.17,2357.17
SIN,MIA,2027-03-31,2027-04-23,LX,ECONOMY,3,0,0,0,ROUND_TRIP,INR,529,10,18,4348.22,52.18
MAD,BLR,2027-06-16,,AI,ECONOMY,2,1,0,1,ONE_WAY,USD,658,22,8,1467.7,1467.7
MAD,CGK,2027-06-13,,IX,ECONOMY,3,0,0,2,ONE_WAY,USD,714,21,8,2147.19,2147.19
DPS,KWI,2026-11-16,,LX,FIRST,2,1,0,0,ONE_WAY,INR,365,7,13,18227.9,218.73
DOH,NRT,2027-03-20,,DL,ECONOMY,2,0,0,1,ONE_WAY,USD,344,16,21,837.97,837.97
CGK,HYD,2027-06-18,2027-07-02,WY,ECONOMY,3,1,0,1,ROUND_TRIP,USD,174,18,20,1877.96,1877.96
SIN,KWI,2027-07-15,,TG,ECONOMY,2,1,0,1,ONE_WAY,USD,576,0,9,3895.33,3895.33
CGK,ORD,2027-03-06,2027-03-15,AI,PREMIUM_ECONOMY,1,0,0,1,ROUND_TRIP,INR,373,11,17,1261.97,15.14
SFO,DXB,2026-12-23,,PR,ECONOMY,1,0,0,1,ONE_WAY,USD,361,17,23,1230.41,1230.41
LAX,AMS,2026-08-31,2026-09-26,GA,ECONOMY,1,0,0,0,ROUND_TRIP,EUR,638,10,20,1291.67,1395.0
DPS,SFO,2027-01-19,,EY,PREMIUM_ECONOMY,2,2,0,1,ONE_WAY,AED,586,10,19,6069.89,1651.01
LHR,BKK,2026-12-13,,QR,ECONOMY,4,0,0,0,ONE_WAY,GBP,451,15,22,5087.32,6460.9
CDG,AMS,2027-08-12,2027-08-21,IX,ECONOMY,2,0,1,0,ROUND_TRIP,INR,608,21,7,2609.25,31.31
MCT,SYD,2026-12-09,,UK,ECONOMY,2,0,0,1,ONE_WAY,USD,647,11,21,2910.0,2910.0
ZRH,DXB,2026-12-03,,UK,ECONOMY,4,0,0,1,ONE_WAY,INR,507,2,10,3406.27,40.88
FCO,MCT,2027-03-23,,QR,FIRST,2,0,1,0,ONE_WAY,USD,127,23,1,12376.95,12376.95
FRA,BOM,2027-02-20,2027-03-17,AI,ECONOMY,3,0,0,1,ROUND_TRIP,USD,276,2,6,3175.76,3175.76
HYD,BLR,2026-12-26,,IX,ECONOMY,1,0,0,0,ONE_WAY,USD,199,13,16,1185.22,1185.22
ICN,BKK,2026-08-19,,SQ,BUSINESS,1,0,0,2,ONE_WAY,INR,650,6,16,10253.23,123.04
DXB,BOM,2027-03-12,,WY,ECONOMY,1,0,0,0,ONE_WAY,EUR,272,11,15,963.51,1040.59
MAD,SFO,2027-06-02,2027-06-14,AI,ECONOMY,1,0,0,1,ROUND_TRIP,USD,632,4,14,1563.56,1563.56
CGK,AUH,2027-07-16,2027-07-21,TG,PREMIUM_ECONOMY,1,1,1,1,ROUND_TRIP,EUR,481,15,23,8501.97,9182.13
NRT,MEL,2027-02-19,2027-03-21,DL,ECONOMY,3,0,0,1,ROUND_TRIP,AED,636,2,12,3248.29,883.53
HKG,CGK,2027-07-09,,IB,PREMIUM_ECONOMY,2,0,0,1,ONE_WAY,USD,750,20,8,5854.28,5854.28
CGK,LHR,2026-09-26,,6E,ECONOMY,1,0,1,1,ONE_WAY,USD,558,20,5,769.34,769.34
KUL,LHR,2027-07-26,2027-07-30,WY,ECONOMY,1,2,0,1,ROUND_TRIP,GBP,633,7,17,6736.67,8555.57
MNL,ZRH,2026-10-24,,AA,ECONOMY,2,0,0,1,ONE_WAY,EUR,304,1,6,736.09,794.98
AMS,ZRH,2026-12-08,,WN,ECONOMY,1,0,0,2,ONE_WAY,USD,556,16,1,1392.47,1392.47
DEL,AUH,2027-07-31,2027-08-14,6E,PREMIUM_ECONOMY,1,0,0,0,ROUND_TRIP,USD,343,11,16,1282.03,1282.03
LAX,JFK,2027-08-11,,PR,ECONOMY,2,0,0,2,ONE_WAY,USD,721,18,6,645.67,645.67
HKG,ICN,2026-10-07,2026-11-03,UA,FIRST,2,1,0,2,ROUND_TRIP,AED,787,1,14,39833.03,10834.58
HYD,CGK,2026-09-17,2026-09-23,PR,ECONOMY,1,1,0,1,ROUND_TRIP,AED,736,5,17,1386.66,377.17
ORD,HKG,2027-03-20,2027-04-05,UA,PREMIUM_ECONOMY,4,0,0,0,ROUND_TRIP,USD,219,15,18,8469.05,8469.05
NRT,SFO,2027-08-05,,WY,FIRST,2,0,1,1,ONE_WAY,EUR,733,8,20,6331.76,6838.3
PNQ,BOM,2027-07-17,,UK,ECONOMY,1,0,0,1,ONE_WAY,USD,477,9,16,961.72,961.72
BOM,CGK,2026-12-23,2027-01-14,QR,ECONOMY,2,0,0,1,ROUND_TRIP,GBP,455,21,4,8020.95,10186.61
BLR,AMS,2026-10-26,,QR,ECONOMY,2,1,0,1,ONE_WAY,EUR,566,8,17,2762.04,2983.0
MEL,DOH,2027-03-20,,GF,ECONOMY,1,2,0,0,ONE_WAY,EUR,299,9,13,1224.84,1322.83
FRA,ORD,2027-04-14,,MH,ECONOMY,1,0,0,2,ONE_WAY,EUR,232,1,4,624.7,674.68
CDG,MAD,2027-01-12,,QR,BUSINESS,3,0,0,1,ONE_WAY,USD,580,0,9,3297.97,3297.97
JFK,MCT,2027-07-06,,AF,ECONOMY,1,0,0,0,ONE_WAY,GBP,503,2,10,1207.8,1533.91
DPS,BOM,2026-08-30,,SQ,ECONOMY,1,0,0,0,ONE_WAY,EUR,213,11,14,2151.13,2323.22
FCO,FRA,2026-11-24,,EK,PREMIUM_ECONOMY,2,2,0,0,ONE_WAY,AED,374,17,23,2719.14,739.61
DXB,JFK,2027-06-22,,PR,ECONOMY,4,0,0,1,ONE_WAY,EUR,314,9,14,3609.99,3898.79
CCU,SYD,2027-03-07,,WY,BUSINESS,2,2,0,2,ONE_WAY,USD,502,16,0,5354.77,5354.77
ORD,BLR,2026-10-21,2026-10-30,UA,ECONOMY,3,0,0,1,ROUND_TRIP,EUR,179,11,13,2242.39,2421.78
LAX,NRT,2027-02-02,2027-02-05,6E,PREMIUM_ECONOMY,2,1,0,1,ROUND_TRIP,INR,270,15,19,4500.79,54.01
HYD,HKG,2027-01-11,,MH,PREMIUM_ECONOMY,3,1,0,0,ONE_WAY,GBP,514,4,12,6991.12,8878.72
CGK,HKG,2027-03-20,,LX,ECONOMY,2,0,0,0,ONE_WAY,AED,522,9,17,698.78,190.07
BLR,MAA,2027-07-23,2027-08-09,KL,ECONOMY,4,0,0,0,ROUND_TRIP,AED,450,11,18,3918.8,1065.91
KUL,LHR,2026-12-22,2026-12-25,UA,ECONOMY,3,0,0,0,ROUND_TRIP,USD,533,14,22,11227.2,11227.2
ORD,FRA,2026-12-05,2026-12-12,LH,PREMIUM_ECONOMY,2,0,0,1,ROUND_TRIP,USD,464,20,3,9275.99,9275.99
MEL,AUH,2027-03-03,,AF,FIRST,2,1,0,0,ONE_WAY,SGD,366,1,7,19051.89,14098.4
DXB,DFW,2027-05-01,,6E,PREMIUM_ECONOMY,2,0,0,1,ONE_WAY,GBP,499,16,0,2686.2,3411.47
KUL,MEL,2027-03-14,2027-04-09,DL,ECONOMY,1,1,0,0,ROUND_TRIP,USD,538,8,16,3540.24,3540.24
FCO,ORD,2027-04-23,2027-05-18,MH,PREMIUM_ECONOMY,3,0,0,1,ROUND_TRIP,INR,748,9,21,13494.41,161.93
AUH,KUL,2026-11-28,,GA,ECONOMY,4,0,0,0,ONE_WAY,AED,236,12,15,2913.74,792.54
DXB,MNL,2027-03-01,,AF,ECONOMY,2,1,0,0,ONE_WAY,INR,413,10,16,2669.53,32.03
SYD,DFW,2027-05-13,2027-06-07,QR,ECONOMY,1,2,0,1,ROUND_TRIP,SGD,698,19,6,4558.97,3373.64
HYD,MNL,2026-10-22,2026-11-08,PR,PREMIUM_ECONOMY,1,1,1,2,ROUND_TRIP,USD,440,13,20,2917.06,2917.06
MCT,LHR,2026-10-21,,BA,PREMIUM_ECONOMY,3,2,0,1,ONE_WAY,INR,714,22,9,5708.29,68.5
NRT,MCT,2026-08-14,2026-09-01,WN,ECONOMY,3,0,0,0,ROUND_TRIP,USD,533,14,22,11201.54,11201.54
FRA,ICN,2026-09-17,2026-10-01,AF,FIRST,4,2,0,2,ROUND_TRIP,INR,662,11,22,32036.65,384.44
CDG,PNQ,2027-05-31,,AI,ECONOMY,1,0,0,1,ONE_WAY,EUR,309,11,16,1250.91,1350.98
LHR,CGK,2026-09-26,2026-10-22,IB,BUSINESS,1,0,0,2,ROUND_TRIP,USD,269,9,13,1242.56,1242.56
JFK,BLR,2027-05-10,2027-05-17,PR,ECONOMY,4,0,0,1,ROUND_TRIP,GBP,737,13,1,5701.06,7240.35
BLR,MNL,2027-01-03,2027-01-17,IX,ECONOMY,1,0,0,1,ROUND_TRIP,GBP,533,5,13,1717.96,2181.81
ZRH,DPS,2027-05-05,,KL,BUSINESS,3,1,1,2,ONE_WAY,USD,735,23,11,17437.29,17437.29
ORD,KUL,2026-08-15,,WN,ECONOMY,4,0,0,1,ONE_WAY,USD,526,19,3,3883.7,3883.7
MAA,CGK,2027-06-30,2027-07-20,BA,ECONOMY,1,0,0,1,ROUND_TRIP,INR,367,13,19,2046.41,24.56
MNL,ZRH,2027-01-12,,BA,PREMIUM_ECONOMY,2,0,0,0,ONE_WAY,AUD,221,19,22,1464.01,951.61
BKK,KWI,2027-05-17,2027-05-23,QR,ECONOMY,1,0,0,0,ROUND_TRIP,GBP,496,9,17,1987.58,2524.23
LHR,MEL,2027-02-27,,WY,BUSINESS,4,0,0,0,ONE_WAY,USD,476,8,15,5989.39,5989.39
BAH,FCO,2027-02-23,2027-03-12,WN,BUSINESS,1,1,1,1,ROUND_TRIP,AED,189,8,11,5975.08,1625.22
SYD,SFO,2027-06-27,2027-07-02,DL,ECONOMY,3,2,0,1,ROUND_TRIP,SGD,282,2,6,8514.01,6300.37
MIA,BKK,2027-05-16,2027-06-07,IB,PREMIUM_ECONOMY,1,0,0,1,ROUND_TRIP,USD,454,10,17,1837.55,1837.55
DOH,MAD,2026-12-24,2027-01-03,DL,ECONOMY,1,0,0,2,ROUND_TRIP,EUR,428,14,21,3206.93,3463.48
DEL,MAD,2027-02-21,,IB,ECONOMY,1,0,0,1,ONE_WAY,GBP,440,12,19,216.97,275.55
DPS,DXB,2026-11-28,2026-12-11,PR,ECONOMY,4,0,1,0,ROUND_TRIP,INR,538,15,23,5503.75,66.05
AUH,DFW,2027-04-05,2027-04-29,AF,BUSINESS,1,0,0,1,ROUND_TRIP,AUD,605,16,2,6109.64,3971.27
PNQ,DFW,2026-08-14,,QR,ECONOMY,1,0,0,1,ONE_WAY,USD,613,10,20,1144.2,1144.2
MNL,SYD,2026-12-17,2027-01-15,EY,ECONOMY,1,0,1,0,ROUND_TRIP,GBP,258,20,0,3480.45,4420.17
DPS,HKG,2027-03-27,2027-04-25,BA,ECONOMY,3,0,0,2,ROUND_TRIP,USD,475,0,7,6873.22,6873.22
MNL,HYD,2026-08-30,,KL,ECONOMY,1,0,0,2,ONE_WAY,SGD,754,1,13,1309.64,969.13
MNL,FCO,2027-08-08,2027-08-25,GF,ECONOMY,2,1,1,0,ROUND_TRIP,USD,350,13,18,8957.28,8957.28
CCU,ORD,2027-03-21,2027-03-27,LX,PREMIUM_ECONOMY,2,0,0,1,ROUND_TRIP,INR,190,16,19,3765.26,45.18
MNL,FCO,2027-04-28,,SG,ECONOMY,1,0,0,1,ONE_WAY,USD,440,16,23,1006.0,1006.0
KWI,SIN,2027-06-09,2027-07-08,EY,PREMIUM_ECONOMY,2,0,0,1,ROUND_TRIP,USD,274,16,20,5369.67,5369.67
PNQ,JFK,2027-01-09,,DL,BUSINESS,1,1,0,1,ONE_WAY,GBP,169,22,0,5555.25,7055.17
HKG,FRA,2027-04-08,,PR,ECONOMY,1,1,0,0,ONE_WAY,INR,624,20,6,1741.97,20.9
ZRH,SIN,2027-07-14,,UA,ECONOMY,1,0,0,0,ONE_WAY,USD,494,12,20,1641.74,1641.74
BKK,MIA,2026-10-17,2026-10-20,LH,BUSINESS,3,0,0,1,ROUND_TRIP,USD,505,16,0,11792.06,11792.06
DXB,BKK,2027-04-24,,GF,ECONOMY,1,0,0,1,ONE_WAY,USD,683,16,3,406.16,406.16
DPS,SYD,2027-08-07,,AA,ECONOMY,2,0,0,0,ONE_WAY,USD,606,17,3,1155.32,1155.32
DOH,SYD,2026-10-24,,IB,BUSINESS,2,0,0,1,ONE_WAY,EUR,506,9,17,4801.44,5185.56
SIN,BAH,2027-05-31,,DL,ECONOMY,1,0,0,1,ONE_WAY,AED,252,7,11,920.83,250.47
AMD,DXB,2026-10-21,,AA,ECONOMY,2,0,0,0,ONE_WAY,USD,267,22,2,1152.62,1152.62
LAX,AUH,2027-05-08,,DL,ECONOMY,1,0,0,1,ONE_WAY,USD,520,6,14,837.77,837.77
MEL,ICN,2027-06-26,,EY,PREMIUM_ECONOMY,2,0,1,2,ONE_WAY,AED,707,13,0,3668.94,997.95
CDG,MCT,2027-05-14,2027-05-21,UA,PREMIUM_ECONOMY,2,0,0,1,ROUND_TRIP,INR,332,10,15,6687.92,80.26
PNQ,DXB,2027-08-09,2027-08-17,PR,BUSINESS,3,2,0,1,ROUND_TRIP,USD,576,18,3,21186.69,21186.69
MIA,SYD,2027-05-30,,GF,ECONOMY,1,2,0,1,ONE_WAY,USD,334,23,4,2208.54,2208.54
CCU,DEL,2027-06-27,2027-07-10,IX,PREMIUM_ECONOMY,3,0,0,1,ROUND_TRIP,INR,234,23,2,6135.93,73.63
DXB,DEL,2026-09-21,2026-10-12,EY,ECONOMY,3,0,0,0,ROUND_TRIP,USD,105,1,2,5734.08,5734.08
DFW,DOH,2026-12-03,2026-12-26,GF,BUSINESS,1,0,0,1,ROUND_TRIP,EUR,242,7,11,2495.77,2695.43
MCT,ORD,2027-01-02,,6E,ECONOMY,1,0,0,0,ONE_WAY,INR,491,0,8,234.81,2.82
ZRH,ICN,2027-02-07,,GF,ECONOMY,1,0,0,1,ONE_WAY,USD,286,1,5,717.11,717.11
AMS,DFW,2027-07-07,2027-07-28,AI,BUSINESS,3,2,0,2,ROUND_TRIP,USD,836,19,8,20026.14,20026.14
AMS,DEL,2026-12-12,,GF,BUSINESS,2,0,0,1,ONE_WAY,USD,322,21,2,9074.89,9074.89
CDG,DXB,2027-03-26,,PR,BUSINESS,1,0,0,0,ONE_WAY,GBP,176,4,6,2147.33,2727.11
JFK,ZRH,2027-07-29,,GF,ECONOMY,1,2,0,0,ONE_WAY,EUR,504,7,15,3498.96,3778.88
MCT,DPS,2027-07-08,2027-07-14,GA,BUSINESS,2,1,1,0,ROUND_TRIP,USD,473,6,13,15096.39,15096.39
CDG,DPS,2027-01-08,,6E,ECONOMY,2,0,0,1,ONE_WAY,AED,410,14,20,500.18,136.05
BAH,LHR,2026-10-10,2026-11-04,MH,BUSINESS,2,0,0,1,ROUND_TRIP,INR,558,19,4,3141.14,37.69
CDG,DPS,2026-09-28,,MH,BUSINESS,1,0,0,1,ONE_WAY,GBP,440,13,20,978.21,1242.33
KWI,BAH,2027-01-02,2027-01-31,6E,BUSINESS,2,0,0,0,ROUND_TRIP,AED,612,8,18,9921.61,2698.68
MIA,AMS,2026-11-02,2026-11-27,GF,ECONOMY,2,1,0,0,ROUND_TRIP,INR,139,22,0,3864.98,46.38
BLR,CGK,2026-09-07,2026-10-07,SQ,ECONOMY,1,0,0,1,ROUND_TRIP,SGD,688,20,7,1151.67,852.24
ICN,ZRH,2027-06-11,,TG,ECONOMY,1,1,0,0,ONE_WAY,AED,302,1,6,878.02,238.82
BLR,BKK,2027-01-30,,EY,PREMIUM_ECONOMY,3,0,0,1,ONE_WAY,EUR,575,9,18,5698.43,6154.3
CGK,DOH,2026-11-16,2026-12-11,UA,PREMIUM_ECONOMY,1,0,0,0,ROUND_TRIP,GBP,101,9,10,856.3,1087.5
DFW,LAX,2027-01-12,2027-02-07,SQ,BUSINESS,3,0,0,0,ROUND_TRIP,EUR,86,13,14,19967.77,21565.19
ZRH,HKG,2027-04-26,2027-05-11,EY,ECONOMY,4,0,0,1,ROUND_TRIP,USD,276,18,22,5737.81,5737.81
DFW,LAX,2026-12-09,,MH,BUSINESS,1,0,0,2,ONE_WAY,EUR,234,22,1,3105.93,3354.4
KWI,DPS,2027-01-27,,AF,PREMIUM_ECONOMY,1,0,0,2,ONE_WAY,GBP,691,2,13,1795.85,2280.73
FRA,LAX,2027-03-13,2027-03-17,LH,ECONOMY,2,0,0,1,ROUND_TRIP,USD,161,8,10,913.67,913.67
FCO,MCT,2026-10-26,2026-11-01,6E,ECONOMY,1,1,0,1,ROUND_TRIP,USD,226,0,3,2295.05,2295.05
BAH,DFW,2026-09-27,,SQ,BUSINESS,1,0,0,0,ONE_WAY,AUD,450,22,5,4309.48,2801.16
MEL,MIA,2026-09-10,,IX,ECONOMY,2,0,0,0,ONE_WAY,INR,407,17,23,922.01,11.06
ICN,MCT,2027-04-29,,TG,FIRST,1,0,0,2,ONE_WAY,EUR,683,4,15,5495.19,5934.81
MIA,DFW,2026-11-29,2026-12-18,WN,ECONOMY,2,0,1,1,ROUND_TRIP,EUR,626,13,23,2596.7,2804.44
DOH,ORD,2026-11-16,,GA,ECONOMY,1,0,0,1,ONE_WAY,EUR,436,12,19,631.42,681.93
MCT,AUH,2027-05-17,2027-06-15,BA,ECONOMY,2,0,0,1,ROUND_TRIP,EUR,561,22,7,3105.01,3353.41
DOH,MNL,2027-03-22,,6E,PREMIUM_ECONOMY,2,0,0,0,ONE_WAY,USD,416,13,19,3476.9,3476.9
FCO,MIA,2027-05-07,2027-06-01,SG,ECONOMY,1,0,0,1,ROUND_TRIP,AED,516,16,0,998.18,271.5
DOH,MAD,2027-06-28,2027-07-12,WY,PREMIUM_ECONOMY,2,0,0,1,ROUND_TRIP,AED,333,2,7,9418.36,2561.79
ZRH,SIN,2026-10-04,,SG,ECONOMY,2,0,0,0,ONE_WAY,USD,494,17,1,1688.96,1688.96
ICN,BOM,2026-11-26,2026-12-14,UK,ECONOMY,1,0,0,1,ROUND_TRIP,USD,554,15,0,1392.76,1392.76
SYD,DEL,2027-02-17,2027-02-25,SG,BUSINESS,2,0,0,1,ROUND_TRIP,USD,318,0,5,6932.07,6932.07
AUH,FRA,2026-12-03,,DL,ECONOMY,1,1,0,1,ONE_WAY,USD,581,21,6,1355.06,1355.06
SYD,KWI,2026-10-10,,SG,ECONOMY,2,2,0,0,ONE_WAY,USD,76,5,6,2510.56,2510.56
LAX,BOM,2027-08-06,2027-08-09,QR,ECONOMY,1,2,0,0,ROUND_TRIP,EUR,91,22,23,3044.74,3288.32
CCU,CGK,2026-12-14,2026-12-25,AF,BUSINESS,3,0,0,0,ROUND_TRIP,AED,290,6,10,29227.26,7949.81
HKG,CGK,2027-06-30,,UK,ECONOMY,1,0,0,1,ONE_WAY,USD,756,1,13,1286.65,1286.65
DEL,AUH,2027-05-07,2027-05-10,LX,ECONOMY,3,0,0,1,ROUND_TRIP,AED,462,17,0,2871.87,781.15
BAH,FCO,2027-02-21,2027-03-23,SQ,PREMIUM_ECONOMY,1,0,0,0,ROUND_TRIP,USD,127,19,21,3127.14,3127.14
MAA,SYD,2026-09-04,2026-09-12,QR,ECONOMY,2,0,0,1,ROUND_TRIP,USD,351,2,7,2156.78,2156.78
PNQ,AMD,2027-04-23,,KL,ECONOMY,2,2,0,2,ONE_WAY,USD,229,21,0,2349.32,2349.32
MIA,KUL,2027-06-16,2027-06-19,AA,ECONOMY,1,1,0,1,ROUND_TRIP,AUD,713,5,16,6194.38,4026.35
AMD,LAX,2027-06-24,2027-07-15,EY,ECONOMY,1,0,0,0,ROUND_TRIP,INR,580,9,18,718.83,8.63
JFK,MCT,2026-09-21,,SQ,BUSINESS,1,0,0,0,ONE_WAY,GBP,503,1,9,4197.06,5330.27
JFK,BOM,2027-03-30,,IB,ECONOMY,2,0,0,2,ONE_WAY,EUR,268,1,5,479.38,517.73
SIN,KUL,2027-07-17,2027-07-29,WN,ECONOMY,2,2,0,0,ROUND_TRIP,EUR,177,1,3,4217.28,4554.66
HKG,LHR,2027-03-28,2027-04-07,BA,ECONOMY,3,0,0,1,ROUND_TRIP,USD,713,23,10,2740.73,2740.73
PNQ,MEL,2026-11-22,,QR,ECONOMY,1,1,0,1,ONE_WAY,USD,327,12,17,2181.3,2181.3
BOM,CCU,2026-12-31,,WN,ECONOMY,1,0,0,1,ONE_WAY,USD,764,15,3,808.01,808.01
BLR,SFO,2027-07-02,2027-07-26,WY,ECONOMY,2,2,0,2,ROUND_TRIP,AED,790,2,15,7004.57,1905.24
FRA,BLR,2027-07-16,2027-08-04,IB,PREMIUM_ECONOMY,1,0,1,1,ROUND_TRIP,USD,255,3,7,3738.04,3738.04
AMS,LAX,2026-12-29,2027-01-19,MH,ECONOMY,1,2,0,0,ROUND_TRIP,EUR,389,12,18,8236.18,8895.07
BOM,PNQ,2027-04-09,,LX,ECONOMY,1,0,1,1,ONE_WAY,USD,479,1,8,479.24,479.24
SYD,DEL,2027-01-26,,WY,PREMIUM_ECONOMY,1,1,0,1,ONE_WAY,USD,364,6,12,2308.56,2308.56
AUH,BLR,2026-12-12,2026-12-26,WN,BUSINESS,1,0,0,1,ROUND_TRIP,GBP,628,22,8,4038.55,5128.96
DOH,MCT,2027-06-23,,EY,PREMIUM_ECONOMY,2,0,0,0,ONE_WAY,EUR,560,7,16,3257.69,3518.31
HKG,MIA,2027-07-26,2027-08-12,TG,ECONOMY,1,0,0,0,ROUND_TRIP,INR,275,7,11,2295.07,27.54
MIA,LAX,2026-11-01,2026-11-19,IX,PREMIUM_ECONOMY,2,0,0,1,ROUND_TRIP,EUR,705,7,18,2049.61,2213.58
LHR,FRA,2026-09-13,2026-09-19,GF,BUSINESS,1,0,0,0,ROUND_TRIP,GBP,555,8,17,3760.06,4775.28
MIA,BAH,2027-05-25,2027-06-10,WY,BUSINESS,3,0,0,2,ROUND_TRIP,USD,477,5,12,15321.34,15321.34
MCT,BAH,2027-01-17,,LH,ECONOMY,1,1,0,2,ONE_WAY,USD,739,6,18,1371.96,1371.96
CCU,MAA,2026-09-24,,UK,ECONOMY,1,0,0,0,ONE_WAY,EUR,513,20,4,208.99,225.71
ICN,FCO,2026-10-15,2026-10-31,EK,BUSINESS,2,1,0,1,ROUND_TRIP,USD,264,8,12,12676.33,12676.33
FRA,MIA,2027-07-13,2027-08-04,GF,ECONOMY,1,0,0,0,ROUND_TRIP,EUR,341,19,0,1205.14,1301.55
MNL,ORD,2027-02-18,2027-03-13,PR,PREMIUM_ECONOMY,3,0,0,0,ROUND_TRIP,USD,384,2,8,6009.8,6009.8
CGK,DPS,2026-11-22,2026-11-27,EK,BUSINESS,4,1,0,0,ROUND_TRIP,USD,418,0,6,15057.48,15057.48
HKG,CCU,2027-02-26,2027-03-06,IX,ECONOMY,1,0,0,1,ROUND_TRIP,AED,699,9,20,1913.23,520.4
MAA,MAD,2027-06-14,,SQ,ECONOMY,2,0,0,1,ONE_WAY,INR,725,20,8,996.4,11.96
CDG,KUL,2027-08-07,2027-08-30,GF,PREMIUM_ECONOMY,3,0,1,1,ROUND_TRIP,USD,396,1,7,12583.47,12583.47
AMS,KUL,2027-03-14,,SG,ECONOMY,1,0,0,0,ONE_WAY,USD,251,1,5,1023.42,1023.42
FRA,BLR,2027-05-02,,EK,BUSINESS,3,0,0,2,ONE_WAY,EUR,359,7,12,13501.67,14581.8
BLR,MEL,2027-03-04,,AF,BUSINESS,2,0,0,1,ONE_WAY,INR,262,12,16,5990.35,71.88
BKK,NRT,2026-08-21,2026-09-13,WY,ECONOMY,1,0,0,0,ROUND_TRIP,GBP,142,15,17,2164.27,2748.62
ICN,SIN,2027-06-17,,SG,PREMIUM_ECONOMY,2,2,0,1,ONE_WAY,USD,261,8,12,4334.73,4334.73
ZRH,MNL,2027-02-04,2027-02-17,MH,ECONOMY,2,0,0,0,ROUND_TRIP,AED,600,15,1,2867.78,780.04
ICN,MCT,2027-07-24,,AF,ECONOMY,2,0,0,1,ONE_WAY,USD,591,17,2,2581.79,2581.79
ZRH,DEL,2026-10-21,2026-11-09,PR,ECONOMY,4,0,0,1,ROUND_TRIP,EUR,454,11,18,7521.78,8123.52
DFW,BKK,2027-04-19,2027-05-02,MH,ECONOMY,1,0,1,0,ROUND_TRIP,USD,337,2,7,1567.75,1567.75
DOH,CCU,2026-10-06,,6E,ECONOMY,2,0,0,0,ONE_WAY,USD,443,16,23,650.65,650.65
AMS,ORD,2026-11-02,,DL,ECONOMY,2,0,0,0,ONE_WAY,AUD,126,8,10,1004.59,652.98
CDG,MNL,2027-02-15,2027-03-14,PR,ECONOMY,1,0,0,2,ROUND_TRIP,EUR,661,10,21,1244.26,1343.8
FRA,MEL,2027-05-23,,GA,BUSINESS,1,0,0,0,ONE_WAY,AED,383,9,15,1258.75,342.38
KUL,BLR,2026-11-11,2026-12-03,SG,PREMIUM_ECONOMY,3,1,0,1,ROUND_TRIP,INR,542,8,17,8829.42,105.95
SIN,ZRH,2026-10-25,2026-10-29,EK,ECONOMY,2,0,1,1,ROUND_TRIP,EUR,419,7,13,3716.32,4013.63
NRT,JFK,2027-01-05,,WY,ECONOMY,2,0,0,2,ONE_WAY,EUR,575,4,13,693.98,749.5
ZRH,LHR,2027-01-31,,MH,ECONOMY,2,0,0,1,ONE_WAY,AUD,454,5,12,2403.96,1562.57
MAD,SIN,2026-12-17,2026-12-26,SG,ECONOMY,1,0,0,0,ROUND_TRIP,INR,576,8,17,2074.27,24.89
MNL,ICN,2027-07-17,,LX,ECONOMY,1,0,0,1,ONE_WAY,USD,536,6,14,1325.61,1325.61
HKG,HYD,2026-11-25,2026-12-24,GF,ECONOMY,1,1,0,2,ROUND_TRIP,USD,879,23,13,1457.95,1457.95
ORD,MAD,2026-08-22,2026-09-14,GF,ECONOMY,2,1,0,0,ROUND_TRIP,USD,487,19,3,4106.57,4106.57
BAH,CCU,2027-03-14,2027-04-01,QR,ECONOMY,1,2,0,0,ROUND_TRIP,USD,522,23,7,6739.63,6739.63
KUL,CGK,2026-09-12,,IB,ECONOMY,1,0,0,0,ONE_WAY,INR,67,6,7,837.52,10.05
HKG,PNQ,2026-10-24,2026-11-08,WN,ECONOMY,1,1,0,2,ROUND_TRIP,USD,758,19,7,884.99,884.99
CDG,BLR,2027-07-27,2027-08-22,UA,PREMIUM_ECONOMY,1,0,0,0,ROUND_TRIP,USD,520,2,10,4039.22,4039.22
NRT,ZRH,2026-08-21,,BA,PREMIUM_ECONOMY,1,0,0,1,ONE_WAY,USD,300,12,17,3087.95,3087.95
PNQ,ZRH,2026-12-17,,GF,BUSINESS,4,2,0,0,ONE_WAY,USD,443,23,6,29384.06,29384.06
DXB,CGK,2027-04-15,2027-04-23,MH,BUSINESS,1,0,0,1,ROUND_TRIP,EUR,675,11,22,6932.73,7487.35
ORD,NRT,2027-05-27,,WN,ECONOMY,1,0,0,2,ONE_WAY,USD,312,19,0,483.62,483.62
CCU,ZRH,2027-01-02,,WN,ECONOMY,1,0,0,1,ONE_WAY,GBP,659,10,20,1113.12,1413.66
MAD,ZRH,2027-01-16,,KL,ECONOMY,2,0,0,0,ONE_WAY,USD,406,4,10,743.45,743.45
NRT,DFW,2027-06-16,,LX,ECONOMY,1,0,0,1,ONE_WAY,EUR,396,21,3,552.49,596.69
FCO,MIA,2027-02-05,2027-02-09,IB,BUSINESS,2,0,0,1,ROUND_TRIP,GBP,494,23,7,6841.88,8689.19
HKG,BOM,2026-12-30,,6E,BUSINESS,1,1,0,1,ONE_WAY,USD,244,22,2,3481.36,3481.36
AMD,SIN,2026-12-29,,UK,ECONOMY,2,0,0,0,ONE_WAY,INR,613,11,21,1012.42,12.15
ZRH,KWI,2027-05-28,2027-06-24,LX,ECONOMY,2,0,0,0,ROUND_TRIP,INR,275,12,16,1767.42,21.21
CCU,ORD,2027-08-03,2027-08-16,TG,ECONOMY,4,0,0,1,ROUND_TRIP,USD,234,11,14,5505.72,5505.72
SFO,SIN,2026-12-14,,SG,BUSINESS,3,2,0,1,ONE_WAY,AUD,508,12,20,9446.81,6140.43
MEL,ORD,2026-11-17,,BA,ECONOMY,1,0,0,2,ONE_WAY,AED,649,4,14,302.83,82.37
ORD,MAA,2027-05-31,,AA,ECONOMY,2,0,0,1,ONE_WAY,EUR,212,14,17,556.76,601.3
DFW,HKG,2027-06-02,,UA,ECONOMY,2,0,0,0,ONE_WAY,INR,185,13,16,799.96,9.6
LHR,BLR,2027-02-07,2027-03-08,LH,ECONOMY,1,0,0,0,ROUND_TRIP,USD,327,18,23,1096.04,1096.04
CDG,DEL,2026-10-08,,UK,ECONOMY,2,0,0,0,ONE_WAY,EUR,407,19,1,1331.85,1438.4
MEL,HKG,2026-08-16,2026-09-01,KL,ECONOMY,3,0,0,1,ROUND_TRIP,GBP,184,4,7,2613.16,3318.71
LAX,SIN,2027-05-07,2027-05-19,LX,ECONOMY,1,0,0,1,ROUND_TRIP,EUR,200,2,5,2287.19,2470.17
FCO,DEL,2026-11-11,2026-12-06,MH,ECONOMY,1,0,0,1,ROUND_TRIP,USD,294,14,18,1618.25,1618.25
MCT,JFK,2026-08-20,,IX,PREMIUM_ECONOMY,1,0,0,1,ONE_WAY,USD,316,7,12,1131.33,1131.33
ICN,DEL,2026-10-24,2026-11-17,TG,BUSINESS,2,0,0,1,ROUND_TRIP,GBP,653,2,12,8508.59,10805.91
MAA,PNQ,2027-07-06,,UK,PREMIUM_ECONOMY,1,1,0,2,ONE_WAY,INR,503,12,20,3445.94,41.35
DFW,SFO,2027-01-28,2027-02-18,QR,ECONOMY,1,0,0,0,ROUND_TRIP,GBP,458,16,23,1719.82,2184.17
MNL,BLR,2027-07-04,2027-07-29,MH,ECONOMY,4,1,0,0,ROUND_TRIP,USD,96,6,7,7037.52,7037.52
AMD,MCT,2026-10-03,2026-10-24,IX,PREMIUM_ECONOMY,2,2,0,1,ROUND_TRIP,USD,310,20,1,10879.05,10879.05
CDG,BLR,2026-10-30,,LH,ECONOMY,2,0,0,0,ONE_WAY,USD,520,9,17,2338.52,2338.52
MAD,SYD,2026-08-16,,WN,ECONOMY,2,0,0,2,ONE_WAY,INR,442,22,5,727.54,8.73
KUL,BKK,2027-02-07,2027-02-14,LX,ECONOMY,2,0,0,1,ROUND_TRIP,USD,269,16,20,3276.35,3276.35
DOH,DXB,2027-07-21,2027-08-19,MH,BUSINESS,2,0,0,2,ROUND_TRIP,USD,415,0,6,13493.92,13493.92
FCO,MEL,2027-03-11,,WY,ECONOMY,2,0,0,1,ONE_WAY,GBP,125,12,14,1438.41,1826.78
CDG,SYD,2027-06-08,,UA,BUSINESS,2,2,1,1,ONE_WAY,USD,197,2,5,11500.17,11500.17
MIA,KUL,2027-06-12,2027-07-09,AA,ECONOMY,2,1,0,2,ROUND_TRIP,EUR,801,6,19,8958.51,9675.19
DEL,DXB,2026-12-09,,DL,BUSINESS,1,0,0,0,ONE_WAY,GBP,237,13,16,2967.14,3768.27
HYD,KUL,2027-05-22,,IX,ECONOMY,3,2,0,1,ONE_WAY,AED,630,3,13,2706.2,736.09
MAA,KWI,2026-08-22,2026-08-31,AI,BUSINESS,3,0,0,0,ROUND_TRIP,EUR,228,20,23,11980.43,12938.86
HKG,LHR,2027-01-27,,AF,ECONOMY,1,0,0,1,ONE_WAY,EUR,756,15,3,637.72,688.74
MAD,BAH,2026-12-20,,DL,ECONOMY,1,0,0,0,ONE_WAY,USD,631,23,9,2179.76,2179.76
JFK,AMS,2027-04-28,2027-05-14,KL,BUSINESS,4,1,0,0,ROUND_TRIP,EUR,462,17,0,7260.29,7841.11
BLR,KWI,2026-12-31,,BA,ECONOMY,3,0,0,0,ONE_WAY,SGD,268,15,19,4179.9,3093.13
HYD,DPS,2027-04-10,,BA,ECONOMY,2,0,0,1,ONE_WAY,INR,374,23,5,2235.26,26.82
HYD,BOM,2026-12-23,2027-01-07,SG,BUSINESS,4,0,0,2,ROUND_TRIP,SGD,649,14,0,25321.18,18737.67
FCO,HKG,2026-10-06,,GF,ECONOMY,3,0,0,1,ONE_WAY,EUR,725,6,18,3184.9,3439.69
MEL,NRT,2026-10-17,,BA,BUSINESS,1,0,1,0,ONE_WAY,USD,406,21,3,3251.53,3251.53
KWI,ORD,2026-08-21,,SQ,ECONOMY,2,0,0,0,ONE_WAY,AED,651,18,4,4668.67,1269.88
DOH,DPS,2026-12-08,,GF,ECONOMY,2,1,0,1,ONE_WAY,EUR,661,4,15,3575.6,3861.65
SFO,CGK,2026-09-19,,AF,BUSINESS,3,1,0,2,ONE_WAY,GBP,546,6,15,11987.47,15224.09
FCO,BOM,2027-07-14,2027-07-23,SQ,ECONOMY,2,0,0,1,ROUND_TRIP,AUD,244,0,4,6246.41,4060.17
CDG,DOH,2027-02-25,2027-03-07,MH,BUSINESS,3,1,0,0,ROUND_TRIP,GBP,641,16,2,10688.54,13574.45
DEL,MNL,2027-04-11,,UK,ECONOMY,1,0,0,0,ONE_WAY,USD,130,16,18,616.79,616.79
BKK,MIA,2026-08-31,2026-09-30,IB,ECONOMY,2,1,0,1,ROUND_TRIP,AUD,466,7,14,4259.85,2768.9
AUH,ICN,2026-08-20,,IB,ECONOMY,2,1,0,1,ONE_WAY,USD,380,6,12,6083.1,6083.1
NRT,CGK,2027-04-09,2027-04-14,UK,ECONOMY,2,0,0,0,ROUND_TRIP,USD,84,6,7,2559.23,2559.23
MIA,MAD,2027-02-12,,DL,BUSINESS,1,0,0,0,ONE_WAY,USD,637,5,15,3941.66,3941.66
FCO,ICN,2027-08-11,2027-08-17,UA,ECONOMY,1,1,0,2,ROUND_TRIP,USD,295,16,20,1134.16,1134.16
AMD,PNQ,2027-03-21,,UK,ECONOMY,2,0,0,0,ONE_WAY,AED,335,9,14,379.78,103.3
ORD,BLR,2026-09-17,2026-10-17,TG,ECONOMY,1,0,0,1,ROUND_TRIP,AUD,158,18,20,829.31,539.05
FRA,BKK,2027-02-06,,BA,PREMIUM_ECONOMY,2,0,0,1,ONE_WAY,EUR,180,12,15,1505.91,1626.38
ICN,DPS,2027-01-23,2027-02-22,IX,ECONOMY,1,1,0,0,ROUND_TRIP,AED,66,10,11,471.09,128.14
CGK,ICN,2027-07-26,,SQ,ECONOMY,3,0,0,0,ONE_WAY,EUR,320,23,4,2473.34,2671.21
DFW,PNQ,2027-04-07,2027-05-03,TG,ECONOMY,2,0,1,0,ROUND_TRIP,INR,452,8,15,4494.25,53.93
SFO,KWI,2027-08-04,,EY,PREMIUM_ECONOMY,1,2,0,1,ONE_WAY,GBP,445,5,12,4491.46,5704.15
BAH,PNQ,2027-08-08,2027-08-18,WN,ECONOMY,1,1,1,2,ROUND_TRIP,SGD,813,4,17,3696.34,2735.29
DEL,SFO,2027-01-03,2027-01-08,EK,ECONOMY,2,2,0,0,ROUND_TRIP,USD,380,17,23,5474.92,5474.92
NRT,CDG,2027-04-29,,SG,ECONOMY,1,0,0,2,ONE_WAY,AED,761,4,16,308.69,83.96
CGK,BAH,2027-02-14,2027-03-03,BA,PREMIUM_ECONOMY,4,0,0,2,ROUND_TRIP,USD,704,3,14,13612.08,13612.08
SIN,DXB,2027-05-15,2027-05-28,SG,ECONOMY,1,0,0,1,ROUND_TRIP,INR,403,12,18,981.53,11.78
MCT,ZRH,2027-02-15,2027-03-07,IB,ECONOMY,3,0,0,1,ROUND_TRIP,EUR,248,14,18,2295.35,2478.98
MAD,SFO,2027-02-28,2027-03-04,IB,BUSINESS,1,0,0,1,ROUND_TRIP,USD,659,3,13,4677.48,4677.48
DOH,SFO,2027-01-06,,IX,ECONOMY,2,0,0,1,ONE_WAY,SGD,686,21,8,1836.55,1359.05
CCU,BKK,2027-08-02,2027-08-08,QR,ECONOMY,4,0,1,0,ROUND_TRIP,USD,217,12,15,15664.28,15664.28
CDG,MIA,2026-08-15,2026-09-04,KL,ECONOMY,1,1,0,0,ROUND_TRIP,USD,617,20,6,6059.14,6059.14
DFW,AUH,2026-09-01,,EK,BUSINESS,1,0,0,1,ONE_WAY,INR,713,12,23,4391.54,52.7
SFO,HYD,2027-03-28,,GA,PREMIUM_ECONOMY,3,0,0,1,ONE_WAY,AED,732,8,20,5586.04,1519.4
AMD,MIA,2027-04-11,,IX,BUSINESS,1,0,0,0,ONE_WAY,SGD,346,7,12,2620.09,1938.87
AUH,MAA,2027-02-07,2027-02-18,KL,ECONOMY,1,1,0,1,ROUND_TRIP,AED,179,23,1,715.16,194.52
MAA,CCU,2026-08-27,2026-09-10,SQ,BUSINESS,2,0,0,1,ROUND_TRIP,INR,671,20,7,20020.88,240.25
BOM,BKK,2026-09-24,,KL,ECONOMY,4,0,0,1,ONE_WAY,USD,555,8,17,862.77,862.77
FRA,MAA,2026-11-14,2026-12-03,EK,ECONOMY,1,1,0,0,ROUND_TRIP,EUR,470,21,4,1004.12,1084.45
SYD,MAA,2027-03-02,,LH,BUSINESS,3,0,0,1,ONE_WAY,EUR,514,17,1,5455.69,5892.15
SFO,BKK,2027-06-17,,EK,ECONOMY,1,1,1,0,ONE_WAY,USD,360,2,8,3092.7,3092.7
MAD,CDG,2027-03-05,2027-04-03,6E,ECONOMY,1,1,0,0,ROUND_TRIP,INR,513,4,12,2084.22,25.01
HKG,MAD,2026-12-23,2027-01-01,GF,ECONOMY,4,1,0,0,ROUND_TRIP,SGD,568,19,4,13089.23,9686.03
DPS,AMS,2027-07-07,2027-07-18,IX,BUSINESS,2,0,1,1,ROUND_TRIP,USD,375,3,9,7309.85,7309.85
DXB,HYD,2027-07-18,,AA,ECONOMY,2,0,0,2,ONE_WAY,AUD,808,3,16,1104.89,718.18
DPS,BOM,2027-01-08,,BA,ECONOMY,1,0,0,1,ONE_WAY,USD,303,8,13,1389.31,1389.31
AMD,MAA,2027-07-27,2027-08-15,LX,ECONOMY,1,0,0,0,ROUND_TRIP,AED,622,22,8,3158.34,859.07
NRT,MIA,2026-08-16,,BA,PREMIUM_ECONOMY,1,0,0,0,ONE_WAY,USD,201,14,17,3746.29,3746.29
BLR,FCO,2027-07-07,,LX,ECONOMY,2,0,0,0,ONE_WAY,EUR,275,4,8,2295.48,2479.12
DXB,SYD,2026-10-23,2026-11-07,TG,BUSINESS,1,0,0,1,ROUND_TRIP,USD,612,19,5,1566.26,1566.26
BKK,ORD,2027-03-20,,IX,PREMIUM_ECONOMY,4,2,0,1,ONE_WAY,EUR,289,6,10,2276.3,2458.4
CGK,ICN,2026-12-29,,SG,ECONOMY,2,0,0,0,ONE_WAY,INR,320,5,10,1137.62,13.65
LHR,CDG,2027-03-05,2027-03-09,AI,ECONOMY,1,0,0,2,ROUND_TRIP,AUD,737,16,4,796.66,517.83
ICN,LAX,2026-12-22,2027-01-13,EY,ECONOMY,3,0,0,0,ROUND_TRIP,INR,122,19,21,6829.62,81.96
JFK,AMS,2026-09-03,2026-09-24,GA,ECONOMY,3,0,0,2,ROUND_TRIP,GBP,640,13,23,1222.99,1553.2
ICN,MAA,2027-02-27,2027-03-05,WN,ECONOMY,3,0,1,0,ROUND_TRIP,USD,388,1,7,3723.01,3723.01
BOM,LAX,2026-08-24,2026-09-05,LX,ECONOMY,3,0,1,1,ROUND_TRIP,EUR,233,3,6,10954.42,11830.77
MNL,ZRH,2027-07-30,,KL,PREMIUM_ECONOMY,1,1,0,0,ONE_WAY,USD,221,16,19,1362.58,1362.58
KUL,MAA,2026-12-18,2026-12-30,TG,PREMIUM_ECONOMY,1,0,0,0,ROUND_TRIP,EUR,134,2,4,3385.64,3656.49
HYD,AMS,2027-02-27,,UA,BUSINESS,2,0,1,2,ONE_WAY,EUR,290,10,14,1308.39,1413.06
MAA,MEL,2027-05-01,2027-05-15,IX,BUSINESS,3,1,0,1,ROUND_TRIP,USD,581,20,5,14964.36,14964.36
FRA,DPS,2027-05-27,2027-06-23,TG,ECONOMY,2,0,0,0,ROUND_TRIP,EUR,211,10,13,1416.43,1529.74
LHR,BLR,2027-04-23,,MH,BUSINESS,1,0,0,1,ONE_WAY,AED,418,0,6,1827.34,497.04
PNQ,BKK,2026-09-13,,PR,PREMIUM_ECONOMY,4,0,0,0,ONE_WAY,EUR,535,23,7,3702.94,3999.18
ORD,SIN,2027-06-20,2027-07-08,6E,ECONOMY,1,0,1,0,ROUND_TRIP,AUD,157,5,7,2262.05,1470.33
SFO,ICN,2026-11-27,2026-12-23,GA,ECONOMY,3,1,0,1,ROUND_TRIP,EUR,359,8,13,5017.02,5418.38
MEL,AUH,2027-01-25,2027-02-05,LH,ECONOMY,1,0,0,1,ROUND_TRIP,AED,472,14,21,2182.94,593.76
ORD,NRT,2026-09-13,2026-10-12,IB,BUSINESS,4,0,0,2,ROUND_TRIP,SGD,238,22,1,14024.72,10378.29
AUH,ORD,2027-03-07,,SQ,PREMIUM_ECONOMY,3,0,0,0,ONE_WAY,EUR,383,0,6,5561.46,6006.38
AMD,MNL,2026-09-06,2026-09-18,GF,BUSINESS,4,0,0,1,ROUND_TRIP,USD,412,3,9,8455.0,8455.0
MIA,HKG,2027-08-10,,IB,ECONOMY,1,2,0,1,ONE_WAY,AUD,514,23,7,2476.91,1609.99
KUL,AMD,2027-04-05,2027-04-13,IB,ECONOMY,1,1,0,2,ROUND_TRIP,USD,587,18,3,2480.88,2480.88
MAD,MCT,2027-03-26,,AA,ECONOMY,1,0,1,0,ONE_WAY,AED,149,1,3,1086.06,295.41
LAX,FCO,2026-12-31,,QR,FIRST,1,0,0,2,ONE_WAY,AUD,595,15,0,8419.28,5472.53
MAD,MIA,2026-10-08,,IB,FIRST,1,0,0,0,ONE_WAY,AUD,604,10,20,3782.09,2458.36
LAX,HYD,2026-09-30,,TG,BUSINESS,1,1,0,1,ONE_WAY,USD,160,4,6,3549.24,3549.24
SIN,DFW,2027-07-01,2027-07-24,IB,ECONOMY,1,0,0,0,ROUND_TRIP,USD,516,3,11,1079.93,1079.93
SFO,DPS,2027-07-20,,WY,ECONOMY,4,1,1,1,ONE_WAY,USD,314,0,5,4447.99,4447.99
NRT,HYD,2027-07-14,,BA,ECONOMY,2,0,0,2,ONE_WAY,USD,313,17,22,1287.42,1287.42
MAD,ORD,2027-02-17,,BA,BUSINESS,1,0,1,0,ONE_WAY,USD,568,15,0,2219.87,2219.87
ORD,HYD,2027-06-10,,UA,ECONOMY,1,0,0,2,ONE_WAY,INR,328,18,23,874.38,10.49
ICN,SIN,2026-08-31,2026-09-15,SQ,ECONOMY,2,1,0,1,ROUND_TRIP,EUR,243,20,0,7603.47,8211.75
ORD,CCU,2027-04-14,2027-05-03,LX,BUSINESS,1,2,0,1,ROUND_TRIP,AED,681,8,19,10489.41,2853.12
JFK,MCT,2027-07-10,,SG,BUSINESS,1,1,0,0,ONE_WAY,INR,503,0,8,6477.18,77.73
SIN,DOH,2027-08-07,,UK,ECONOMY,1,0,0,0,ONE_WAY,INR,653,13,23,832.65,9.99
JFK,CDG,2027-05-02,,IX,BUSINESS,1,1,0,1,ONE_WAY,GBP,423,3,10,4092.23,5197.13
AMD,KWI,2027-07-17,,DL,PREMIUM_ECONOMY,1,1,0,2,ONE_WAY,EUR,618,8,18,886.49,957.41
BKK,FCO,2027-05-04,2027-05-10,UA,PREMIUM_ECONOMY,3,1,0,2,ROUND_TRIP,GBP,433,15,22,5084.54,6457.37
DEL,ICN,2026-09-04,,AI,ECONOMY,3,0,0,2,ONE_WAY,EUR,643,17,3,3551.23,3835.33
AMS,BOM,2026-09-07,2026-09-20,EY,ECONOMY,4,0,0,1,ROUND_TRIP,USD,371,12,18,3238.07,3238.07
NRT,SIN,2027-06-01,2027-06-13,DL,ECONOMY,2,2,0,1,ROUND_TRIP,SGD,553,13,22,5403.17,3998.35
DXB,MAA,2026-10-11,2026-10-18,EK,BUSINESS,4,1,0,0,ROUND_TRIP,AED,362,22,4,27792.27,7559.5
NRT,BAH,2027-06-09,,AF,BUSINESS,1,0,0,1,ONE_WAY,INR,587,22,7,3781.42,45.38
ZRH,MAA,2027-02-19,2027-03-07,EK,ECONOMY,1,0,0,1,ROUND_TRIP,USD,462,21,4,1866.95,1866.95
PNQ,SIN,2027-02-06,2027-03-08,AF,ECONOMY,2,0,0,1,ROUND_TRIP,AED,337,1,6,4128.84,1123.04
CDG,NRT,2027-08-10,,DL,PREMIUM_ECONOMY,1,0,0,0,ONE_WAY,GBP,593,18,3,881.11,1119.01
DXB,AUH,2026-12-22,2026-12-28,QR,ECONOMY,3,2,0,1,ROUND_TRIP,AUD,389,5,11,4236.43,2753.68
AMD,LHR,2027-04-29,,TG,BUSINESS,2,0,0,0,ONE_WAY,INR,491,23,7,6421.96,77.06
BAH,DPS,2027-07-25,2027-08-17,QR,ECONOMY,1,0,1,1,ROUND_TRIP,EUR,629,15,1,2757.39,2977.98
NRT,LAX,2026-11-13,,DL,ECONOMY,1,0,0,1,ONE_WAY,EUR,322,11,16,669.68,723.25
AUH,CGK,2026-12-22,,KL,PREMIUM_ECONOMY,1,1,0,0,ONE_WAY,EUR,502,3,11,1088.7,1175.8
MCT,ORD,2026-10-21,,BA,PREMIUM_ECONOMY,2,2,0,2,ONE_WAY,EUR,613,16,2,1699.68,1835.65
CCU,BOM,2026-12-28,,KL,ECONOMY,1,1,0,1,ONE_WAY,AED,479,14,21,1479.22,402.35
ORD,MCT,2026-12-14,2027-01-09,WY,ECONOMY,2,0,0,0,ROUND_TRIP,GBP,510,22,6,4078.83,5180.11
SIN,CGK,2026-10-22,2026-11-18,DL,PREMIUM_ECONOMY,1,1,0,1,ROUND_TRIP,EUR,736,1,13,5976.61,6454.74
AMD,CCU,2027-03-03,,TG,BUSINESS,2,0,0,1,ONE_WAY,EUR,239,0,3,3290.92,3554.19
CGK,MNL,2027-06-12,2027-06-22,WN,BUSINESS,4,2,0,0,ROUND_TRIP,USD,405,19,1,27825.36,27825.36
DXB,AMS,2027-02-03,2027-02-07,IX,ECONOMY,2,0,0,1,ROUND_TRIP,EUR,296,5,9,3117.92,3367.35
LAX,KWI,2026-12-09,2026-12-30,SG,ECONOMY,1,0,0,0,ROUND_TRIP,EUR,122,12,14,1515.33,1636.56
ICN,MNL,2027-01-30,2027-02-24,UA,BUSINESS,2,1,0,0,ROUND_TRIP,USD,231,20,23,8428.76,8428.76
CDG,DFW,2026-12-17,2027-01-10,TG,ECONOMY,1,1,0,2,ROUND_TRIP,EUR,399,18,0,2300.45,2484.49
NRT,JFK,2027-08-13,2027-09-06,QR,ECONOMY,4,0,0,2,ROUND_TRIP,USD,605,22,8,3494.27,3494.27
SFO,KUL,2027-03-14,2027-04-09,SQ,ECONOMY,4,0,0,0,ROUND_TRIP,USD,556,2,11,8063.61,8063.61
LHR,DPS,2027-08-13,,BA,PREMIUM_ECONOMY,4,0,0,0,ONE_WAY,GBP,456,17,0,11618.19,14755.1
JFK,BLR,2027-06-08,,SG,PREMIUM_ECONOMY,2,0,0,1,ONE_WAY,EUR,759,12,0,1915.11,2068.32
LAX,MAD,2027-07-03,2027-07-10,PR,FIRST,2,0,0,1,ROUND_TRIP,AED,376,4,10,19831.25,5394.1
PNQ,BOM,2026-09-26,,AI,ECONOMY,1,0,0,0,ONE_WAY,EUR,403,10,16,1113.76,1202.86
ZRH,LAX,2027-07-23,2027-08-20,UK,ECONOMY,1,0,0,1,ROUND_TRIP,INR,255,0,4,866.5,10.4
FRA,ORD,2027-08-03,2027-08-24,AA,PREMIUM_ECONOMY,2,0,0,1,ROUND_TRIP,USD,197,12,15,5292.04,5292.04
LAX,DXB,2026-11-01,,WN,ECONOMY,4,0,0,1,ONE_WAY,AED,525,23,7,1501.05,408.29
FRA,MCT,2026-11-30,,PR,BUSINESS,1,0,0,1,ONE_WAY,SGD,364,8,14,4230.71,3130.73
DXB,MIA,2027-03-26,2027-04-17,PR,ECONOMY,1,0,0,1,ROUND_TRIP,USD,149,2,4,2070.69,2070.69
MAA,BAH,2027-03-03,2027-03-18,AA,ECONOMY,2,0,0,1,ROUND_TRIP,USD,489,22,6,3292.88,3292.88
MNL,AMS,2026-12-09,2026-12-23,LX,ECONOMY,1,0,1,0,ROUND_TRIP,AED,237,12,15,952.98,259.21
BLR,LHR,2027-01-27,,IX,ECONOMY,3,0,0,2,ONE_WAY,SGD,385,17,23,2761.14,2043.24
DFW,HKG,2027-08-01,,EY,ECONOMY,2,1,0,0,ONE_WAY,SGD,185,7,10,1030.27,762.4
DFW,AMS,2027-06-21,2027-06-30,GA,ECONOMY,1,0,0,1,ROUND_TRIP,SGD,743,21,9,2351.26,1739.93
CDG,AMD,2026-09-02,,PR,ECONOMY,1,0,0,0,ONE_WAY,SGD,642,18,4,884.13,654.26
JFK,SFO,2026-09-10,,AF,ECONOMY,1,0,1,1,ONE_WAY,GBP,485,11,19,507.23,644.18
MAA,MIA,2027-01-14,,WY,ECONOMY,4,1,0,0,ONE_WAY,AED,564,16,1,4762.14,1295.3
ORD,BAH,2027-07-01,2027-07-09,MH,PREMIUM_ECONOMY,2,0,0,0,ROUND_TRIP,AUD,350,19,0,2561.54,1665.0
DPS,ICN,2027-04-13,,AF,ECONOMY,1,0,0,1,ONE_WAY,USD,496,2,10,699.32,699.32
DFW,AMD,2026-12-03,,BA,ECONOMY,4,0,0,1,ONE_WAY,AUD,254,22,2,1517.03,986.07
AMD,LHR,2027-05-20,2027-06-19,IX,ECONOMY,1,0,0,1,ROUND_TRIP,EUR,569,17,2,1653.79,1786.09
CCU,AUH,2027-03-13,,GA,PREMIUM_ECONOMY,2,0,0,1,ONE_WAY,USD,655,2,12,2016.94,2016.94
SIN,ORD,2027-04-22,,BA,ECONOMY,1,1,0,0,ONE_WAY,USD,235,21,0,2555.29,2555.29
BAH,DEL,2026-10-26,,TG,ECONOMY,2,0,0,0,ONE_WAY,INR,548,17,2,979.25,11.75
BKK,ICN,2026-11-02,,WN,ECONOMY,1,2,0,0,ONE_WAY,AED,105,13,14,1186.55,322.74
MNL,AMS,2026-10-15,,KL,ECONOMY,2,1,0,1,ONE_WAY,USD,357,17,22,876.26,876.26
LAX,BLR,2026-08-27,2026-09-22,AA,ECONOMY,1,0,1,0,ROUND_TRIP,EUR,566,21,6,3605.33,3893.76
ZRH,ICN,2026-12-25,2027-01-05,AI,ECONOMY,3,1,0,1,ROUND_TRIP,GBP,282,15,19,6743.24,8563.91
CCU,LHR,2027-02-28,2027-03-27,IB,ECONOMY,1,0,0,1,ROUND_TRIP,EUR,329,10,15,1492.45,1611.85
BKK,KUL,2027-08-03,,WY,PREMIUM_ECONOMY,4,0,0,0,ONE_WAY,USD,181,13,16,2709.04,2709.04
DOH,NRT,2026-12-17,,UK,PREMIUM_ECONOMY,1,0,0,1,ONE_WAY,USD,363,9,15,943.47,943.47
PNQ,FCO,2027-07-08,2027-07-29,AI,ECONOMY,1,0,0,2,ROUND_TRIP,USD,409,13,19,1394.79,1394.79
MAA,MAD,2027-01-23,,LH,BUSINESS,4,0,0,1,ONE_WAY,USD,706,18,5,6962.68,6962.68
FCO,HKG,2027-01-14,,GA,ECONOMY,1,0,0,1,ONE_WAY,USD,766,16,4,1243.2,1243.2
LAX,DFW,2027-06-17,,IB,ECONOMY,2,2,0,1,ONE_WAY,GBP,660,12,23,1665.34,2114.98
MEL,ZRH,2027-04-30,,EK,ECONOMY,1,0,0,0,ONE_WAY,EUR,262,8,12,573.83,619.74
KUL,BKK,2027-05-06,2027-05-24,LH,ECONOMY,3,0,0,1,ROUND_TRIP,INR,235,10,13,5152.79,61.83
ICN,LHR,2027-01-07,2027-01-21,IX,PREMIUM_ECONOMY,2,2,0,0,ROUND_TRIP,USD,571,23,8,10082.77,10082.77
BKK,LHR,2026-11-16,,AF,ECONOMY,2,0,0,0,ONE_WAY,USD,446,9,16,2273.62,2273.62
CGK,AMD,2026-11-25,,IX,ECONOMY,3,1,0,0,ONE_WAY,SGD,305,11,16,3717.97,2751.3
BAH,DFW,2026-11-02,,WN,BUSINESS,2,0,0,2,ONE_WAY,AED,592,16,1,5378.92,1463.07
MIA,DEL,2027-08-08,,AA,ECONOMY,2,0,0,0,ONE_WAY,GBP,251,15,19,1685.55,2140.65
KUL,SIN,2027-02-27,2027-03-15,QR,ECONOMY,2,1,0,2,ROUND_TRIP,EUR,704,0,11,3949.8,4265.78
MNL,NRT,2027-07-18,2027-07-22,BA,BUSINESS,2,0,0,2,ROUND_TRIP,INR,825,14,3,19098.63,229.18
DXB,SFO,2027-03-28,2027-04-19,EK,BUSINESS,4,1,0,0,ROUND_TRIP,INR,389,7,13,33714.12,404.57
MIA,LAX,2027-02-09,,IX,ECONOMY,1,0,0,0,ONE_WAY,USD,624,13,23,405.04,405.04
PNQ,MAA,2027-07-06,,IB,ECONOMY,2,1,0,0,ONE_WAY,EUR,613,10,20,1660.66,1793.51
SYD,KUL,2027-05-22,,TG,ECONOMY,1,0,0,0,ONE_WAY,EUR,181,0,3,649.43,701.38
BAH,SFO,2027-08-06,,BA,PREMIUM_ECONOMY,1,0,0,1,ONE_WAY,EUR,390,0,6,2861.2,3090.1
HYD,SIN,2026-08-28,,WN,ECONOMY,2,0,0,1,ONE_WAY,INR,156,5,7,1731.47,20.78
NRT,JFK,2027-01-19,2027-01-24,QR,ECONOMY,1,0,1,1,ROUND_TRIP,EUR,493,7,15,1089.86,1177.05
SIN,BAH,2026-11-26,2026-12-26,DL,ECONOMY,1,0,0,2,ROUND_TRIP,USD,395,13,19,1444.48,1444.48
NRT,PNQ,2027-02-20,,KL,ECONOMY,1,0,1,1,ONE_WAY,USD,431,11,18,480.41,480.41
ZRH,MAD,2027-02-11,,UK,BUSINESS,2,1,0,1,ONE_WAY,INR,310,0,5,5951.68,71.42
HYD,BAH,2027-01-24,2027-02-21,BA,PREMIUM_ECONOMY,2,0,0,1,ROUND_TRIP,EUR,654,10,20,2551.72,2755.86
MNL,NRT,2027-01-07,2027-01-12,GF,BUSINESS,1,0,0,0,ROUND_TRIP,GBP,615,11,21,7759.03,9853.97
KUL,FCO,2027-02-05,,DL,ECONOMY,2,0,0,0,ONE_WAY,USD,104,20,21,1503.48,1503.48
CCU,CDG,2027-02-01,2027-02-21,SQ,ECONOMY,2,0,0,1,ROUND_TRIP,EUR,700,9,20,2529.25,2731.59
SYD,DXB,2027-06-20,,IX,PREMIUM_ECONOMY,2,0,1,0,ONE_WAY,AED,60,9,10,1892.53,514.77
LAX,NRT,2026-11-06,,6E,BUSINESS,1,0,0,0,ONE_WAY,GBP,190,9,12,2040.46,2591.38
ZRH,NRT,2027-07-09,,GA,ECONOMY,1,0,0,0,ONE_WAY,INR,349,21,2,1459.55,17.51
SFO,MIA,2027-08-12,2027-09-01,MH,ECONOMY,2,0,0,2,ROUND_TRIP,INR,287,0,4,2249.59,27.0
SYD,ICN,2027-03-26,2027-03-30,GA,ECONOMY,1,0,0,0,ROUND_TRIP,INR,176,18,20,1249.75,15.0
MAA,HKG,2026-12-06,,AI,FIRST,1,0,0,1,ONE_WAY,USD,712,0,11,3551.76,3551.76
ICN,MAD,2027-03-11,2027-03-26,AF,PREMIUM_ECONOMY,1,0,0,0,ROUND_TRIP,EUR,273,4,8,2969.99,3207.59
LAX,LHR,2027-06-09,,KL,ECONOMY,1,0,0,1,ONE_WAY,EUR,276,11,15,814.36,879.51
MNL,FCO,2026-12-10,,LX,ECONOMY,2,0,0,0,ONE_WAY,USD,350,20,1,3534.18,3534.18
MNL,AMD,2027-03-31,,KL,ECONOMY,4,0,0,1,ONE_WAY,USD,576,2,11,2801.53,2801.53
SFO,JFK,2027-04-27,,6E,BUSINESS,1,0,1,1,ONE_WAY,USD,678,23,10,1180.87,1180.87
SFO,MAD,2027-04-08,,GA,FIRST,3,1,0,0,ONE_WAY,GBP,384,17,23,15425.69,19590.63
FRA,NRT,2027-01-27,,LX,BUSINESS,3,1,0,1,ONE_WAY,GBP,384,23,5,14033.48,17822.52
CGK,SFO,2026-08-15,,AI,PREMIUM_ECONOMY,1,0,0,2,ONE_WAY,GBP,441,5,12,3206.19,4071.86
PNQ,MCT,2026-10-31,,LH,ECONOMY,1,0,0,2,ONE_WAY,USD,334,2,7,767.37,767.37
ORD,LAX,2027-04-17,2027-04-30,SG,BUSINESS,4,1,0,1,ROUND_TRIP,USD,448,0,7,11881.29,11881.29
MIA,SYD,2027-04-12,,AA,PREMIUM_ECONOMY,3,2,0,1,ONE_WAY,USD,290,2,6,7920.08,7920.08
HYD,BAH,2026-12-18,,TG,PREMIUM_ECONOMY,2,0,0,0,ONE_WAY,SGD,561,7,16,1710.13,1265.5
SFO,DXB,2026-10-16,2026-11-06,IB,ECONOMY,1,0,1,1,ROUND_TRIP,EUR,398,20,2,1629.76,1760.14
BKK,CGK,2027-03-15,2027-04-02,PR,ECONOMY,1,0,0,0,ROUND_TRIP,AUD,235,11,14,792.48,515.11
MNL,DOH,2027-01-30,,GA,BUSINESS,2,0,0,2,ONE_WAY,EUR,391,7,13,5725.23,6183.25
HKG,MCT,2027-04-01,,PR,ECONOMY,3,1,0,0,ONE_WAY,USD,352,19,0,1871.13,1871.13
JFK,CDG,2027-07-20,,GF,ECONOMY,1,0,0,1,ONE_WAY,GBP,429,23,6,869.3,1104.01
MIA,AMS,2027-05-11,,UA,BUSINESS,2,1,0,0,ONE_WAY,EUR,139,22,0,7589.84,8197.03
ORD,BAH,2027-04-19,,SG,ECONOMY,3,0,0,0,ONE_WAY,AED,350,7,12,810.86,220.55
DPS,CCU,2027-01-09,2027-01-24,AI,PREMIUM_ECONOMY,1,0,0,0,ROUND_TRIP,USD,70,1,2,1103.76,1103.76
AUH,SIN,2027-02-02,,SQ,ECONOMY,1,0,0,2,ONE_WAY,AED,510,3,11,1307.72,355.7
AUH,BKK,2026-08-30,2026-09-04,SQ,ECONOMY,1,0,0,1,ROUND_TRIP,USD,297,10,14,781.55,781.55
CGK,HKG,2027-02-11,,SQ,ECONOMY,2,0,1,1,ONE_WAY,GBP,637,5,15,821.94,1043.86
SFO,ORD,2026-10-11,,6E,FIRST,2,0,0,2,ONE_WAY,EUR,426,9,16,1878.85,2029.16
BKK,LHR,2026-11-21,,LX,FIRST,1,2,0,1,ONE_WAY,GBP,506,19,3,10501.82,13337.31
BOM,MAA,2027-07-13,2027-07-25,BA,BUSINESS,1,0,0,0,ROUND_TRIP,USD,659,15,1,11825.13,11825.13
HKG,ZRH,2027-05-13,,SQ,ECONOMY,2,0,0,1,ONE_WAY,EUR,289,3,7,3002.81,3243.03
MCT,KWI,2027-07-26,2027-08-05,IX,ECONOMY,2,0,0,1,ROUND_TRIP,USD,394,17,23,903.46,903.46
MAD,HKG,2027-04-03,,PR,BUSINESS,2,0,0,1,ONE_WAY,GBP,190,17,20,8068.21,10246.63
MEL,KWI,2027-02-09,2027-02-23,GA,FIRST,1,0,0,1,ROUND_TRIP,USD,224,20,23,8967.69,8967.69
ORD,BOM,2027-04-08,,WY,BUSINESS,1,0,0,1,ONE_WAY,USD,632,1,11,1675.68,1675.68
PNQ,KUL,2026-11-20,2026-11-29,IX,ECONOMY,2,2,0,0,ROUND_TRIP,INR,312,7,12,1342.84,16.11
ORD,SIN,2026-11-28,,DL,ECONOMY,1,0,0,1,ONE_WAY,USD,228,10,13,1395.01,1395.01
DOH,BAH,2026-12-08,2026-12-18,AF,ECONOMY,1,0,0,0,ROUND_TRIP,USD,457,3,10,3416.0,3416.0
AMD,FCO,2027-06-08,2027-06-20,6E,BUSINESS,1,0,0,0,ROUND_TRIP,USD,193,10,13,3100.79,3100.79
JFK,PNQ,2027-01-31,2027-02-16,WN,PREMIUM_ECONOMY,1,1,0,1,ROUND_TRIP,USD,587,14,23,4030.2,4030.2
LHR,ORD,2026-12-27,2027-01-02,EK,BUSINESS,1,0,0,0,ROUND_TRIP,USD,345,7,12,8642.47,8642.47
KWI,ICN,2026-11-07,2026-11-16,PR,ECONOMY,1,1,0,0,ROUND_TRIP,USD,417,11,17,3502.32,3502.32
BKK,KUL,2027-04-24,2027-05-24,IB,ECONOMY,1,0,0,0,ROUND_TRIP,EUR,181,21,0,738.42,797.49
MNL,LAX,2027-05-09,,EK,ECONOMY,4,0,0,1,ONE_WAY,EUR,422,19,2,1426.03,1540.11
PNQ,SFO,2026-11-05,,GA,ECONOMY,1,1,0,0,ONE_WAY,EUR,300,23,4,481.64,520.17
HKG,FCO,2027-04-11,2027-05-10,LH,BUSINESS,1,0,0,0,ROUND_TRIP,EUR,110,22,23,8122.16,8771.93
CCU,DPS,2026-08-16,,AI,PREMIUM_ECONOMY,3,0,0,0,ONE_WAY,USD,193,6,9,7453.52,7453.52
CCU,HKG,2026-10-17,,AF,BUSINESS,1,0,0,0,ONE_WAY,USD,479,14,21,2625.55,2625.55
ICN,LHR,2027-04-11,,SG,PREMIUM_ECONOMY,1,0,1,2,ONE_WAY,INR,739,18,6,1290.14,15.48
FRA,DEL,2027-03-06,,AI,ECONOMY,2,1,0,2,ONE_WAY,INR,416,23,5,2462.45,29.55
BKK,MEL,2027-07-18,,IX,BUSINESS,1,0,0,0,ONE_WAY,EUR,368,22,4,1148.08,1239.93
CGK,ZRH,2026-09-14,2026-10-07,GF,PREMIUM_ECONOMY,3,0,0,2,ROUND_TRIP,USD,695,13,0,6020.6,6020.6
MAD,DXB,2027-06-15,,GA,ECONOMY,1,0,0,2,ONE_WAY,AED,578,11,20,888.95,241.79
AUH,FRA,2026-11-18,,WY,BUSINESS,1,1,0,0,ONE_WAY,USD,517,7,15,2990.29,2990.29
SIN,AMS,2026-12-01,,DL,BUSINESS,1,1,0,1,ONE_WAY,USD,240,15,19,8073.67,8073.67
MAD,BKK,2026-09-06,,GA,BUSINESS,2,2,0,1,ONE_WAY,USD,476,20,3,6131.77,6131.77
ICN,SIN,2026-08-21,2026-09-01,DL,BUSINESS,1,0,0,1,ROUND_TRIP,EUR,276,3,7,9479.48,10237.84
AMS,FCO,2027-06-21,,LX,ECONOMY,2,0,0,1,ONE_WAY,USD,273,15,19,2354.29,2354.29
SIN,MNL,2027-08-08,,6E,ECONOMY,1,2,0,0,ONE_WAY,INR,147,15,17,1195.63,14.35
DEL,DPS,2026-12-29,,EY,ECONOMY,2,0,0,1,ONE_WAY,INR,301,20,1,2645.1,31.74
LAX,DOH,2027-04-28,2027-05-03,DL,ECONOMY,1,0,0,1,ROUND_TRIP,GBP,212,16,19,1336.74,1697.66
MIA,NRT,2027-07-05,,6E,ECONOMY,2,1,0,1,ONE_WAY,AED,633,3,13,2064.66,561.59
LAX,AMS,2027-05-03,2027-05-26,6E,BUSINESS,2,2,0,1,ROUND_TRIP,AED,699,19,6,7119.28,1936.44
BLR,SFO,2027-06-18,,AA,BUSINESS,4,1,0,1,ONE_WAY,USD,766,4,16,18940.4,18940.4
SYD,AUH,2026-08-15,,PR,BUSINESS,1,0,0,0,ONE_WAY,USD,353,22,3,8007.63,8007.63
LAX,BKK,2027-04-25,2027-05-18,UK,ECONOMY,4,0,0,1,ROUND_TRIP,GBP,268,22,2,6320.26,8026.73
BAH,AUH,2027-01-19,,EY,ECONOMY,3,0,0,1,ONE_WAY,GBP,555,23,8,2341.59,2973.82
HYD,KUL,2026-10-26,,WN,ECONOMY,2,0,0,1,ONE_WAY,USD,573,10,19,1112.87,1112.87
JFK,DPS,2027-06-04,2027-06-18,IX,PREMIUM_ECONOMY,4,2,0,0,ROUND_TRIP,USD,63,11,12,3311.29,3311.29
MNL,HKG,2027-02-08,2027-02-25,WN,BUSINESS,1,1,0,1,ROUND_TRIP,USD,376,4,10,1833.28,1833.28
NRT,AMD,2027-07-05,2027-07-10,KL,FIRST,2,0,0,0,ROUND_TRIP,USD,377,7,13,21241.54,21241.54
CGK,JFK,2027-01-08,2027-02-02,EY,ECONOMY,3,0,0,2,ROUND_TRIP,USD,353,23,4,4895.73,4895.73
AMD,KWI,2027-05-09,2027-06-05,EY,ECONOMY,3,2,0,1,ROUND_TRIP,USD,584,10,19,2071.77,2071.77
BLR,DPS,2027-03-27,2027-04-15,GF,ECONOMY,1,2,1,1,ROUND_TRIP,USD,676,6,17,4486.23,4486.23
DOH,PNQ,2026-08-17,,QR,BUSINESS,2,0,0,0,ONE_WAY,INR,574,19,4,5794.17,69.53
ORD,AMD,2026-12-18,2027-01-07,WN,ECONOMY,1,1,0,1,ROUND_TRIP,INR,270,0,4,3135.01,37.62
BKK,AMS,2026-12-20,2027-01-10,SQ,ECONOMY,1,0,0,0,ROUND_TRIP,USD,522,8,16,4327.37,4327.37
ZRH,FCO,2027-04-30,,AI,ECONOMY,1,2,1,0,ONE_WAY,AUD,109,16,17,1396.35,907.63
MCT,AMS,2026-12-10,2026-12-29,UA,PREMIUM_ECONOMY,1,0,0,1,ROUND_TRIP,INR,508,10,18,2989.95,35.88
ICN,AMS,2026-09-18,2026-10-02,LX,ECONOMY,4,0,0,0,ROUND_TRIP,INR,320,13,18,3598.71,43.18
MAD,AMD,2027-07-28,2027-08-15,BA,BUSINESS,2,0,0,1,ROUND_TRIP,USD,583,1,10,13641.86,13641.86
MCT,CDG,2027-01-31,2027-02-13,SG,ECONOMY,1,0,0,2,ROUND_TRIP,USD,453,23,6,1376.07,1376.07
BOM,FRA,2027-04-09,,LX,ECONOMY,2,0,0,0,ONE_WAY,USD,155,0,2,2097.21,2097.21
MCT,BOM,2026-10-19,,KL,ECONOMY,1,0,1,0,ONE_WAY,USD,297,1,5,923.46,923.46
AUH,AMD,2026-12-16,,AF,ECONOMY,1,0,0,2,ONE_WAY,AUD,700,4,15,2058.71,1338.16
BLR,BKK,2027-03-27,2027-04-18,BA,BUSINESS,1,1,0,2,ROUND_TRIP,GBP,624,20,6,12109.1,15378.56
DXB,BOM,2027-06-19,2027-06-22,IB,FIRST,1,0,0,1,ROUND_TRIP,INR,352,7,12,9934.56,119.21
DEL,SYD,2026-12-26,2027-01-06,UK,ECONOMY,3,0,0,2,ROUND_TRIP,INR,505,10,18,3597.37,43.17
ZRH,KUL,2027-01-22,,GA,PREMIUM_ECONOMY,2,0,1,0,ONE_WAY,USD,334,8,13,3002.91,3002.91
CCU,DFW,2027-03-03,,MH,PREMIUM_ECONOMY,1,0,0,0,ONE_WAY,INR,614,20,6,688.52,8.26
ZRH,CDG,2027-07-02,,6E,BUSINESS,1,0,0,0,ONE_WAY,USD,495,17,1,776.44,776.44
MEL,MAA,2027-01-11,,WY,BUSINESS,1,0,1,0,ONE_WAY,EUR,86,1,2,906.37,978.88
MAD,SIN,2027-03-27,,WY,BUSINESS,2,0,0,1,ONE_WAY,EUR,646,11,21,6920.18,7473.79
SYD,AUH,2027-06-18,,GF,ECONOMY,1,2,0,1,ONE_WAY,EUR,460,10,17,3442.02,3717.38
CCU,AMD,2027-05-26,2027-06-19,AA,ECONOMY,3,0,0,0,ROUND_TRIP,USD,429,3,10,5392.33,5392.33
FCO,CDG,2027-03-23,,UK,ECONOMY,4,0,0,0,ONE_WAY,AED,503,21,5,883.99,240.45
CGK,MNL,2026-12-09,2027-01-05,PR,FIRST,3,1,0,0,ROUND_TRIP,AED,405,5,11,46939.28,12767.48
MIA,MNL,2027-03-16,,6E,ECONOMY,1,0,0,0,ONE_WAY,USD,646,9,19,1236.4,1236.4
HKG,KWI,2026-12-15,,WY,PREMIUM_ECONOMY,1,0,0,2,ONE_WAY,GBP,772,14,2,882.92,1121.31
AMS,HKG,2026-12-28,2027-01-26,MH,ECONOMY,1,1,1,0,ROUND_TRIP,INR,650,9,19,5293.25,63.52
MEL,FCO,2026-12-12,2027-01-09,AI,BUSINESS,1,1,0,2,ROUND_TRIP,USD,692,18,5,13467.06,13467.06
HKG,MNL,2026-12-22,2027-01-21,UA,ECONOMY,1,0,0,1,ROUND_TRIP,INR,228,18,21,1742.56,20.91
MCT,KUL,2027-03-18,,AA,ECONOMY,1,0,0,1,ONE_WAY,AED,422,4,11,903.87,245.85
BKK,SIN,2027-02-16,2027-02-24,IB,ECONOMY,1,0,0,1,ROUND_TRIP,EUR,289,12,16,542.53,585.93
FRA,DXB,2026-08-21,2026-09-09,BA,ECONOMY,1,1,0,2,ROUND_TRIP,USD,499,11,19,2973.92,2973.92
MEL,PNQ,2027-03-14,2027-04-01,AI,PREMIUM_ECONOMY,2,1,0,1,ROUND_TRIP,EUR,703,1,12,3086.56,3333.48
FCO,AMS,2027-04-10,,IB,ECONOMY,1,0,0,1,ONE_WAY,INR,395,1,7,370.94,4.45
BOM,AMD,2027-05-16,,LH,ECONOMY,1,1,0,1,ONE_WAY,GBP,173,10,12,448.99,570.22
ZRH,DXB,2027-02-02,2027-02-28,LH,ECONOMY,4,0,0,0,ROUND_TRIP,EUR,442,10,17,6990.52,7549.76
SFO,MCT,2027-02-04,2027-02-13,QR,BUSINESS,1,2,0,2,ROUND_TRIP,AUD,318,0,5,7236.06,4703.44
BKK,DOH,2027-07-24,,LX,BUSINESS,2,1,0,1,ONE_WAY,EUR,454,16,23,5482.34,5920.93
SYD,AMS,2027-05-17,2027-05-20,EK,PREMIUM_ECONOMY,1,0,1,1,ROUND_TRIP,EUR,140,20,22,2720.87,2938.54
KUL,SIN,2026-11-22,,TG,BUSINESS,3,0,0,2,ONE_WAY,USD,678,22,9,8241.2,8241.2
MIA,AMD,2027-03-17,,KL,ECONOMY,1,0,0,1,ONE_WAY,AED,299,9,13,1002.53,272.69
MAA,DXB,2027-06-20,2027-06-28,AF,ECONOMY,1,1,0,0,ROUND_TRIP,EUR,251,11,15,2965.92,3203.19
LAX,BKK,2026-09-15,,WN,ECONOMY,1,0,0,0,ONE_WAY,GBP,177,6,8,982.93,1248.32
FCO,BOM,2027-01-03,2027-01-25,IX,ECONOMY,1,2,0,1,ROUND_TRIP,USD,217,9,12,3981.07,3981.07
DFW,DPS,2026-12-26,2026-12-30,SQ,ECONOMY,2,0,0,1,ROUND_TRIP,USD,545,7,16,2930.13,2930.13
AMD,SYD,2026-09-25,2026-10-18,IX,ECONOMY,1,2,0,0,ROUND_TRIP,AED,468,4,11,4612.1,1254.49
MEL,BLR,2027-01-09,,LH,PREMIUM_ECONOMY,1,0,0,1,ONE_WAY,EUR,678,6,17,1856.98,2005.54
MCT,MNL,2027-04-13,2027-05-09,LH,BUSINESS,1,0,0,0,ROUND_TRIP,AED,566,15,0,2659.5,723.38
ZRH,BLR,2027-04-03,2027-04-24,GA,ECONOMY,3,0,0,1,ROUND_TRIP,INR,199,6,9,6312.11,75.75
MAA,SFO,2027-07-15,2027-08-07,EK,ECONOMY,1,0,0,0,ROUND_TRIP,USD,395,9,15,1125.48,1125.48
KUL,AUH,2027-05-10,2027-05-31,AF,FIRST,1,1,0,2,ROUND_TRIP,INR,515,8,16,17889.69,214.68
CCU,KWI,2026-09-25,,AA,FIRST,1,0,0,2,ONE_WAY,EUR,457,1,8,4320.48,4666.12
DOH,MIA,2027-07-20,,WN,FIRST,2,0,0,0,ONE_WAY,USD,307,16,21,3067.44,3067.44
AUH,BOM,2027-01-04,,GF,ECONOMY,1,0,0,1,ONE_WAY,AED,717,7,18,419.25,114.04
KWI,BKK,2026-11-29,2026-12-13,LH,ECONOMY,1,1,0,0,ROUND_TRIP,USD,651,6,16,1683.14,1683.14
MAA,AMD,2026-12-04,2026-12-22,AI,BUSINESS,1,0,0,2,ROUND_TRIP,EUR,458,1,8,9072.47,9798.27
MAA,CGK,2026-08-17,,WY,ECONOMY,1,2,0,2,ONE_WAY,SGD,516,5,13,4018.0,2973.32
AMD,KUL,2026-08-16,,EY,ECONOMY,3,0,0,2,ONE_WAY,EUR,657,3,13,7538.0,8141.04
DOH,SIN,2026-12-25,2026-12-28,EK,ECONOMY,3,2,0,1,ROUND_TRIP,EUR,320,0,5,5363.22,5792.28
MAA,LHR,2026-09-26,,AA,ECONOMY,1,0,0,1,ONE_WAY,GBP,651,8,18,1323.29,1680.58
AMS,MNL,2027-01-22,2027-02-17,SG,ECONOMY,4,0,0,0,ROUND_TRIP,AED,98,7,8,2824.03,768.14
MAA,DXB,2026-10-30,2026-11-17,DL,BUSINESS,4,1,0,1,ROUND_TRIP,AED,349,12,17,18833.02,5122.58
AMS,HKG,2027-01-23,,LX,PREMIUM_ECONOMY,1,0,0,0,ONE_WAY,INR,650,15,1,1484.21,17.81
DEL,MAD,2027-04-27,,EK,ECONOMY,1,0,0,1,ONE_WAY,USD,438,13,20,432.92,432.92
MNL,JFK,2026-10-02,2026-10-17,WY,BUSINESS,2,0,0,1,ROUND_TRIP,USD,669,1,12,13519.7,13519.7
SYD,BOM,2027-05-21,2027-06-05,SG,ECONOMY,1,0,0,1,ROUND_TRIP,AED,735,10,22,1475.85,401.43
MAD,CCU,2027-07-02,,GF,BUSINESS,4,0,0,1,ONE_WAY,USD,591,0,9,8070.03,8070.03
ICN,BLR,2026-11-12,,MH,ECONOMY,1,0,0,1,ONE_WAY,USD,291,13,17,538.85,538.85
BKK,HYD,2026-08-16,,GF,ECONOMY,2,0,0,2,ONE_WAY,INR,252,14,18,1603.82,19.25
ICN,CCU,2027-07-23,,IB,PREMIUM_ECONOMY,3,0,0,1,ONE_WAY,EUR,286,7,11,1960.35,2117.18
MIA,SIN,2027-04-24,,GA,ECONOMY,3,1,0,0,ONE_WAY,USD,93,13,14,1460.26,1460.26
CCU,CGK,2026-12-20,,LH,BUSINESS,3,0,0,1,ONE_WAY,INR,382,5,11,16432.85,197.19
KUL,SIN,2027-06-19,,UK,ECONOMY,2,0,0,1,ONE_WAY,EUR,582,23,8,1464.97,1582.17
KWI,MEL,2027-02-15,2027-02-23,PR,ECONOMY,1,2,0,0,ROUND_TRIP,USD,144,14,16,5000.5,5000.5
MNL,SYD,2027-06-05,2027-06-11,QR,ECONOMY,4,1,0,1,ROUND_TRIP,EUR,361,5,11,17463.64,18860.73
HYD,ORD,2027-05-14,,DL,ECONOMY,1,1,0,1,ONE_WAY,USD,388,17,23,1629.78,1629.78
DOH,LAX,2026-10-29,,PR,ECONOMY,1,1,0,1,ONE_WAY,EUR,470,11,18,1369.41,1478.96
HYD,CCU,2027-02-20,,AF,BUSINESS,2,1,0,0,ONE_WAY,USD,278,10,14,4029.82,4029.82
AMD,JFK,2027-02-07,2027-02-27,UK,ECONOMY,1,0,1,1,ROUND_TRIP,INR,690,12,23,638.83,7.67
BAH,MIA,2027-06-26,,6E,ECONOMY,1,0,1,1,ONE_WAY,AUD,691,4,15,610.44,396.79
HYD,MEL,2027-07-12,,AI,ECONOMY,2,2,0,1,ONE_WAY,GBP,200,17,20,1933.25,2455.23
AMD,SYD,2027-05-17,,EY,PREMIUM_ECONOMY,1,0,0,0,ONE_WAY,USD,468,9,16,2053.65,2053.65
CDG,DPS,2027-03-14,2027-03-17,QR,FIRST,1,1,0,1,ROUND_TRIP,USD,414,22,4,8018.18,8018.18
MNL,HYD,2027-06-22,2027-06-26,AF,ECONOMY,1,0,0,0,ROUND_TRIP,GBP,534,20,4,2916.75,3704.27
CDG,BLR,2026-10-11,,WY,ECONOMY,2,0,0,0,ONE_WAY,GBP,520,6,14,1866.17,2370.04
BLR,JFK,2027-01-13,2027-01-31,SQ,BUSINESS,2,2,0,1,ROUND_TRIP,USD,501,6,14,13954.72,13954.72
ICN,MAD,2027-01-22,,EK,ECONOMY,1,0,0,0,ONE_WAY,USD,273,7,11,1157.77,1157.77
DEL,DFW,2026-12-21,,MH,ECONOMY,3,1,0,0,ONE_WAY,USD,556,14,23,3312.5,3312.5
HKG,CGK,2026-10-14,2026-11-02,TG,BUSINESS,1,0,0,1,ROUND_TRIP,USD,716,20,7,8472.53,8472.53
CCU,NRT,2026-12-24,,AI,ECONOMY,1,2,1,0,ONE_WAY,USD,655,20,6,4741.08,4741.08
ORD,MAA,2026-10-27,2026-11-24,BA,ECONOMY,1,1,0,1,ROUND_TRIP,INR,193,12,15,853.42,10.24
MEL,FRA,2026-11-26,,IB,ECONOMY,1,2,0,0,ONE_WAY,GBP,126,19,21,1154.83,1466.63
SFO,BAH,2027-01-13,,KL,BUSINESS,3,1,0,0,ONE_WAY,USD,168,19,21,6939.22,6939.22
DXB,JFK,2026-11-28,,UA,FIRST,1,0,0,1,ONE_WAY,USD,319,13,18,4907.99,4907.99
FCO,JFK,2027-05-19,2027-06-09,MH,FIRST,4,0,0,0,ROUND_TRIP,USD,339,10,15,14007.84,14007.84
MAD,MIA,2026-12-08,2026-12-18,MH,ECONOMY,2,0,0,2,ROUND_TRIP,AUD,820,21,10,3257.12,2117.13
AMS,AUH,2026-10-27,,EY,ECONOMY,2,0,0,0,ONE_WAY,EUR,436,10,17,1727.31,1865.49
AUH,HKG,2027-05-04,,AI,ECONOMY,2,0,0,0,ONE_WAY,USD,207,9,12,1383.16,1383.16
AUH,MIA,2026-08-28,,6E,PREMIUM_ECONOMY,2,0,0,1,ONE_WAY,EUR,533,11,19,3116.8,3366.14
MNL,BAH,2027-04-06,2027-04-09,AA,ECONOMY,4,0,0,0,ROUND_TRIP,EUR,252,2,6,9372.28,10122.06
DOH,FCO,2027-05-29,2027-06-17,IB,ECONOMY,1,0,0,0,ROUND_TRIP,EUR,447,21,4,2109.08,2277.81
SFO,BAH,2027-06-03,2027-06-18,AF,ECONOMY,2,0,0,1,ROUND_TRIP,GBP,228,0,3,2144.55,2723.58
MIA,NRT,2026-11-09,,TG,BUSINESS,1,0,0,0,ONE_WAY,AED,568,17,2,3177.48,864.27
AMS,MIA,2026-10-04,,BA,ECONOMY,1,0,0,1,ONE_WAY,EUR,570,21,6,726.92,785.07
BKK,DEL,2027-02-07,2027-03-05,EY,ECONOMY,1,1,0,2,ROUND_TRIP,EUR,264,8,12,1705.02,1841.42
NRT,KUL,2027-01-23,2027-02-12,UA,ECONOMY,1,2,0,0,ROUND_TRIP,INR,107,12,13,4251.81,51.02
DXB,MIA,2027-03-14,,6E,ECONOMY,2,0,0,1,ONE_WAY,GBP,136,9,11,1182.37,1501.61
ZRH,DPS,2027-03-29,,LX,PREMIUM_ECONOMY,2,1,0,1,ONE_WAY,GBP,628,16,2,6295.83,7995.7
JFK,CDG,2027-01-31,,IB,ECONOMY,2,0,0,2,ONE_WAY,AED,545,10,19,1422.04,386.79
ICN,AMD,2027-07-22,,QR,PREMIUM_ECONOMY,1,0,1,1,ONE_WAY,INR,734,10,22,3591.51,43.1
AMS,FRA,2027-06-25,,QR,ECONOMY,1,0,0,0,ONE_WAY,AUD,564,15,0,1645.52,1069.59
SIN,DXB,2026-08-20,2026-09-16,6E,ECONOMY,1,0,1,0,ROUND_TRIP,AED,325,3,8,1991.18,541.6
DFW,DXB,2027-02-05,2027-03-01,UK,ECONOMY,1,0,0,0,ROUND_TRIP,EUR,125,9,11,383.94,414.66
FRA,LAX,2027-03-17,,UA,BUSINESS,1,0,1,0,ONE_WAY,USD,97,15,16,931.9,931.9
BOM,PNQ,2027-07-23,,BA,FIRST,1,1,1,1,ONE_WAY,USD,504,17,1,6492.55,6492.55
MCT,FRA,2026-12-21,,WN,ECONOMY,2,0,0,0,ONE_WAY,EUR,504,13,21,1536.76,1659.7
MEL,SFO,2027-01-20,,KL,FIRST,1,0,0,1,ONE_WAY,USD,181,6,9,3664.0,3664.0
CCU,ZRH,2026-09-22,,PR,ECONOMY,2,0,0,0,ONE_WAY,EUR,546,4,13,2250.76,2430.82
DFW,HYD,2026-10-07,,DL,BUSINESS,1,2,0,0,ONE_WAY,GBP,105,13,14,7769.49,9867.25
LAX,ZRH,2027-03-06,,GF,ECONOMY,1,0,0,2,ONE_WAY,INR,314,4,9,413.72,4.96
FCO,DOH,2027-04-05,,AI,BUSINESS,1,0,0,1,ONE_WAY,INR,571,21,6,1388.28,16.66
BAH,BLR,2026-10-07,,LX,BUSINESS,4,0,0,0,ONE_WAY,USD,446,1,8,10205.94,10205.94
MIA,MAA,2027-03-10,,UK,BUSINESS,1,0,0,2,ONE_WAY,GBP,558,8,17,2669.82,3390.67
AUH,CGK,2027-03-22,,KL,BUSINESS,2,0,0,0,ONE_WAY,USD,502,21,5,1944.44,1944.44
ZRH,BAH,2027-08-07,,GF,ECONOMY,1,2,0,1,ONE_WAY,INR,673,18,5,3987.86,47.85
LAX,BAH,2027-04-23,2027-05-06,MH,BUSINESS,2,0,0,2,ROUND_TRIP,EUR,695,18,5,8234.57,8893.34
MAA,ORD,2026-10-03,2026-10-18,BA,ECONOMY,2,2,0,0,ROUND_TRIP,EUR,395,8,14,2727.03,2945.19
LHR,BOM,2027-01-08,2027-01-18,TG,ECONOMY,4,0,0,1,ROUND_TRIP,USD,525,7,15,8142.31,8142.31
FCO,ORD,2027-01-12,,TG,ECONOMY,1,0,0,1,ONE_WAY,AED,765,15,3,1440.99,391.95
KUL,DXB,2027-05-02,2027-05-11,WY,PREMIUM_ECONOMY,3,0,0,1,ROUND_TRIP,INR,616,21,7,7267.5,87.21
DEL,SIN,2026-11-10,2026-12-02,IB,PREMIUM_ECONOMY,1,0,0,0,ROUND_TRIP,AED,154,16,18,1695.11,461.07
DPS,MEL,2027-06-19,2027-07-07,QR,ECONOMY,1,0,0,0,ROUND_TRIP,USD,542,1,10,3065.63,3065.63
NRT,MAA,2026-12-25,,AI,ECONOMY,2,0,0,1,ONE_WAY,EUR,298,7,11,3074.03,3319.95
LAX,MIA,2027-04-10,2027-05-05,LH,FIRST,1,0,0,0,ROUND_TRIP,AUD,415,0,6,14392.98,9355.44
MCT,MAA,2026-12-29,,GA,ECONOMY,1,2,0,1,ONE_WAY,GBP,335,10,15,2486.86,3158.31
BOM,MNL,2027-03-03,2027-03-15,EY,FIRST,2,0,0,0,ROUND_TRIP,USD,336,20,1,7211.79,7211.79
CCU,JFK,2027-04-20,,WY,ECONOMY,2,1,0,1,ONE_WAY,EUR,553,1,10,2099.74,2267.72
BOM,KUL,2027-03-29,2027-04-13,AI,PREMIUM_ECONOMY,2,2,0,0,ROUND_TRIP,INR,506,5,13,13249.89,159.0
BAH,DXB,2027-04-17,,KL,ECONOMY,1,0,0,1,ONE_WAY,SGD,203,16,19,276.18,204.37
CDG,KUL,2027-03-24,,WN,BUSINESS,1,2,0,1,ONE_WAY,GBP,396,6,12,7014.16,8907.98
NRT,FCO,2027-04-02,,LH,ECONOMY,2,0,1,2,ONE_WAY,GBP,847,22,12,1009.34,1281.86
MEL,AUH,2027-06-18,2027-07-14,AA,ECONOMY,1,0,1,0,ROUND_TRIP,INR,366,18,0,2883.53,34.6
BKK,SYD,2027-07-11,2027-07-28,GA,FIRST,1,0,1,0,ROUND_TRIP,USD,612,18,4,7230.33,7230.33
LHR,MAA,2026-10-01,,TG,ECONOMY,3,1,0,1,ONE_WAY,EUR,613,14,0,2669.07,2882.6
PNQ,BOM,2027-05-08,,AI,BUSINESS,1,0,0,2,ONE_WAY,EUR,639,21,7,3693.27,3988.73
KUL,BLR,2027-03-17,,PR,ECONOMY,1,0,0,2,ONE_WAY,USD,578,6,15,1009.64,1009.64
MCT,HKG,2027-04-25,,AF,FIRST,1,0,0,0,ONE_WAY,INR,306,9,14,4948.53,59.38
DFW,KWI,2027-07-22,,EK,ECONOMY,1,0,0,0,ONE_WAY,GBP,478,8,15,1555.64,1975.66
DXB,BOM,2026-10-11,2026-11-01,IB,ECONOMY,1,0,0,1,ROUND_TRIP,INR,368,22,4,1331.43,15.98
DFW,AMS,2027-05-24,2027-06-04,BA,FIRST,2,0,0,1,ROUND_TRIP,AUD,754,0,12,38298.24,24893.86
AUH,HKG,2026-08-16,,IB,BUSINESS,3,0,0,1,ONE_WAY,USD,295,20,0,9869.79,9869.79
BLR,JFK,2027-07-14,,TG,ECONOMY,2,0,0,0,ONE_WAY,USD,384,17,23,1059.45,1059.45
CGK,LAX,2027-03-08,,DL,ECONOMY,1,2,0,1,ONE_WAY,INR,150,23,1,2235.13,26.82
DFW,DEL,2027-03-02,,SG,PREMIUM_ECONOMY,1,0,0,2,ONE_WAY,USD,580,20,5,1163.41,1163.41
FCO,CGK,2026-10-24,2026-11-14,LH,ECONOMY,4,0,0,0,ROUND_TRIP,INR,607,20,6,10071.78,120.86
CGK,FCO,2026-12-15,,SG,BUSINESS,1,0,0,1,ONE_WAY,EUR,355,7,12,767.23,828.61
SIN,KWI,2026-12-04,,UK,ECONOMY,1,0,0,1,ONE_WAY,USD,559,14,23,1200.32,1200.32
DEL,JFK,2027-03-15,2027-03-22,EY,BUSINESS,2,2,0,0,ROUND_TRIP,USD,232,18,21,24150.5,24150.5
DFW,PNQ,2027-03-23,,LH,BUSINESS,1,0,0,0,ONE_WAY,AED,452,14,21,4560.16,1240.36
JFK,DPS,2027-07-25,,6E,ECONOMY,2,1,0,1,ONE_WAY,GBP,129,6,8,384.73,488.61
SFO,KUL,2026-10-29,2026-11-05,6E,ECONOMY,2,0,0,0,ROUND_TRIP,GBP,556,19,4,1945.73,2471.08
HKG,LHR,2027-04-29,2027-05-06,AI,ECONOMY,1,0,0,1,ROUND_TRIP,EUR,754,8,20,916.14,989.43
MIA,ICN,2026-12-11,2026-12-14,GA,ECONOMY,1,0,0,2,ROUND_TRIP,AUD,301,1,6,2116.17,1375.51
BKK,MAA,2026-12-02,2026-12-17,BA,ECONOMY,1,0,1,2,ROUND_TRIP,EUR,583,14,23,1085.11,1171.92
MAA,JFK,2027-01-11,2027-02-07,AF,ECONOMY,1,0,1,0,ROUND_TRIP,SGD,218,12,15,2154.92,1594.64
PNQ,FRA,2027-07-18,2027-07-24,IB,ECONOMY,1,0,0,1,ROUND_TRIP,USD,724,11,23,827.13,827.13
CGK,SYD,2026-12-15,,SG,BUSINESS,2,0,0,0,ONE_WAY,GBP,193,12,15,6263.01,7954.02
DPS,BOM,2027-02-07,,AI,ECONOMY,1,0,0,0,ONE_WAY,USD,213,21,0,1069.67,1069.67
LHR,AMS,2026-11-04,2026-11-20,IX,ECONOMY,3,0,0,2,ROUND_TRIP,USD,741,17,5,1355.55,1355.55
BLR,BOM,2027-01-10,2027-01-22,WN,ECONOMY,1,0,1,0,ROUND_TRIP,SGD,493,2,10,504.58,373.39
DFW,AMD,2027-04-11,,UK,ECONOMY,2,0,0,2,ONE_WAY,USD,332,1,6,419.34,419.34
BOM,LAX,2027-04-19,2027-05-14,GA,ECONOMY,1,0,0,1,ROUND_TRIP,EUR,225,21,0,2163.17,2336.22
CGK,KWI,2026-09-30,,GF,FIRST,1,0,0,2,ONE_WAY,USD,452,14,21,2401.81,2401.81
DPS,SYD,2026-10-04,2026-10-26,WN,ECONOMY,2,0,0,0,ROUND_TRIP,GBP,606,8,18,1287.52,1635.15
HKG,MCT,2026-11-30,,EK,FIRST,1,0,0,1,ONE_WAY,EUR,471,8,15,3941.84,4257.19
DXB,DOH,2027-03-18,,IB,BUSINESS,1,0,0,1,ONE_WAY,INR,517,16,0,4353.1,52.24
ORD,DFW,2027-01-21,,WY,ECONOMY,1,0,0,0,ONE_WAY,EUR,659,20,6,1483.26,1601.92
JFK,MNL,2027-02-15,2027-03-01,AF,PREMIUM_ECONOMY,1,2,0,1,ROUND_TRIP,GBP,565,7,16,4235.97,5379.68
ORD,DEL,2026-12-04,2026-12-11,AA,BUSINESS,1,1,0,0,ROUND_TRIP,USD,105,8,9,13176.39,13176.39
FRA,AUH,2026-11-06,2026-11-26,UK,PREMIUM_ECONOMY,1,0,0,2,ROUND_TRIP,INR,750,0,12,3023.7,36.28
BOM,DEL,2027-05-06,2027-05-14,KL,PREMIUM_ECONOMY,1,0,1,0,ROUND_TRIP,USD,189,19,22,2964.13,2964.13
MAD,HYD,2027-06-05,,LX,BUSINESS,1,1,0,1,ONE_WAY,EUR,487,6,14,3685.17,3979.98
SIN,DOH,2027-05-16,2027-05-23,SQ,PREMIUM_ECONOMY,2,0,0,0,ROUND_TRIP,SGD,653,21,7,5753.43,4257.54
SFO,AUH,2027-02-19,2027-02-28,PR,ECONOMY,1,0,0,0,ROUND_TRIP,USD,240,4,8,2053.58,2053.58
MCT,ZRH,2027-08-06,2027-08-26,PR,ECONOMY,4,0,0,0,ROUND_TRIP,USD,177,16,18,4757.54,4757.54
SFO,MCT,2027-08-02,,GA,ECONOMY,2,0,0,0,ONE_WAY,EUR,112,10,11,1031.48,1114.0
DPS,SYD,2027-03-01,2027-03-29,GA,FIRST,2,1,1,2,ROUND_TRIP,INR,782,10,23,11701.73,140.42
ORD,BAH,2027-02-26,2027-03-05,PR,PREMIUM_ECONOMY,3,0,0,0,ROUND_TRIP,USD,350,5,10,3387.74,3387.74
MCT,MAD,2026-11-29,,PR,ECONOMY,4,0,0,0,ONE_WAY,USD,89,16,17,3341.77,3341.77
BKK,MAA,2027-06-16,2027-06-27,UA,PREMIUM_ECONOMY,2,0,0,0,ROUND_TRIP,USD,355,10,15,2762.75,2762.75
NRT,BAH,2027-01-17,2027-02-11,AA,PREMIUM_ECONOMY,1,0,1,0,ROUND_TRIP,USD,481,5,13,3829.85,3829.85
HKG,ORD,2027-06-16,2027-06-29,MH,ECONOMY,1,0,0,0,ROUND_TRIP,INR,67,20,21,1284.57,15.41
ZRH,HYD,2027-07-25,2027-08-22,TG,ECONOMY,1,0,0,1,ROUND_TRIP,USD,245,0,4,510.13,510.13
SYD,HKG,2027-01-05,2027-01-27,PR,BUSINESS,2,0,0,1,ROUND_TRIP,INR,714,23,10,6109.13,73.31
MIA,BOM,2026-12-31,,QR,BUSINESS,2,2,0,0,ONE_WAY,USD,432,6,13,22429.71,22429.71
MNL,DXB,2026-11-30,,PR,ECONOMY,2,1,1,2,ONE_WAY,EUR,405,17,23,2864.41,3093.56
MAA,CCU,2027-04-11,,TG,BUSINESS,2,0,0,1,ONE_WAY,USD,643,18,4,5328.17,5328.17
JFK,MIA,2027-04-12,,AA,PREMIUM_ECONOMY,1,1,0,1,ONE_WAY,USD,224,8,11,3554.7,3554.7
LHR,AMD,2026-11-30,,UK,ECONOMY,1,0,0,0,ONE_WAY,GBP,224,3,6,665.23,844.84
MAA,HKG,2027-05-10,2027-05-30,AA,ECONOMY,1,0,0,2,ROUND_TRIP,USD,768,17,5,1003.67,1003.67
DOH,BOM,2027-05-24,2027-06-14,KL,ECONOMY,1,1,0,0,ROUND_TRIP,USD,537,3,11,1911.38,1911.38
MEL,LAX,2027-01-26,,QR,ECONOMY,3,0,0,0,ONE_WAY,AUD,626,2,12,1703.87,1107.52
AUH,MCT,2027-05-27,,UA,PREMIUM_ECONOMY,4,0,0,1,ONE_WAY,GBP,769,2,14,6184.64,7854.49
FCO,DEL,2027-04-09,2027-04-27,SG,BUSINESS,1,1,0,1,ROUND_TRIP,USD,332,4,9,6348.6,6348.6
MAD,DFW,2027-02-09,2027-02-19,6E,PREMIUM_ECONOMY,1,1,0,1,ROUND_TRIP,EUR,538,7,15,864.05,933.17
ORD,BOM,2026-12-31,2027-01-15,UK,FIRST,1,0,0,1,ROUND_TRIP,EUR,624,3,13,6408.9,6921.61
ORD,MAA,2027-06-10,,GA,BUSINESS,1,0,0,0,ONE_WAY,USD,98,4,5,1055.03,1055.03
DEL,MNL,2026-09-08,2026-09-18,GF,ECONOMY,2,0,0,0,ROUND_TRIP,USD,130,12,14,2617.49,2617.49
ORD,MNL,2027-01-13,2027-01-19,WY,ECONOMY,3,0,0,1,ROUND_TRIP,EUR,348,12,17,5608.38,6057.05
DFW,HKG,2026-08-23,2026-09-02,LH,ECONOMY,1,0,0,0,ROUND_TRIP,EUR,185,18,21,1202.14,1298.31
ORD,DFW,2027-04-28,2027-05-04,AA,PREMIUM_ECONOMY,1,1,0,0,ROUND_TRIP,SGD,659,20,6,6461.84,4781.76
BOM,AUH,2026-08-22,,EY,ECONOMY,1,0,1,0,ONE_WAY,AUD,559,19,4,1659.42,1078.62
HYD,CGK,2026-08-24,2026-09-04,BA,ECONOMY,1,1,0,1,ROUND_TRIP,EUR,724,12,0,2691.77,2907.11
MIA,DOH,2027-02-07,2027-02-23,TG,ECONOMY,4,2,0,1,ROUND_TRIP,EUR,412,17,23,6431.88,6946.43
MNL,DOH,2026-12-08,,AI,ECONOMY,4,2,0,0,ONE_WAY,INR,221,12,15,6762.75,81.15
JFK,LHR,2027-04-11,2027-04-17,GF,ECONOMY,1,0,1,2,ROUND_TRIP,USD,441,21,4,1052.1,1052.1
MAD,LAX,2027-07-01,,EY,ECONOMY,1,2,1,0,ONE_WAY,EUR,87,19,20,2471.08,2668.77
BOM,BKK,2027-08-01,,GA,ECONOMY,1,2,0,1,ONE_WAY,USD,563,4,13,727.02,727.02
CCU,HYD,2027-07-20,,WN,ECONOMY,1,0,0,1,ONE_WAY,USD,659,9,19,866.11,866.11
HYD,DOH,2027-02-01,,EY,ECONOMY,1,0,0,0,ONE_WAY,USD,515,10,18,317.9,317.9
CCU,MCT,2026-09-18,,WY,PREMIUM_ECONOMY,1,0,0,0,ONE_WAY,USD,487,15,23,782.87,782.87
AMS,HYD,2026-10-11,2026-10-28,UK,ECONOMY,1,1,0,0,ROUND_TRIP,EUR,349,6,11,1958.22,2114.88
MIA,AMD,2027-02-11,2027-02-27,AI,BUSINESS,2,1,0,1,ROUND_TRIP,AED,271,3,7,16800.31,4569.68
BLR,MIA,2027-02-25,2027-03-05,GF,ECONOMY,4,0,0,1,ROUND_TRIP,INR,633,10,20,5606.49,67.28
LAX,BLR,2027-06-07,2027-06-28,GA,PREMIUM_ECONOMY,4,0,1,2,ROUND_TRIP,AUD,730,4,16,14564.4,9466.86
KUL,DEL,2026-10-07,,DL,ECONOMY,1,0,0,1,ONE_WAY,EUR,556,8,17,610.38,659.21
ZRH,LAX,2026-10-13,,IX,ECONOMY,3,0,0,1,ONE_WAY,AED,261,17,21,1076.11,292.7
PNQ,DPS,2027-02-03,,AA,ECONOMY,1,0,1,0,ONE_WAY,EUR,615,6,16,1794.45,1938.01
DEL,SYD,2027-03-07,,QR,BUSINESS,1,0,0,1,ONE_WAY,AED,400,18,0,2967.93,807.28
MAA,DXB,2027-01-11,,GA,ECONOMY,1,0,0,2,ONE_WAY,EUR,415,9,15,635.04,685.84
SIN,PNQ,2027-07-04,,GF,ECONOMY,1,0,0,1,ONE_WAY,EUR,571,10,19,800.81,864.87
ORD,SIN,2026-11-06,,LX,ECONOMY,2,0,0,1,ONE_WAY,AED,247,22,2,2241.66,609.73
LHR,HKG,2027-01-25,2027-02-18,PR,ECONOMY,1,0,0,1,ROUND_TRIP,GBP,667,3,14,785.45,997.52
FRA,MAA,2027-04-30,,TG,ECONOMY,1,0,0,2,ONE_WAY,AED,638,14,0,241.39,65.66
SIN,HYD,2026-12-13,2026-12-29,LH,BUSINESS,1,0,0,0,ROUND_TRIP,EUR,496,23,7,8632.15,9322.72
BKK,FRA,2027-01-08,,GA,PREMIUM_ECONOMY,1,2,0,0,ONE_WAY,EUR,227,2,5,4144.09,4475.62
PNQ,BKK,2026-08-26,,GA,ECONOMY,2,0,0,2,ONE_WAY,USD,681,14,1,1834.45,1834.45
FRA,CGK,2027-02-08,2027-03-08,UA,ECONOMY,1,0,0,0,ROUND_TRIP,USD,301,13,18,874.59,874.59
BAH,MAA,2026-08-23,,SQ,ECONOMY,2,0,0,1,ONE_WAY,EUR,241,0,4,4145.08,4476.69
NRT,AMS,2027-03-09,,QR,ECONOMY,2,0,0,2,ONE_WAY,USD,762,11,23,2267.0,2267.0
BLR,AMS,2026-11-16,2026-12-06,SG,ECONOMY,2,0,1,1,ROUND_TRIP,INR,591,16,1,2814.89,33.78
DOH,BKK,2027-03-24,,SG,ECONOMY,4,1,0,1,ONE_WAY,USD,289,6,10,2001.92,2001.92
CCU,ICN,2027-02-03,2027-02-06,SG,ECONOMY,2,0,0,0,ROUND_TRIP,INR,543,20,5,2282.93,27.4
DEL,ICN,2027-04-15,2027-04-24,GA,ECONOMY,1,0,0,0,ROUND_TRIP,GBP,509,17,1,2679.05,3402.39
AMD,LHR,2026-10-05,,QR,BUSINESS,2,0,0,1,ONE_WAY,USD,555,17,2,7416.41,7416.41
ORD,LAX,2027-04-20,,EY,PREMIUM_ECONOMY,2,0,0,0,ONE_WAY,GBP,365,2,8,2081.01,2642.88
HKG,FCO,2026-08-21,,SG,BUSINESS,1,0,0,1,ONE_WAY,EUR,180,15,18,4141.53,4472.85
SFO,FRA,2027-05-12,,AA,ECONOMY,1,0,0,0,ONE_WAY,GBP,204,16,19,1207.04,1532.94
LHR,SYD,2026-11-16,2026-12-14,BA,BUSINESS,4,1,0,2,ROUND_TRIP,SGD,303,14,19,29840.08,22081.66
NRT,AMD,2026-12-16,,WY,ECONOMY,1,1,0,1,ONE_WAY,EUR,439,5,12,1638.16,1769.21
HKG,SFO,2026-09-09,,UK,BUSINESS,3,1,0,0,ONE_WAY,EUR,62,22,23,8918.18,9631.63
MNL,MEL,2026-10-30,2026-11-19,AI,ECONOMY,1,0,0,0,ROUND_TRIP,USD,330,0,5,1285.98,1285.98
DOH,HYD,2027-03-31,,UA,ECONOMY,1,0,0,0,ONE_WAY,USD,654,17,3,1140.94,1140.94
SYD,SIN,2027-03-14,2027-04-10,MH,ECONOMY,1,0,1,0,ROUND_TRIP,INR,356,6,11,1722.49,20.67
MAA,FRA,2027-05-21,2027-06-01,KL,ECONOMY,1,0,0,1,ROUND_TRIP,USD,197,20,23,831.1,831.1
SFO,MIA,2026-12-31,,MH,ECONOMY,3,0,0,2,ONE_WAY,INR,281,11,15,1681.88,20.18
MNL,ICN,2027-05-03,2027-05-28,LH,ECONOMY,1,0,0,2,ROUND_TRIP,USD,608,6,16,2552.93,2552.93
MAD,ZRH,2026-12-28,2027-01-10,UA,BUSINESS,2,2,0,0,ROUND_TRIP,USD,406,0,6,11544.99,11544.99
MNL,BLR,2026-09-19,,IX,ECONOMY,2,1,0,1,ONE_WAY,EUR,204,12,15,1515.62,1636.87
AMD,DEL,2026-08-29,,QR,ECONOMY,2,0,0,1,ONE_WAY,INR,154,9,11,2038.49,24.46
DOH,BKK,2027-03-13,,WN,BUSINESS,2,0,0,0,ONE_WAY,USD,224,3,6,3152.16,3152.16
DPS,KUL,2027-06-28,2027-07-10,AI,BUSINESS,1,1,0,0,ROUND_TRIP,INR,300,1,6,10630.55,127.57
DPS,MAD,2027-05-07,,EK,ECONOMY,1,0,0,1,ONE_WAY,AED,451,12,19,695.73,189.24
AUH,MEL,2027-02-02,2027-02-15,SG,FIRST,2,1,0,0,ROUND_TRIP,GBP,189,15,18,14129.21,17944.1
MAD,PNQ,2027-07-25,,6E,ECONOMY,1,0,0,2,ONE_WAY,USD,524,2,10,953.28,953.28
JFK,BAH,2027-08-08,,SG,ECONOMY,1,0,0,1,ONE_WAY,INR,601,18,4,478.46,5.74
LHR,MIA,2026-11-19,,WN,FIRST,2,0,0,0,ONE_WAY,USD,118,8,9,2398.37,2398.37
KWI,SIN,2027-03-24,,AI,ECONOMY,1,0,0,1,ONE_WAY,EUR,242,18,22,670.33,723.96
PNQ,NRT,2027-01-17,,IB,BUSINESS,1,0,0,2,ONE_WAY,USD,666,16,3,2369.57,2369.57
FRA,LAX,2026-11-06,2026-11-14,UK,ECONOMY,2,0,0,0,ROUND_TRIP,USD,97,20,21,728.78,728.78
BOM,FCO,2027-01-30,2027-02-28,GF,ECONOMY,1,0,1,1,ROUND_TRIP,GBP,706,14,1,851.7,1081.66
BOM,BLR,2027-02-25,,LX,ECONOMY,3,0,0,0,ONE_WAY,INR,543,20,5,1772.65,21.27
NRT,BAH,2027-04-04,2027-04-22,IB,PREMIUM_ECONOMY,4,0,0,0,ROUND_TRIP,USD,481,12,20,12102.49,12102.49
ORD,BAH,2027-04-12,2027-04-25,GA,ECONOMY,2,0,0,1,ROUND_TRIP,USD,459,10,17,951.49,951.49
DXB,BOM,2027-01-13,,WN,ECONOMY,1,1,0,0,ONE_WAY,USD,272,6,10,1379.06,1379.06
NRT,DXB,2027-05-20,,AF,BUSINESS,4,0,0,1,ONE_WAY,EUR,493,16,0,10569.43,11414.98
DPS,MIA,2026-10-15,,WN,BUSINESS,1,0,0,2,ONE_WAY,EUR,403,17,23,729.79,788.17
CDG,JFK,2027-01-03,2027-01-11,DL,ECONOMY,2,0,0,0,ROUND_TRIP,GBP,596,14,23,4585.95,5824.16
AMS,LAX,2027-04-14,2027-04-25,GA,ECONOMY,2,0,0,0,ROUND_TRIP,USD,389,1,7,5100.6,5100.6
ZRH,CCU,2026-08-29,,WN,ECONOMY,2,0,0,2,ONE_WAY,USD,281,7,11,1450.02,1450.02
PNQ,BOM,2026-11-19,,UA,PREMIUM_ECONOMY,1,1,0,0,ONE_WAY,EUR,403,18,0,3763.13,4064.18
MCT,KWI,2027-07-26,2027-08-23,BA,ECONOMY,4,2,0,1,ROUND_TRIP,INR,403,12,18,3601.21,43.21
CGK,MNL,2026-12-11,,SG,ECONOMY,1,1,0,0,ONE_WAY,EUR,405,7,13,1735.98,1874.86
SYD,MIA,2027-06-24,,EY,BUSINESS,1,1,0,0,ONE_WAY,USD,580,16,1,8847.75,8847.75
MIA,SFO,2026-12-19,,LH,BUSINESS,1,0,0,0,ONE_WAY,EUR,311,8,13,1579.28,1705.62
JFK,MAD,2026-11-12,2026-12-12,UK,ECONOMY,1,0,0,0,ROUND_TRIP,USD,634,16,2,1803.88,1803.88
HKG,DOH,2026-08-27,,UA,ECONOMY,1,0,0,0,ONE_WAY,GBP,503,9,17,1009.73,1282.36
LAX,SFO,2027-01-22,,AA,ECONOMY,4,0,0,0,ONE_WAY,USD,473,4,11,2109.96,2109.96
PNQ,JFK,2026-09-30,,SQ,ECONOMY,3,0,0,2,ONE_WAY,USD,314,20,1,4237.03,4237.03
KWI,MNL,2027-01-29,2027-02-14,IB,BUSINESS,2,0,0,0,ROUND_TRIP,INR,555,19,4,4662.44,55.95
SYD,AMS,2027-06-04,,WY,BUSINESS,1,1,0,2,ONE_WAY,SGD,287,22,2,3682.34,2724.93
ORD,BLR,2027-04-20,,GA,ECONOMY,2,0,0,2,ONE_WAY,USD,288,7,11,843.09,843.09
DXB,LHR,2027-07-17,,WY,PREMIUM_ECONOMY,3,0,0,0,ONE_WAY,INR,242,1,5,2618.64,31.42
ICN,AMS,2027-05-03,,GA,FIRST,1,0,0,1,ONE_WAY,USD,391,19,1,2999.63,2999.63
PNQ,ZRH,2027-03-22,,TG,ECONOMY,3,0,0,0,ONE_WAY,USD,443,4,11,3107.81,3107.81
ICN,SIN,2027-01-06,,GA,PREMIUM_ECONOMY,1,1,0,2,ONE_WAY,AUD,350,22,3,2711.75,1762.64
CDG,AMS,2027-05-15,2027-05-22,PR,ECONOMY,2,1,0,1,ROUND_TRIP,GBP,684,21,8,3076.47,3907.12
BLR,ORD,2027-07-01,2027-07-24,TG,BUSINESS,1,0,0,0,ROUND_TRIP,EUR,75,13,14,5195.45,5611.09
LAX,CGK,2026-12-08,,EY,PREMIUM_ECONOMY,1,0,0,0,ONE_WAY,USD,221,19,22,2540.09,2540.09
FRA,MAD,2026-11-29,,PR,ECONOMY,2,0,1,1,ONE_WAY,USD,419,3,9,913.23,913.23
CGK,MEL,2027-07-04,2027-07-30,LX,ECONOMY,1,0,0,1,ROUND_TRIP,USD,233,20,23,2749.73,2749.73
KWI,DOH,2027-02-25,2027-03-26,AF,ECONOMY,2,0,0,2,ROUND_TRIP,GBP,531,4,12,2316.99,2942.58
ORD,MIA,2027-01-09,,LH,PREMIUM_ECONOMY,3,1,0,1,ONE_WAY,GBP,174,6,8,3191.18,4052.8
BOM,ORD,2027-05-12,,SG,FIRST,1,0,1,1,ONE_WAY,USD,747,0,12,6506.79,6506.79
KWI,NRT,2027-07-03,,QR,PREMIUM_ECONOMY,3,0,0,1,ONE_WAY,USD,674,20,7,6135.33,6135.33
NRT,MAD,2027-07-22,2027-08-04,AF,BUSINESS,3,1,0,1,ROUND_TRIP,INR,451,21,4,28232.98,338.8
MCT,DOH,2027-06-06,,IB,ECONOMY,1,0,0,0,ONE_WAY,GBP,217,17,20,462.58,587.48
HYD,AUH,2026-09-07,2026-09-24,6E,ECONOMY,1,0,0,1,ROUND_TRIP,GBP,268,9,13,1274.51,1618.63
FRA,SYD,2026-12-29,,WY,ECONOMY,1,0,0,1,ONE_WAY,GBP,533,0,8,1674.44,2126.54
CGK,CDG,2026-09-12,,SQ,ECONOMY,2,1,0,0,ONE_WAY,AED,198,6,9,1147.06,312.0
MAA,SFO,2027-07-19,,WN,BUSINESS,1,2,0,0,ONE_WAY,USD,395,13,19,3365.45,3365.45
CGK,MAA,2026-08-26,2026-09-15,AI,ECONOMY,1,0,0,1,ROUND_TRIP,USD,307,7,12,1359.25,1359.25
BAH,DEL,2027-06-01,2027-06-05,SQ,ECONOMY,3,0,0,0,ROUND_TRIP,USD,548,1,10,4510.26,4510.26
MNL,MAD,2027-01-12,,SG,BUSINESS,2,0,0,0,ONE_WAY,USD,274,4,8,3582.08,3582.08
MIA,HKG,2027-02-24,2027-02-28,IX,ECONOMY,3,0,0,0,ROUND_TRIP,USD,410,12,18,3446.15,3446.15
SIN,CGK,2026-09-03,2026-09-07,SQ,ECONOMY,3,0,0,1,ROUND_TRIP,EUR,701,14,1,8801.26,9505.36
FRA,MNL,2027-03-02,2027-03-13,WN,BUSINESS,2,0,0,1,ROUND_TRIP,INR,639,14,0,5303.98,63.65
SIN,JFK,2027-07-01,,UA,PREMIUM_ECONOMY,2,1,0,0,ONE_WAY,USD,222,14,17,4784.25,4784.25
AMS,HKG,2026-12-03,2026-12-29,WN,FIRST,2,0,0,1,ROUND_TRIP,USD,743,15,3,19749.89,19749.89
MAD,SYD,2026-12-27,,MH,BUSINESS,1,0,0,0,ONE_WAY,USD,314,6,11,1244.69,1244.69
KWI,BOM,2026-11-25,,IB,BUSINESS,4,0,0,1,ONE_WAY,USD,283,22,2,13807.11,13807.11
SIN,MAD,2027-07-04,,MH,ECONOMY,1,0,0,0,ONE_WAY,EUR,486,6,14,339.69,366.87
HKG,DOH,2026-09-10,2026-10-08,SG,ECONOMY,4,0,0,1,ROUND_TRIP,AUD,621,23,9,3519.6,2287.74
FRA,MEL,2027-02-18,,SQ,FIRST,2,0,0,0,ONE_WAY,AED,383,16,22,4819.5,1310.9
LHR,BLR,2027-08-08,2027-08-23,AF,FIRST,4,0,0,1,ROUND_TRIP,INR,393,16,22,34033.54,408.4
DEL,DPS,2027-02-18,2027-02-25,AA,BUSINESS,3,2,1,2,ROUND_TRIP,AED,402,2,8,28806.07,7835.25
BAH,KUL,2027-01-18,,UK,ECONOMY,1,0,0,0,ONE_WAY,USD,587,3,12,361.41,361.41
CGK,CDG,2027-02-05,2027-02-13,LH,BUSINESS,2,0,0,2,ROUND_TRIP,EUR,376,10,16,3949.44,4265.4
DPS,MEL,2027-02-27,2027-03-03,SQ,PREMIUM_ECONOMY,1,1,0,0,ROUND_TRIP,INR,542,7,16,6917.67,83.01
DOH,FRA,2026-09-14,2026-10-08,TG,ECONOMY,2,0,0,1,ROUND_TRIP,USD,358,14,19,1450.59,1450.59
AMD,MIA,2027-06-12,2027-06-28,GA,PREMIUM_ECONOMY,1,0,1,0,ROUND_TRIP,USD,346,2,7,3741.16,3741.16
CCU,DFW,2027-04-29,2027-05-26,SQ,FIRST,2,0,0,1,ROUND_TRIP,INR,679,9,20,10034.65,120.42
DPS,BOM,2026-11-20,2026-11-23,KL,ECONOMY,1,0,0,0,ROUND_TRIP,EUR,213,18,21,2494.78,2694.36
BLR,ORD,2027-05-11,,SG,PREMIUM_ECONOMY,1,0,0,0,ONE_WAY,SGD,75,1,2,909.68,673.16
BKK,CDG,2027-05-15,,GF,ECONOMY,1,0,0,0,ONE_WAY,INR,283,15,19,1223.33,14.68
MAD,CDG,2027-01-15,,AI,PREMIUM_ECONOMY,2,0,0,0,ONE_WAY,USD,513,16,0,3048.91,3048.91
KWI,LAX,2027-02-23,,UK,ECONOMY,1,0,0,1,ONE_WAY,INR,395,4,10,361.41,4.34
CGK,MCT,2027-04-09,2027-04-24,QR,ECONOMY,1,0,1,1,ROUND_TRIP,USD,567,12,21,2586.15,2586.15
AMD,KUL,2027-06-22,2027-07-07,GA,ECONOMY,1,0,0,0,ROUND_TRIP,EUR,453,16,23,3159.96,3412.76
JFK,PNQ,2027-05-24,,KL,ECONOMY,1,0,0,0,ONE_WAY,USD,476,9,16,1054.53,1054.53
ZRH,DEL,2027-03-16,2027-03-28,SQ,ECONOMY,2,1,1,1,ROUND_TRIP,EUR,434,17,0,8274.25,8936.19
NRT,FCO,2027-02-09,2027-03-03,UK,ECONOMY,1,0,0,0,ROUND_TRIP,USD,615,9,19,667.5,667.5
DXB,AMS,2027-02-16,2027-03-16,LH,ECONOMY,2,0,0,1,ROUND_TRIP,INR,309,7,12,5519.85,66.24
AMD,HKG,2026-10-08,,KL,PREMIUM_ECONOMY,3,0,0,1,ONE_WAY,EUR,617,1,11,1506.01,1626.49
KUL,LHR,2027-01-21,2027-02-09,DL,PREMIUM_ECONOMY,1,0,0,0,ROUND_TRIP,USD,533,8,16,4883.59,4883.59
SYD,DEL,2027-02-27,,TG,ECONOMY,3,2,0,2,ONE_WAY,USD,442,20,3,3489.18,3489.18
DEL,PNQ,2026-08-28,,TG,ECONOMY,4,0,0,1,ONE_WAY,EUR,632,17,3,4302.34,4646.53
DOH,KWI,2027-01-12,2027-01-16,DL,PREMIUM_ECONOMY,1,0,0,1,ROUND_TRIP,USD,743,4,16,3029.6,3029.6
FRA,JFK,2027-02-27,2027-03-12,IX,BUSINESS,4,0,1,0,ROUND_TRIP,EUR,328,13,18,9468.61,10226.1
SFO,HYD,2026-08-20,,AI,ECONOMY,2,0,0,1,ONE_WAY,EUR,737,0,12,4410.27,4763.09
BAH,CGK,2027-07-01,2027-07-08,UA,ECONOMY,2,0,0,1,ROUND_TRIP,AED,737,1,13,6846.42,1862.23
BAH,DEL,2026-11-26,2026-12-26,IB,ECONOMY,3,0,0,2,ROUND_TRIP,EUR,742,22,10,2404.58,2596.95
MIA,DOH,2026-08-15,,UK,ECONOMY,2,2,1,0,ONE_WAY,AED,296,21,1,3933.31,1069.86
DXB,CGK,2027-05-27,2027-06-12,GA,ECONOMY,2,0,0,0,ROUND_TRIP,INR,605,6,16,4055.28,48.66
FCO,DOH,2027-06-25,,MH,BUSINESS,3,1,0,1,ONE_WAY,EUR,534,10,18,5990.31,6469.53
CCU,BLR,2026-10-29,2026-11-17,WN,ECONOMY,1,0,0,0,ROUND_TRIP,USD,141,20,22,1527.24,1527.24
NRT,AMD,2027-07-05,2027-07-12,KL,ECONOMY,4,0,0,0,ROUND_TRIP,USD,377,18,0,8095.35,8095.35
CCU,MAD,2026-09-16,2026-10-02,GA,ECONOMY,2,0,0,1,ROUND_TRIP,USD,637,14,0,3549.61,3549.61
HYD,BAH,2027-05-18,2027-05-23,IB,ECONOMY,2,0,0,0,ROUND_TRIP,GBP,561,2,11,1652.49,2098.66
PNQ,MNL,2026-09-05,,SQ,ECONOMY,1,1,0,0,ONE_WAY,INR,164,18,20,1781.92,21.38
NRT,MIA,2027-07-06,2027-07-30,LH,PREMIUM_ECONOMY,1,0,0,0,ROUND_TRIP,AUD,201,0,3,4370.05,2840.53
KUL,BOM,2027-07-31,,SG,ECONOMY,4,0,1,1,ONE_WAY,AED,649,4,14,3064.35,833.5
LAX,DFW,2027-02-03,,SQ,ECONOMY,1,1,0,0,ONE_WAY,GBP,596,22,7,838.84,1065.33
SYD,PNQ,2027-04-18,,IX,BUSINESS,2,0,0,1,ONE_WAY,USD,431,21,4,5086.39,5086.39
LAX,PNQ,2027-06-28,,DL,PREMIUM_ECONOMY,3,0,0,1,ONE_WAY,GBP,423,11,18,7067.23,8975.38
CGK,HKG,2027-07-31,,EK,BUSINESS,1,0,0,0,ONE_WAY,EUR,522,17,1,1595.26,1722.88
ICN,BOM,2027-01-18,2027-02-10,WN,ECONOMY,2,1,0,1,ROUND_TRIP,USD,521,21,5,3895.51,3895.51
HKG,DEL,2027-02-06,,WY,BUSINESS,1,0,0,1,ONE_WAY,GBP,371,14,20,2122.82,2695.98
SIN,MEL,2027-02-07,,PR,PREMIUM_ECONOMY,1,0,0,1,ONE_WAY,EUR,425,4,11,1662.41,1795.4
HKG,SFO,2027-04-27,,UA,ECONOMY,1,2,0,0,ONE_WAY,EUR,62,15,16,2364.79,2553.97
HKG,CGK,2026-12-14,,UK,ECONOMY,1,0,0,1,ONE_WAY,USD,727,9,21,1646.42,1646.42
HKG,LAX,2027-08-06,2027-08-18,IX,ECONOMY,1,0,0,0,ROUND_TRIP,AUD,393,11,17,2256.03,1466.42
MCT,BAH,2026-10-14,2026-10-23,LX,ECONOMY,1,0,0,0,ROUND_TRIP,USD,585,17,2,1261.26,1261.26
BKK,ORD,2027-07-11,,SQ,PREMIUM_ECONOMY,1,0,0,0,ONE_WAY,USD,204,4,7,993.81,993.81
KUL,CGK,2026-11-21,,GA,ECONOMY,2,0,0,1,ONE_WAY,AED,130,12,14,1584.88,431.09
FRA,SYD,2027-03-14,2027-04-04,WN,FIRST,2,0,1,0,ROUND_TRIP,EUR,430,8,15,24295.94,26239.62
FCO,MNL,2027-08-07,,AF,PREMIUM_ECONOMY,2,0,0,1,ONE_WAY,EUR,274,16,20,1648.18,1780.03
CGK,KUL,2027-07-04,2027-07-17,AF,ECONOMY,1,0,0,1,ROUND_TRIP,EUR,221,5,8,708.98,765.7
MEL,HYD,2027-04-21,2027-05-03,SQ,BUSINESS,1,2,0,0,ROUND_TRIP,USD,154,1,3,10663.6,10663.6
ICN,FCO,2026-10-01,,BA,PREMIUM_ECONOMY,1,0,0,2,ONE_WAY,SGD,296,20,0,1160.05,858.44
HYD,HKG,2026-10-08,2026-10-16,AA,ECONOMY,2,0,0,2,ROUND_TRIP,USD,664,23,10,3561.65,3561.65
FRA,JFK,2027-01-24,,DL,PREMIUM_ECONOMY,2,0,0,0,ONE_WAY,INR,328,15,20,2211.24,26.53
KWI,CGK,2027-04-24,,WY,BUSINESS,1,0,0,0,ONE_WAY,AED,495,22,6,1669.25,454.04
AUH,LHR,2027-07-03,2027-08-02,UK,ECONOMY,1,1,0,0,ROUND_TRIP,SGD,190,15,18,3712.72,2747.41
MCT,LHR,2027-02-17,,WY,PREMIUM_ECONOMY,4,1,1,0,ONE_WAY,GBP,626,12,22,5709.52,7251.09
MAA,SFO,2026-09-28,2026-10-09,SQ,ECONOMY,1,1,0,0,ROUND_TRIP,GBP,395,21,3,1627.71,2067.19
LAX,AMD,2027-01-20,,LX,ECONOMY,2,0,0,1,ONE_WAY,USD,415,17,23,2344.85,2344.85
DOH,MIA,2026-11-08,2026-11-19,6E,PREMIUM_ECONOMY,4,0,0,0,ROUND_TRIP,INR,307,1,6,2343.93,28.13
ORD,CDG,2027-05-12,2027-06-03,6E,BUSINESS,4,0,0,0,ROUND_TRIP,SGD,223,4,7,13434.25,9941.34
ORD,DOH,2026-12-07,,EY,ECONOMY,1,0,1,2,ONE_WAY,USD,722,7,19,1087.02,1087.02
CDG,NRT,2027-01-13,,LH,ECONOMY,2,1,0,1,ONE_WAY,INR,703,16,3,1382.95,16.6
DFW,MEL,2027-05-09,,6E,ECONOMY,2,0,0,0,ONE_WAY,USD,550,0,9,1621.32,1621.32
DXB,SFO,2027-04-03,2027-05-01,SQ,ECONOMY,1,0,1,0,ROUND_TRIP,USD,389,10,16,2012.65,2012.65
JFK,SIN,2027-03-05,,TG,BUSINESS,2,0,1,0,ONE_WAY,USD,503,10,18,4186.3,4186.3
MNL,DXB,2026-10-06,,EK,ECONOMY,1,0,0,0,ONE_WAY,USD,185,1,4,1104.98,1104.98
SIN,DPS,2026-09-29,,LX,BUSINESS,1,0,0,1,ONE_WAY,INR,295,9,13,2453.13,29.44
AUH,MEL,2026-12-30,2027-01-02,AF,ECONOMY,2,0,1,1,ROUND_TRIP,USD,298,22,2,4566.7,4566.7
DXB,FCO,2026-10-20,,BA,ECONOMY,1,0,0,0,ONE_WAY,INR,385,22,4,700.41,8.4
DXB,KUL,2027-04-21,,AA,BUSINESS,1,0,0,1,ONE_WAY,GBP,329,18,23,3913.93,4970.69
LHR,LAX,2027-01-04,2027-01-30,QR,BUSINESS,1,2,1,0,ROUND_TRIP,AUD,452,22,5,9716.26,6315.57
DFW,MAD,2026-12-02,,6E,BUSINESS,3,1,0,2,ONE_WAY,SGD,450,12,19,3671.99,2717.27
AMS,DEL,2026-10-18,2026-11-05,UA,ECONOMY,1,0,1,0,ROUND_TRIP,USD,241,6,10,2551.89,2551.89
SIN,MNL,2027-01-25,,GA,ECONOMY,3,0,0,0,ONE_WAY,INR,147,19,21,1798.42,21.58
ICN,DPS,2026-11-01,2026-11-06,LX,PREMIUM_ECONOMY,2,0,0,2,ROUND_TRIP,USD,240,8,12,1150.71,1150.71
KWI,DOH,2026-11-05,,AA,BUSINESS,1,0,1,0,ONE_WAY,INR,299,6,10,2900.11,34.8
BOM,MIA,2027-07-31,,IX,ECONOMY,2,2,0,0,ONE_WAY,EUR,575,3,12,1286.36,1389.27
JFK,DOH,2027-05-31,,EK,ECONOMY,1,0,0,1,ONE_WAY,INR,547,7,16,989.38,11.87
LHR,ORD,2026-10-10,2026-10-24,6E,ECONOMY,2,0,0,1,ROUND_TRIP,GBP,459,6,13,1778.73,2258.99
LHR,MCT,2027-06-22,,MH,ECONOMY,1,0,0,1,ONE_WAY,SGD,442,0,7,695.75,514.86
CDG,HYD,2027-02-06,,DL,PREMIUM_ECONOMY,1,0,0,2,ONE_WAY,EUR,679,15,2,2031.49,2194.01
BAH,DEL,2027-01-13,2027-01-28,AI,ECONOMY,1,0,0,1,ROUND_TRIP,AED,637,21,7,1237.36,336.56
MAD,CGK,2027-02-24,,GA,PREMIUM_ECONOMY,1,0,0,2,ONE_WAY,INR,692,11,22,1035.43,12.43
MEL,DXB,2027-07-26,,TG,BUSINESS,4,0,0,1,ONE_WAY,SGD,500,21,5,5937.08,4393.44
FRA,AMD,2026-09-19,,UK,PREMIUM_ECONOMY,1,1,0,0,ONE_WAY,INR,624,4,14,1548.03,18.58
HKG,BOM,2026-11-24,2026-12-10,SQ,BUSINESS,2,0,0,0,ROUND_TRIP,SGD,130,8,10,9587.74,7094.93
MAD,JFK,2027-03-10,2027-04-02,PR,ECONOMY,1,1,0,0,ROUND_TRIP,USD,444,2,9,1540.18,1540.18
BLR,LHR,2027-07-26,,LX,ECONOMY,1,1,0,0,ONE_WAY,INR,209,13,16,2541.63,30.5
CDG,BOM,2027-02-16,2027-02-24,WN,BUSINESS,4,0,1,0,ROUND_TRIP,USD,308,23,4,21982.74,21982.74
BKK,MAD,2027-07-01,,IB,ECONOMY,2,0,0,1,ONE_WAY,EUR,543,7,16,556.74,601.28
KUL,BOM,2027-01-09,2027-01-28,IB,ECONOMY,2,0,0,1,ROUND_TRIP,INR,630,0,10,2801.75,33.62
DXB,AMD,2026-09-10,,UK,PREMIUM_ECONOMY,2,0,0,0,ONE_WAY,INR,402,21,3,2635.37,31.62
BLR,KUL,2027-06-01,2027-06-23,EK,PREMIUM_ECONOMY,3,2,0,0,ROUND_TRIP,INR,304,6,11,18733.86,224.81
BLR,AMS,2027-02-08,,SG,ECONOMY,3,0,0,0,ONE_WAY,USD,481,11,19,1896.32,1896.32
DEL,LHR,2027-02-13,,SG,ECONOMY,1,0,0,1,ONE_WAY,EUR,232,20,23,622.93,672.76
LHR,ORD,2026-11-01,,SG,ECONOMY,1,0,0,0,ONE_WAY,USD,345,2,7,607.96,607.96
LHR,SYD,2026-10-02,2026-10-13,AF,ECONOMY,1,1,0,1,ROUND_TRIP,USD,209,6,9,2761.03,2761.03
PNQ,HYD,2027-01-23,2027-02-06,AF,ECONOMY,1,0,0,1,ROUND_TRIP,SGD,520,6,14,1006.26,744.63
HYD,HKG,2027-01-17,,EY,ECONOMY,1,0,0,1,ONE_WAY,USD,626,10,20,1023.42,1023.42
BOM,MEL,2026-12-12,2026-12-28,AA,ECONOMY,1,0,0,2,ROUND_TRIP,INR,694,1,12,2566.96,30.8
DEL,DPS,2026-08-27,2026-09-24,QR,BUSINESS,1,1,0,1,ROUND_TRIP,EUR,339,19,0,22477.89,24276.12
BKK,PNQ,2026-09-22,2026-10-05,DL,ECONOMY,1,0,0,0,ROUND_TRIP,INR,329,22,3,1017.87,12.21
FRA,AUH,2027-04-16,,LH,ECONOMY,3,0,0,1,ONE_WAY,INR,662,7,18,5049.04,60.59
MIA,BKK,2027-08-06,2027-08-23,WY,ECONOMY,1,1,0,1,ROUND_TRIP,USD,493,4,12,2244.67,2244.67
AMS,BAH,2026-08-19,,AI,PREMIUM_ECONOMY,2,0,0,1,ONE_WAY,EUR,396,15,21,1503.41,1623.68
FRA,BLR,2026-10-02,,AA,PREMIUM_ECONOMY,2,1,0,1,ONE_WAY,USD,248,11,15,4128.9,4128.9
MEL,KWI,2026-09-25,2026-10-12,6E,ECONOMY,1,1,0,0,ROUND_TRIP,INR,123,4,6,2169.69,26.04
PNQ,AUH,2026-10-09,2026-10-14,AF,PREMIUM_ECONOMY,2,2,0,1,ROUND_TRIP,USD,184,0,3,4452.45,4452.45
AMS,DEL,2027-04-18,,TG,ECONOMY,2,0,1,0,ONE_WAY,EUR,241,6,10,2037.11,2200.08
SFO,LHR,2027-04-23,2027-05-09,EY,ECONOMY,1,0,0,1,ROUND_TRIP,GBP,517,0,8,1716.09,2179.43
JFK,ORD,2026-09-05,,AI,ECONOMY,3,0,0,1,ONE_WAY,USD,202,13,16,726.56,726.56
DPS,HKG,2027-01-08,2027-02-04,6E,ECONOMY,1,0,0,1,ROUND_TRIP,USD,375,2,8,1437.76,1437.76
DXB,AMS,2026-09-04,,EY,ECONOMY,2,0,0,1,ONE_WAY,USD,315,14,19,2691.22,2691.22
HKG,PNQ,2026-10-21,,GA,BUSINESS,1,0,0,0,ONE_WAY,AED,612,2,12,1395.27,379.51
BKK,AMS,2027-08-03,2027-08-27,DL,BUSINESS,2,0,0,0,ROUND_TRIP,AUD,522,1,9,22345.75,14524.74
BAH,AMD,2027-05-16,,BA,BUSINESS,3,1,0,0,ONE_WAY,SGD,141,7,9,5095.67,3770.8
SYD,MIA,2027-03-04,2027-03-22,6E,BUSINESS,1,0,0,2,ROUND_TRIP,USD,808,11,0,5981.78,5981.78
MAA,JFK,2026-10-06,2026-10-14,QR,ECONOMY,1,0,0,0,ROUND_TRIP,AUD,218,1,4,2067.52,1343.89
ICN,HYD,2026-08-16,,PR,BUSINESS,1,0,0,1,ONE_WAY,EUR,217,16,19,3060.61,3305.46
AMD,SFO,2026-10-11,2026-10-26,AI,ECONOMY,1,1,0,1,ROUND_TRIP,EUR,292,12,16,1070.44,1156.08
MEL,BOM,2027-07-23,,LX,BUSINESS,2,0,0,0,ONE_WAY,USD,332,22,3,6520.69,6520.69
SIN,AUH,2027-07-11,2027-08-08,IX,PREMIUM_ECONOMY,3,0,0,0,ROUND_TRIP,GBP,209,1,4,9804.89,12452.21
DFW,BOM,2026-09-29,,GA,BUSINESS,2,0,0,0,ONE_WAY,USD,307,22,3,3016.38,3016.38
HKG,MIA,2026-11-19,2026-12-11,WY,BUSINESS,3,0,0,0,ROUND_TRIP,AED,275,2,6,19261.11,5239.02
HYD,BAH,2026-12-06,2026-12-30,QR,ECONOMY,2,0,0,1,ROUND_TRIP,EUR,670,21,8,2186.41,2361.32
HYD,MAA,2027-05-11,,AA,ECONOMY,1,0,0,0,ONE_WAY,INR,68,22,23,497.49,5.97
FRA,KWI,2026-11-02,,MH,ECONOMY,2,0,0,1,ONE_WAY,USD,440,6,13,1978.01,1978.01
CCU,JFK,2027-05-08,2027-05-30,SG,BUSINESS,2,0,0,0,ROUND_TRIP,USD,470,13,20,8082.56,8082.56
CCU,BOM,2026-10-19,,AF,BUSINESS,3,0,0,1,ONE_WAY,USD,488,23,7,6669.26,6669.26
DXB,DPS,2027-02-02,,EY,ECONOMY,3,0,0,0,ONE_WAY,INR,514,0,8,2719.02,32.63
LHR,DPS,2026-08-25,,UA,ECONOMY,2,0,1,0,ONE_WAY,AED,456,16,23,4701.86,1278.91
NRT,MIA,2026-09-22,2026-10-06,6E,ECONOMY,4,0,0,2,ROUND_TRIP,INR,439,21,4,5080.15,60.96
BAH,BOM,2027-04-25,2027-05-14,LX,ECONOMY,1,0,0,1,ROUND_TRIP,INR,430,13,20,1444.51,17.33
HKG,LHR,2026-12-20,,QR,BUSINESS,1,0,0,1,ONE_WAY,USD,722,11,23,2717.53,2717.53
CCU,NRT,2027-02-09,,EY,ECONOMY,1,0,1,0,ONE_WAY,EUR,655,0,10,1336.91,1443.86
NRT,DXB,2027-03-30,2027-04-16,6E,BUSINESS,1,1,0,1,ROUND_TRIP,INR,487,10,18,4445.89,53.35
DEL,BLR,2026-09-13,2026-10-06,PR,ECONOMY,2,1,0,1,ROUND_TRIP,USD,260,7,11,2677.03,2677.03
DFW,MAA,2026-12-06,,WY,ECONOMY,4,1,0,1,ONE_WAY,USD,611,4,14,3209.78,3209.78
ZRH,BKK,2027-07-14,2027-07-24,KL,PREMIUM_ECONOMY,2,1,0,1,ROUND_TRIP,EUR,667,13,0,6063.47,6548.55
NRT,DOH,2027-03-02,,MH,ECONOMY,1,1,0,2,ONE_WAY,EUR,500,0,8,1228.3,1326.56
MNL,FRA,2027-03-13,,PR,ECONOMY,2,0,0,0,ONE_WAY,USD,263,21,1,455.29,455.29
JFK,BKK,2026-10-21,,IX,ECONOMY,2,0,0,0,ONE_WAY,INR,367,7,13,435.26,5.22
CGK,PNQ,2026-11-05,2026-11-21,GF,ECONOMY,2,0,0,1,ROUND_TRIP,EUR,541,11,20,1600.79,1728.85
JFK,KWI,2026-12-24,2026-12-27,DL,ECONOMY,1,0,0,0,ROUND_TRIP,EUR,431,7,14,2164.82,2338.01
FCO,NRT,2027-07-01,2027-07-09,PR,FIRST,1,0,0,1,ROUND_TRIP,GBP,724,5,17,16347.42,20761.22
BKK,HYD,2027-08-11,,BA,ECONOMY,1,1,0,1,ONE_WAY,AED,148,0,2,1089.44,296.33
SYD,KUL,2026-10-28,2026-11-27,AF,BUSINESS,1,0,0,1,ROUND_TRIP,USD,269,16,20,3954.57,3954.57
NRT,LHR,2026-12-14,2027-01-03,WY,PREMIUM_ECONOMY,1,1,0,1,ROUND_TRIP,USD,685,10,21,4977.27,4977.27
AMS,KWI,2027-03-19,2027-04-07,WY,ECONOMY,1,1,0,0,ROUND_TRIP,AUD,106,16,17,3220.59,2093.38
SYD,HYD,2027-03-26,,UA,PREMIUM_ECONOMY,3,2,0,0,ONE_WAY,AED,413,14,20,2773.69,754.44
PNQ,ORD,2027-03-08,,IB,ECONOMY,2,0,0,1,ONE_WAY,INR,534,5,13,2229.54,26.75
CGK,CCU,2027-06-01,2027-06-26,QR,PREMIUM_ECONOMY,1,0,1,2,ROUND_TRIP,USD,662,3,14,5235.04,5235.04
SIN,SFO,2027-06-05,,PR,PREMIUM_ECONOMY,2,0,0,1,ONE_WAY,USD,411,20,2,2892.55,2892.55
MIA,KWI,2027-03-09,,GA,ECONOMY,2,0,0,0,ONE_WAY,USD,179,20,22,705.68,705.68
SYD,SIN,2027-02-13,2027-03-02,IB,ECONOMY,3,0,0,1,ROUND_TRIP,USD,425,19,2,3684.26,3684.26
FRA,LAX,2027-05-06,,WY,ECONOMY,3,0,0,2,ONE_WAY,INR,325,5,10,738.11,8.86
PNQ,DPS,2027-03-20,,BA,ECONOMY,1,1,0,1,ONE_WAY,GBP,713,21,8,2952.84,3750.11
BAH,PNQ,2027-01-12,2027-01-20,EY,ECONOMY,1,0,0,1,ROUND_TRIP,AED,709,11,22,2584.21,702.91
ORD,CDG,2027-01-14,2027-02-08,QR,PREMIUM_ECONOMY,1,1,0,0,ROUND_TRIP,INR,223,12,15,4292.96,51.52
ZRH,MAA,2026-10-01,2026-10-26,GF,ECONOMY,2,1,0,0,ROUND_TRIP,USD,380,15,21,4696.53,4696.53
DXB,DFW,2026-11-20,,UA,ECONOMY,3,0,0,0,ONE_WAY,AED,423,12,19,3117.88,848.06
CGK,NRT,2027-07-22,2027-08-03,AA,PREMIUM_ECONOMY,2,0,0,1,ROUND_TRIP,USD,483,23,7,7063.2,7063.2
PNQ,BOM,2027-07-04,2027-07-07,TG,ECONOMY,2,1,0,1,ROUND_TRIP,INR,515,12,20,6018.53,72.22
BOM,MAD,2026-11-11,2026-11-22,IX,BUSINESS,2,0,0,1,ROUND_TRIP,USD,175,14,16,8650.63,8650.63
JFK,BLR,2026-10-13,,KL,PREMIUM_ECONOMY,1,0,0,1,ONE_WAY,AED,711,3,14,1046.6,284.68
BOM,LHR,2026-09-03,2026-09-09,AA,ECONOMY,2,1,0,1,ROUND_TRIP,EUR,566,11,20,9188.09,9923.14
ORD,LAX,2026-08-31,,GF,ECONOMY,4,0,0,0,ONE_WAY,EUR,365,7,13,3159.07,3411.8
FCO,BOM,2026-11-24,,AI,BUSINESS,1,0,0,1,ONE_WAY,AUD,263,3,7,3715.7,2415.2
CDG,SIN,2026-12-28,,AI,BUSINESS,1,1,0,2,ONE_WAY,USD,276,18,22,7209.24,7209.24
DXB,DPS,2027-07-16,,SG,BUSINESS,1,0,1,2,ONE_WAY,INR,710,1,12,3160.51,37.93
MAD,MAA,2027-01-15,,LX,PREMIUM_ECONOMY,1,2,0,2,ONE_WAY,GBP,546,17,2,2892.49,3673.46
MCT,SFO,2026-09-25,2026-10-08,AI,BUSINESS,4,0,0,0,ROUND_TRIP,AED,280,21,1,17755.66,4829.54
DFW,MAD,2026-09-13,,EY,PREMIUM_ECONOMY,1,0,0,0,ONE_WAY,INR,322,0,5,474.33,5.69
DPS,SFO,2026-11-13,,6E,BUSINESS,3,2,0,0,ONE_WAY,USD,520,11,19,11399.49,11399.49
SYD,ICN,2027-04-24,2027-04-28,GA,BUSINESS,4,0,0,2,ROUND_TRIP,GBP,348,8,13,14087.72,17891.4
AMS,MEL,2026-08-30,,MH,ECONOMY,2,0,0,1,ONE_WAY,AUD,526,10,18,2333.6,1516.84
MAD,AMD,2027-06-06,2027-06-11,SG,BUSINESS,2,0,0,1,ROUND_TRIP,USD,567,22,7,6153.49,6153.49
MIA,HKG,2027-07-26,2027-08-14,IB,PREMIUM_ECONOMY,1,0,0,1,ROUND_TRIP,GBP,503,12,20,3082.18,3914.37
BAH,AMS,2027-05-17,,IX,ECONOMY,2,0,1,0,ONE_WAY,INR,586,20,5,1179.68,14.16
CGK,NRT,2026-09-25,2026-10-02,EY,PREMIUM_ECONOMY,1,0,0,0,ROUND_TRIP,EUR,404,1,7,2952.14,3188.31
SFO,DPS,2026-11-18,,SQ,PREMIUM_ECONOMY,1,0,0,1,ONE_WAY,USD,292,8,12,1546.61,1546.61
DPS,LAX,2027-08-12,2027-08-27,MH,PREMIUM_ECONOMY,1,0,0,1,ROUND_TRIP,USD,300,2,7,3692.42,3692.42
AMS,NRT,2027-04-30,2027-05-06,LH,ECONOMY,2,1,0,1,ROUND_TRIP,INR,418,0,6,2871.9,34.46
DPS,MAD,2026-09-23,,TG,ECONOMY,2,0,0,0,ONE_WAY,AED,378,8,14,1214.0,330.21
MEL,ICN,2026-10-08,2026-10-26,IB,ECONOMY,1,0,0,1,ROUND_TRIP,USD,542,13,22,1630.52,1630.52
PNQ,AMD,2026-10-22,,GF,ECONOMY,2,0,0,2,ONE_WAY,USD,279,21,1,1133.11,1133.11
DFW,SIN,2026-11-28,,MH,ECONOMY,3,0,0,0,ONE_WAY,AED,250,7,11,3665.9,997.12
BOM,DXB,2026-11-17,2026-11-27,KL,ECONOMY,1,2,0,2,ROUND_TRIP,USD,425,17,0,3672.26,3672.26
BAH,MIA,2027-04-20,,AA,ECONOMY,1,0,0,0,ONE_WAY,USD,620,8,18,658.36,658.36
BLR,JFK,2027-06-24,2027-07-21,EY,ECONOMY,2,0,0,0,ROUND_TRIP,INR,384,23,5,2695.35,32.34
SIN,SYD,2027-01-07,,QR,ECONOMY,1,0,0,0,ONE_WAY,EUR,189,3,6,1450.56,1566.6
ORD,CCU,2026-09-29,2026-10-19,LH,PREMIUM_ECONOMY,2,1,0,0,ROUND_TRIP,EUR,584,9,18,5368.11,5797.56
ORD,DOH,2026-12-27,,WN,ECONOMY,1,0,0,0,ONE_WAY,USD,560,16,1,1089.75,1089.75
DOH,DPS,2027-01-21,,UA,ECONOMY,2,0,0,0,ONE_WAY,AED,586,3,12,2433.11,661.81
AUH,HYD,2027-02-24,2027-03-03,GF,PREMIUM_ECONOMY,1,2,0,0,ROUND_TRIP,EUR,658,23,9,3261.9,3522.85
LHR,BLR,2027-03-19,,EY,ECONOMY,1,0,0,0,ONE_WAY,INR,327,9,14,510.09,6.12
CDG,CGK,2026-10-21,2026-11-08,SQ,ECONOMY,4,0,0,1,ROUND_TRIP,GBP,182,15,18,9143.05,11611.67
DXB,BKK,2027-04-01,2027-04-26,6E,PREMIUM_ECONOMY,4,0,0,2,ROUND_TRIP,USD,779,5,17,3461.51,3461.51
FCO,MAA,2027-08-07,,SG,ECONOMY,1,0,0,1,ONE_WAY,EUR,557,14,23,1114.58,1203.75
MIA,BAH,2027-01-21,,EY,ECONOMY,1,2,0,0,ONE_WAY,SGD,245,1,5,2359.81,1746.26
KWI,DXB,2026-10-25,,6E,ECONOMY,3,1,1,1,ONE_WAY,INR,697,4,15,3566.17,42.79
ORD,DPS,2026-10-10,2026-10-26,GA,ECONOMY,1,0,0,0,ROUND_TRIP,AED,246,2,6,815.9,221.92
CGK,FCO,2027-06-06,2027-06-19,TG,ECONOMY,1,0,0,1,ROUND_TRIP,EUR,402,2,8,515.15,556.36
PNQ,DXB,2027-02-18,2027-03-09,LH,ECONOMY,2,2,0,0,ROUND_TRIP,USD,504,12,20,5555.65,5555.65
MCT,SFO,2026-11-27,,EK,PREMIUM_ECONOMY,2,2,0,1,ONE_WAY,INR,344,14,19,5061.73,60.74
AMS,CGK,2026-09-17,,SQ,ECONOMY,2,0,0,1,ONE_WAY,USD,663,15,2,898.72,898.72
BLR,MAA,2027-06-21,2027-07-20,IX,PREMIUM_ECONOMY,2,0,0,0,ROUND_TRIP,INR,450,6,13,2742.22,32.91
DFW,BKK,2027-03-10,,6E,ECONOMY,4,0,0,1,ONE_WAY,USD,430,2,9,2254.49,2254.49
BKK,LHR,2027-04-07,,GF,BUSINESS,1,0,0,1,ONE_WAY,EUR,550,7,16,3288.93,3552.04
CDG,AMD,2026-12-01,2026-12-29,SQ,ECONOMY,1,0,0,0,ROUND_TRIP,EUR,642,10,20,2049.75,2213.73
LAX,JFK,2027-03-28,,TG,ECONOMY,2,0,0,1,ONE_WAY,INR,578,20,5,507.16,6.09
FCO,DFW,2027-04-12,,BA,FIRST,1,0,1,0,ONE_WAY,USD,137,5,7,3774.66,3774.66
KWI,DPS,2027-06-30,,SQ,ECONOMY,1,0,0,1,ONE_WAY,GBP,559,5,14,1298.99,1649.72
AMD,HKG,2026-12-30,,LX,ECONOMY,1,0,0,0,ONE_WAY,EUR,516,6,14,404.55,436.91
DXB,DOH,2027-02-22,,AI,ECONOMY,1,2,0,1,ONE_WAY,USD,516,10,18,3362.42,3362.42
BLR,PNQ,2026-09-11,,GA,ECONOMY,1,2,0,0,ONE_WAY,USD,568,18,3,1256.43,1256.43
MEL,JFK,2026-09-04,2026-09-19,AF,PREMIUM_ECONOMY,1,0,0,1,ROUND_TRIP,USD,662,18,5,4962.74,4962.74
PNQ,LAX,2026-08-27,,UA,ECONOMY,1,0,1,0,ONE_WAY,USD,533,1,9,677.08,677.08
ICN,DPS,2027-02-15,2027-02-21,AF,ECONOMY,4,0,0,0,ROUND_TRIP,USD,66,22,23,1578.47,1578.47
KUL,ZRH,2026-12-11,,UK,PREMIUM_ECONOMY,3,0,0,1,ONE_WAY,INR,287,2,6,4821.56,57.86
AMS,KWI,2026-11-08,2026-11-16,EK,ECONOMY,1,1,0,1,ROUND_TRIP,AED,201,4,7,4833.83,1314.8
KUL,FRA,2026-11-06,2026-11-26,WN,BUSINESS,2,0,0,2,ROUND_TRIP,USD,345,23,4,3139.03,3139.03
MIA,MNL,2026-11-27,,TG,BUSINESS,2,1,0,0,ONE_WAY,USD,646,1,11,13784.33,13784.33
LAX,KWI,2027-04-23,,TG,BUSINESS,1,2,0,0,ONE_WAY,USD,122,10,12,7412.09,7412.09
BOM,SFO,2026-10-09,,SQ,ECONOMY,2,0,0,0,ONE_WAY,USD,503,22,6,2066.76,2066.76
SFO,AMD,2027-04-11,,AF,PREMIUM_ECONOMY,1,0,0,1,ONE_WAY,GBP,429,1,8,1190.15,1511.49
DFW,MAA,2027-06-22,2027-07-22,GA,ECONOMY,1,0,0,0,ROUND_TRIP,INR,512,13,21,1287.25,15.45
ORD,FRA,2027-07-18,2027-08-03,GF,ECONOMY,1,0,0,0,ROUND_TRIP,INR,357,14,19,2365.53,28.39
MCT,JFK,2026-12-29,2027-01-25,KL,BUSINESS,1,0,0,0,ROUND_TRIP,USD,203,10,13,4512.23,4512.23
MIA,DEL,2027-03-03,2027-03-29,GF,ECONOMY,1,0,0,1,ROUND_TRIP,USD,322,7,12,1195.0,1195.0
MNL,MAA,2026-11-13,2026-12-11,PR,ECONOMY,1,0,0,1,ROUND_TRIP,EUR,386,18,0,459.15,495.88
MIA,MAD,2027-03-28,,IX,BUSINESS,1,0,0,0,ONE_WAY,INR,637,10,20,3663.87,43.97
DFW,CCU,2027-05-07,2027-06-06,LX,ECONOMY,2,1,1,1,ROUND_TRIP,USD,276,7,11,4523.82,4523.82
SIN,DEL,2027-04-12,,LX,ECONOMY,1,0,0,1,ONE_WAY,AUD,301,16,21,354.99,230.74
LAX,DPS,2027-02-19,,EK,BUSINESS,2,0,1,1,ONE_WAY,EUR,452,13,20,6964.87,7522.06
CDG,BLR,2026-08-22,2026-09-02,AI,ECONOMY,1,0,0,1,ROUND_TRIP,EUR,635,15,1,3148.16,3400.01
HYD,FRA,2027-04-26,,QR,ECONOMY,1,1,0,1,ONE_WAY,USD,443,18,1,2327.84,2327.84
DPS,KWI,2027-04-26,,SQ,ECONOMY,2,0,0,0,ONE_WAY,INR,365,13,19,3522.08,42.26
CDG,SFO,2027-05-04,2027-05-09,GA,ECONOMY,2,0,0,1,ROUND_TRIP,USD,661,19,6,4774.42,4774.42
LAX,NRT,2026-08-29,2026-09-20,UK,PREMIUM_ECONOMY,2,0,0,1,ROUND_TRIP,AED,285,17,21,4896.13,1331.75
MCT,CDG,2027-06-18,,AF,PREMIUM_ECONOMY,2,0,0,1,ONE_WAY,AUD,373,8,14,4468.41,2904.47
DFW,HKG,2027-02-08,2027-02-18,QR,BUSINESS,1,0,0,1,ROUND_TRIP,INR,265,4,8,2501.49,30.02
DPS,BAH,2027-08-08,2027-09-04,PR,BUSINESS,1,0,0,0,ROUND_TRIP,AED,646,2,12,11623.43,3161.57
DEL,SYD,2027-03-20,2027-04-18,AF,ECONOMY,2,1,0,1,ROUND_TRIP,INR,391,23,5,4865.75,58.39
KUL,ZRH,2026-09-26,,IX,PREMIUM_ECONOMY,3,0,1,0,ONE_WAY,INR,167,6,8,3585.88,43.03
DXB,DEL,2027-02-16,2027-03-18,IB,ECONOMY,2,0,1,0,ROUND_TRIP,USD,105,1,2,3663.26,3663.26
DPS,HKG,2027-02-11,2027-03-05,BA,FIRST,1,1,0,2,ROUND_TRIP,SGD,501,19,3,21958.36,16249.19
DPS,MAA,2027-01-17,2027-02-07,WN,ECONOMY,1,1,0,0,ROUND_TRIP,EUR,359,22,3,2800.51,3024.55
AMD,FCO,2027-03-16,,QR,ECONOMY,3,0,0,1,ONE_WAY,USD,280,4,8,1923.58,1923.58
BAH,PNQ,2027-01-15,2027-01-22,LX,ECONOMY,1,0,0,0,ROUND_TRIP,INR,629,20,6,2479.95,29.76
CGK,BAH,2027-04-03,2027-04-16,AA,ECONOMY,2,2,0,0,ROUND_TRIP,INR,530,3,11,6802.52,81.63
KWI,DFW,2027-01-21,2027-01-30,UA,ECONOMY,2,0,0,0,ROUND_TRIP,USD,578,23,8,3946.73,3946.73
SIN,BAH,2026-09-16,2026-10-01,TG,PREMIUM_ECONOMY,1,0,0,1,ROUND_TRIP,USD,296,7,11,2260.33,2260.33
BAH,ORD,2027-04-30,,WY,ECONOMY,1,2,0,1,ONE_WAY,USD,245,5,9,2266.51,2266.51
SFO,SYD,2026-12-22,2027-01-04,DL,FIRST,1,0,0,1,ROUND_TRIP,USD,424,17,0,19715.71,19715.71
HYD,BAH,2027-05-29,,AA,BUSINESS,2,0,0,0,ONE_WAY,USD,561,21,6,2839.29,2839.29
KWI,DFW,2027-05-05,,GF,ECONOMY,1,1,0,0,ONE_WAY,AED,578,13,22,1695.48,461.17
LHR,SIN,2027-04-02,2027-04-26,IB,PREMIUM_ECONOMY,1,1,0,0,ROUND_TRIP,USD,538,0,8,1888.45,1888.45
CDG,MIA,2026-12-14,,LX,ECONOMY,1,0,1,0,ONE_WAY,USD,617,2,12,1536.36,1536.36
AMD,CGK,2027-06-14,2027-06-30,AA,BUSINESS,2,0,0,0,ROUND_TRIP,AED,87,14,15,16447.97,4473.85
SYD,SIN,2027-07-03,,EK,PREMIUM_ECONOMY,1,0,0,2,ONE_WAY,INR,516,14,22,1722.27,20.67
SYD,DFW,2027-02-06,2027-02-16,MH,ECONOMY,2,0,0,1,ROUND_TRIP,USD,716,3,14,2528.93,2528.93
DEL,AMS,2026-12-08,,AF,BUSINESS,1,1,1,0,ONE_WAY,USD,599,19,4,6320.3,6320.3
KUL,DXB,2026-10-19,,AF,ECONOMY,3,0,0,0,ONE_WAY,EUR,507,11,19,2479.67,2678.04
LAX,SFO,2026-11-19,2026-11-25,EY,ECONOMY,1,0,0,1,ROUND_TRIP,USD,542,6,15,828.26,828.26
SIN,HKG,2027-06-06,2027-06-12,AA,ECONOMY,4,0,0,0,ROUND_TRIP,USD,444,19,2,9145.56,9145.56
CDG,NRT,2026-12-30,,LH,ECONOMY,2,0,0,1,ONE_WAY,INR,684,7,18,1154.91,13.86
SFO,BAH,2026-11-30,,KL,ECONOMY,1,0,0,0,ONE_WAY,USD,168,20,22,492.26,492.26
BAH,MAD,2027-05-16,,LH,BUSINESS,2,0,0,1,ONE_WAY,EUR,715,13,0,11260.91,12161.78
BLR,DPS,2027-06-25,,GA,ECONOMY,2,0,0,0,ONE_WAY,USD,586,9,18,2669.01,2669.01
MEL,PNQ,2027-03-01,,WY,ECONOMY,2,2,0,1,ONE_WAY,USD,680,4,15,1492.74,1492.74
AUH,MEL,2027-08-02,,LH,ECONOMY,2,0,0,1,ONE_WAY,USD,308,14,19,2164.81,2164.81
FRA,CGK,2027-06-02,2027-06-30,KL,ECONOMY,1,0,1,2,ROUND_TRIP,INR,483,19,3,976.06,11.71
ZRH,MAA,2027-01-05,2027-01-08,TG,PREMIUM_ECONOMY,2,1,1,0,ROUND_TRIP,USD,380,15,21,10442.34,10442.34
AMS,SIN,2026-10-24,,UK,ECONOMY,2,0,0,1,ONE_WAY,USD,317,1,6,951.05,951.05
AUH,JFK,2026-09-30,,SG,BUSINESS,1,0,0,1,ONE_WAY,USD,624,9,19,1344.08,1344.08
BKK,KWI,2026-08-28,2026-09-08,WN,ECONOMY,1,0,0,1,ROUND_TRIP,AUD,614,19,5,1672.92,1087.4
MNL,LAX,2026-11-29,,LX,PREMIUM_ECONOMY,2,0,0,0,ONE_WAY,USD,311,7,12,992.27,992.27
ICN,FCO,2027-05-27,,GA,BUSINESS,1,1,0,1,ONE_WAY,EUR,234,4,7,4044.56,4368.12
CCU,LHR,2027-06-07,2027-06-11,6E,ECONOMY,2,0,0,0,ROUND_TRIP,EUR,254,6,10,2549.93,2753.92
MAD,PNQ,2027-08-11,2027-09-03,LX,PREMIUM_ECONOMY,1,0,0,0,ROUND_TRIP,GBP,320,1,6,4147.53,5267.36
KUL,PNQ,2026-08-22,,UA,PREMIUM_ECONOMY,2,0,0,0,ONE_WAY,AUD,213,13,16,2251.99,1463.79
LHR,MAA,2027-05-19,,AA,BUSINESS,2,0,0,1,ONE_WAY,GBP,598,1,10,6365.73,8084.48
CDG,SYD,2027-07-23,,UA,ECONOMY,1,0,0,1,ONE_WAY,EUR,181,11,14,999.79,1079.77
LAX,BKK,2027-08-04,,GF,ECONOMY,2,0,0,1,ONE_WAY,USD,270,5,9,2676.53,2676.53
MIA,CDG,2027-06-28,2027-07-05,DL,FIRST,3,0,0,1,ROUND_TRIP,USD,550,1,10,41102.56,41102.56
MAA,AMS,2027-05-07,,BA,ECONOMY,2,0,0,1,ONE_WAY,GBP,303,12,17,1522.69,1933.82
CDG,LAX,2026-12-04,2026-12-13,QR,ECONOMY,3,0,0,1,ROUND_TRIP,SGD,663,16,3,4893.96,3621.53
ZRH,MCT,2027-08-09,2027-08-17,PR,ECONOMY,2,0,0,1,ROUND_TRIP,AED,505,7,15,3017.3,820.71
ORD,MEL,2027-08-03,2027-08-31,LH,PREMIUM_ECONOMY,1,2,1,1,ROUND_TRIP,USD,523,21,5,7155.07,7155.07
FCO,MEL,2027-04-09,,GF,ECONOMY,1,0,0,1,ONE_WAY,EUR,133,0,2,737.82,796.85
DXB,KWI,2027-07-01,,UK,PREMIUM_ECONOMY,2,0,0,1,ONE_WAY,USD,552,19,4,2159.73,2159.73
MAA,BOM,2026-09-11,2026-09-18,EY,ECONOMY,1,0,0,1,ROUND_TRIP,USD,573,19,4,1425.81,1425.81
KWI,LAX,2027-06-20,,IB,ECONOMY,1,0,0,0,ONE_WAY,SGD,307,13,18,626.54,463.64
MCT,LHR,2026-11-11,,MH,ECONOMY,1,0,0,1,ONE_WAY,USD,743,3,15,643.37,643.37
DOH,HKG,2027-07-07,,GF,ECONOMY,1,0,0,1,ONE_WAY,USD,395,19,1,257.62,257.62
LAX,SFO,2027-05-31,2027-06-12,EK,ECONOMY,2,1,0,2,ROUND_TRIP,EUR,601,9,19,3319.82,3585.41
FCO,HKG,2026-11-11,2026-11-25,LH,BUSINESS,1,0,0,1,ROUND_TRIP,EUR,778,13,1,8302.39,8966.58
ICN,SIN,2027-01-25,,GF,FIRST,3,0,0,1,ONE_WAY,EUR,267,3,7,18070.3,19515.92
SFO,ORD,2027-06-09,2027-07-02,6E,ECONOMY,1,0,0,0,ROUND_TRIP,INR,302,0,5,373.61,4.48
JFK,SIN,2027-05-20,,AA,ECONOMY,1,2,0,0,ONE_WAY,USD,503,1,9,1427.12,1427.12
FCO,SFO,2027-02-20,2027-02-24,KL,BUSINESS,1,1,0,0,ROUND_TRIP,GBP,261,22,2,11267.16,14309.29
KUL,JFK,2026-12-06,2026-12-26,AI,BUSINESS,2,0,0,0,ROUND_TRIP,USD,543,0,9,10006.89,10006.89
DPS,MAD,2026-10-02,,WY,PREMIUM_ECONOMY,3,1,0,0,ONE_WAY,AUD,378,9,15,3072.66,1997.23
CGK,CCU,2027-05-20,,BA,PREMIUM_ECONOMY,1,0,0,1,ONE_WAY,EUR,566,10,19,2593.12,2800.57
LHR,LAX,2027-06-12,,AA,BUSINESS,3,0,0,0,ONE_WAY,GBP,452,11,18,6734.17,8552.4
JFK,AUH,2027-05-21,,IX,ECONOMY,1,2,0,0,ONE_WAY,GBP,615,2,12,1428.91,1814.72
FCO,DPS,2027-05-30,,IB,ECONOMY,3,0,0,2,ONE_WAY,USD,378,17,23,2787.92,2787.92
BLR,JFK,2027-04-02,2027-04-25,TG,ECONOMY,2,0,0,1,ROUND_TRIP,INR,447,8,15,1788.55,21.46
BOM,DFW,2026-11-08,2026-11-13,WN,ECONOMY,3,2,0,1,ROUND_TRIP,USD,283,0,4,6072.14,6072.14
HKG,MAD,2027-05-21,,SG,BUSINESS,4,0,0,1,ONE_WAY,GBP,639,14,0,11618.04,14754.91
ZRH,LAX,2027-03-31,,6E,PREMIUM_ECONOMY,3,0,0,1,ONE_WAY,USD,213,14,17,2046.5,2046.5
DPS,DFW,2027-02-16,2027-03-17,TG,BUSINESS,1,0,0,0,ROUND_TRIP,GBP,351,3,8,3115.96,3957.27
ICN,FRA,2026-11-03,2026-11-21,UA,ECONOMY,2,0,0,1,ROUND_TRIP,USD,249,14,18,3796.21,3796.21
DXB,AUH,2027-03-24,2027-03-27,KL,ECONOMY,1,0,0,1,ROUND_TRIP,INR,404,16,22,486.9,5.84
KWI,HKG,2026-12-24,,KL,ECONOMY,1,0,0,2,ONE_WAY,INR,379,11,17,413.58,4.96
PNQ,LAX,2026-11-24,2026-12-03,PR,ECONOMY,3,0,1,1,ROUND_TRIP,GBP,615,15,1,1653.09,2099.42
MEL,HKG,2026-08-15,2026-08-21,MH,PREMIUM_ECONOMY,2,1,0,1,ROUND_TRIP,USD,206,17,20,4340.18,4340.18
CCU,DXB,2026-12-12,2026-12-20,GA,ECONOMY,3,2,0,0,ROUND_TRIP,GBP,90,8,9,12509.85,15887.51
BKK,DEL,2027-05-02,2027-05-20,TG,ECONOMY,1,0,0,0,ROUND_TRIP,USD,112,19,20,1461.5,1461.5
MAA,MCT,2027-05-06,,TG,BUSINESS,2,0,0,0,ONE_WAY,USD,415,9,15,4757.55,4757.55
CDG,JFK,2026-10-10,,UK,PREMIUM_ECONOMY,2,0,0,0,ONE_WAY,AED,596,1,10,2854.27,776.36
JFK,BOM,2027-08-10,2027-08-16,AI,PREMIUM_ECONOMY,1,0,0,1,ROUND_TRIP,USD,231,17,20,1019.12,1019.12
LHR,AMD,2027-07-21,2027-08-08,QR,ECONOMY,1,2,1,1,ROUND_TRIP,USD,294,18,22,5382.53,5382.53
CCU,HKG,2027-07-01,2027-07-14,QR,ECONOMY,1,0,0,0,ROUND_TRIP,EUR,479,4,11,2389.82,2581.01
MNL,SFO,2026-11-06,,UA,ECONOMY,1,2,0,0,ONE_WAY,USD,412,1,7,2427.77,2427.77
DXB,MAD,2027-03-01,2027-03-08,AI,ECONOMY,1,0,0,1,ROUND_TRIP,USD,579,18,3,1825.2,1825.2
PNQ,FRA,2027-08-01,2027-08-30,GA,ECONOMY,1,0,0,1,ROUND_TRIP,USD,686,18,5,988.97,988.97
MEL,CCU,2027-06-14,2027-07-01,AA,ECONOMY,1,0,1,1,ROUND_TRIP,SGD,401,4,10,1257.29,930.39
MAD,CGK,2027-03-31,2027-04-29,IX,PREMIUM_ECONOMY,1,1,1,1,ROUND_TRIP,USD,654,11,21,3737.0,3737.0
DEL,AMS,2026-09-17,2026-10-15,AF,ECONOMY,1,0,0,0,ROUND_TRIP,USD,599,9,18,1502.35,1502.35
ZRH,DOH,2026-08-22,2026-09-11,BA,ECONOMY,2,1,0,0,ROUND_TRIP,INR,369,19,1,13110.63,157.33
CCU,MNL,2027-04-26,,UA,ECONOMY,1,1,0,1,ONE_WAY,SGD,385,10,16,1319.68,976.56
NRT,LHR,2027-02-15,,WN,ECONOMY,1,1,0,0,ONE_WAY,AED,606,8,18,928.48,252.55
DOH,JFK,2027-04-14,,PR,FIRST,2,0,0,0,ONE_WAY,USD,261,4,8,13787.13,13787.13
LHR,CGK,2026-09-09,,IX,ECONOMY,1,0,0,2,ONE_WAY,USD,233,13,16,184.81,184.81
SYD,MEL,2026-11-18,,LX,BUSINESS,1,2,0,2,ONE_WAY,SGD,321,20,1,5694.87,4214.2
ORD,LAX,2027-06-19,2027-06-30,TG,BUSINESS,4,2,0,0,ROUND_TRIP,INR,365,11,17,22562.34,270.75
NRT,LAX,2027-06-18,2027-07-10,PR,ECONOMY,4,0,0,2,ROUND_TRIP,EUR,362,8,14,4597.58,4965.39
SYD,PNQ,2027-07-16,2027-08-06,LX,BUSINESS,1,0,0,0,ROUND_TRIP,USD,369,23,5,6219.99,6219.99
BAH,ZRH,2026-09-08,2026-10-07,EY,ECONOMY,1,0,0,0,ROUND_TRIP,EUR,403,18,0,1206.26,1302.76
MCT,KWI,2027-07-10,2027-07-15,GF,ECONOMY,4,1,0,0,ROUND_TRIP,INR,291,21,1,2905.91,34.87
PNQ,MIA,2026-11-09,,EY,ECONOMY,2,0,0,1,ONE_WAY,USD,680,9,20,2628.89,2628.89
CGK,NRT,2027-04-24,2027-05-16,QR,BUSINESS,1,0,1,0,ROUND_TRIP,AED,404,17,23,6566.38,1786.06
MAA,BLR,2027-01-04,,IX,ECONOMY,3,0,0,0,ONE_WAY,AUD,318,9,14,1148.92,746.8
ORD,KWI,2026-09-29,2026-10-26,6E,ECONOMY,1,0,1,0,ROUND_TRIP,GBP,134,18,20,656.51,833.77
AMD,BKK,2026-08-24,2026-09-20,AF,ECONOMY,3,0,0,0,ROUND_TRIP,SGD,578,4,13,11836.06,8758.68
BKK,DFW,2026-08-31,2026-09-03,6E,ECONOMY,1,0,0,0,ROUND_TRIP,USD,253,6,10,2223.16,2223.16
LAX,MNL,2027-07-07,2027-08-05,GF,ECONOMY,4,0,0,1,ROUND_TRIP,AUD,247,2,6,2210.33,1436.71
ICN,AMS,2027-05-15,2027-05-23,LH,ECONOMY,1,0,0,1,ROUND_TRIP,USD,406,6,12,1199.04,1199.04
DXB,LAX,2026-09-09,2026-09-16,UK,ECONOMY,1,1,1,1,ROUND_TRIP,EUR,648,12,22,2074.75,2240.73
LHR,KUL,2026-10-31,,AI,ECONOMY,1,1,0,0,ONE_WAY,EUR,173,18,20,1132.9,1223.53
MIA,JFK,2027-06-14,,PR,PREMIUM_ECONOMY,3,0,0,0,ONE_WAY,USD,570,1,10,4061.24,4061.24
DFW,JFK,2026-12-22,2027-01-07,QR,ECONOMY,1,1,0,0,ROUND_TRIP,AED,366,13,19,7793.71,2119.89
DXB,KWI,2027-02-01,,KL,BUSINESS,1,0,0,1,ONE_WAY,USD,540,5,14,1790.02,1790.02
AUH,FCO,2027-06-19,2027-07-06,GA,BUSINESS,2,0,1,0,ROUND_TRIP,USD,653,17,3,10638.98,10638.98
CCU,SFO,2026-10-08,,6E,PREMIUM_ECONOMY,3,0,1,0,ONE_WAY,AED,307,13,18,1852.72,503.94
PNQ,ORD,2027-07-07,,AF,BUSINESS,2,0,0,1,ONE_WAY,AED,590,23,8,10220.35,2779.94
KWI,AMS,2027-08-09,,AI,ECONOMY,1,0,0,1,ONE_WAY,INR,735,16,4,836.77,10.04
SYD,BOM,2026-12-06,,AA,BUSINESS,2,1,1,1,ONE_WAY,EUR,695,13,0,12038.28,13001.34
BKK,ORD,2026-11-04,2026-11-27,PR,PREMIUM_ECONOMY,2,0,0,0,ROUND_TRIP,INR,204,18,21,2423.69,29.08
BLR,ZRH,2027-05-11,,EY,ECONOMY,1,0,1,2,ONE_WAY,EUR,564,10,19,1551.2,1675.3
BKK,ICN,2027-01-31,2027-02-19,SQ,BUSINESS,1,0,0,1,ROUND_TRIP,EUR,199,0,3,4195.07,4530.68
MIA,KUL,2026-12-05,2026-12-29,AA,PREMIUM_ECONOMY,1,0,1,1,ROUND_TRIP,EUR,744,5,17,6973.28,7531.14
MEL,AUH,2027-02-18,,IB,ECONOMY,1,0,0,1,ONE_WAY,AED,467,19,2,1008.42,274.29
DFW,BAH,2027-05-29,2027-06-23,BA,ECONOMY,1,0,0,0,ROUND_TRIP,INR,454,7,14,2515.62,30.19
BOM,CCU,2027-07-16,,GF,ECONOMY,1,2,0,1,ONE_WAY,INR,717,9,20,2250.14,27.0
BLR,LHR,2027-05-09,,KL,ECONOMY,2,1,0,1,ONE_WAY,USD,286,18,22,4175.69,4175.69
KUL,MAA,2027-04-05,2027-04-26,EY,BUSINESS,1,0,0,0,ROUND_TRIP,SGD,134,1,3,5979.59,4424.9
KUL,MNL,2027-06-22,,MH,ECONOMY,4,1,0,1,ONE_WAY,GBP,314,5,10,2922.12,3711.09
CCU,HYD,2027-04-07,2027-04-11,AI,FIRST,3,0,0,1,ROUND_TRIP,AED,663,2,13,32806.51,8923.37
MCT,DXB,2027-05-10,2027-05-23,LH,PREMIUM_ECONOMY,2,0,0,0,ROUND_TRIP,USD,243,7,11,8055.92,8055.92
BLR,BOM,2027-06-24,,UK,ECONOMY,2,0,0,1,ONE_WAY,USD,573,1,10,486.63,486.63
AMD,HYD,2026-12-29,2027-01-24,UK,BUSINESS,3,2,0,1,ROUND_TRIP,INR,699,18,5,21882.05,262.58
KUL,SIN,2027-03-19,,WN,ECONOMY,3,0,0,0,ONE_WAY,USD,512,7,15,1871.9,1871.9
KWI,MEL,2027-01-29,,IX,PREMIUM_ECONOMY,1,0,1,1,ONE_WAY,EUR,244,16,20,1520.25,1641.87
AUH,AMD,2027-06-14,,SG,BUSINESS,1,0,0,1,ONE_WAY,AED,614,12,22,3712.31,1009.75
ZRH,HYD,2027-01-27,2027-02-25,EK,PREMIUM_ECONOMY,2,1,0,1,ROUND_TRIP,USD,242,8,12,2948.74,2948.74
KUL,LAX,2027-03-16,,WN,BUSINESS,1,0,0,1,ONE_WAY,AUD,427,6,13,808.46,525.5
ORD,KWI,2026-11-21,,QR,ECONOMY,2,0,0,1,ONE_WAY,USD,194,4,7,1235.57,1235.57
MCT,DXB,2027-05-06,2027-05-14,AI,ECONOMY,1,1,0,0,ROUND_TRIP,EUR,243,5,9,3998.02,4317.86
MNL,MEL,2027-08-06,,AI,ECONOMY,4,1,0,0,ONE_WAY,USD,330,18,23,4180.57,4180.57
BKK,SIN,2027-06-22,,EK,ECONOMY,2,0,0,1,ONE_WAY,USD,240,19,23,979.74,979.74
HYD,AMS,2027-01-25,2027-02-17,MH,ECONOMY,4,0,0,1,ROUND_TRIP,USD,182,16,19,1535.22,1535.22
SFO,LAX,2026-11-07,2026-11-24,IB,ECONOMY,3,0,0,0,ROUND_TRIP,USD,63,16,17,2340.59,2340.59
DPS,MCT,2027-04-10,,SQ,BUSINESS,2,0,0,0,ONE_WAY,INR,228,12,15,5532.46,66.39
ICN,MAD,2027-01-01,,IX,ECONOMY,2,2,0,0,ONE_WAY,EUR,273,20,0,2548.29,2752.15
BAH,BOM,2027-05-29,2027-06-10,GA,ECONOMY,1,0,0,2,ROUND_TRIP,INR,544,11,20,1467.34,17.61
SYD,KWI,2026-11-04,,EY,ECONOMY,1,0,0,1,ONE_WAY,INR,185,4,7,920.13,11.04
NRT,SFO,2026-12-05,2027-01-03,LH,BUSINESS,3,0,0,1,ROUND_TRIP,USD,736,22,10,12504.75,12504.75
LHR,CGK,2027-01-20,2027-01-25,SQ,ECONOMY,1,0,1,0,ROUND_TRIP,USD,83,3,4,584.03,584.03
CCU,ORD,2027-05-21,,GA,BUSINESS,1,0,0,0,ONE_WAY,USD,121,2,4,2292.79,2292.79
MIA,JFK,2027-03-26,,6E,ECONOMY,2,1,0,0,ONE_WAY,USD,570,23,8,1373.12,1373.12
DXB,PNQ,2027-01-11,2027-01-21,LH,ECONOMY,3,0,0,2,ROUND_TRIP,GBP,742,0,12,2787.73,3540.42
DXB,DEL,2027-07-04,,TG,ECONOMY,1,0,0,0,ONE_WAY,USD,105,16,17,1354.67,1354.67
DFW,BAH,2026-09-14,2026-10-01,EK,BUSINESS,1,0,0,0,ROUND_TRIP,EUR,454,10,17,7786.81,8409.75
CGK,CCU,2027-02-22,2027-03-18,WY,ECONOMY,1,1,0,0,ROUND_TRIP,SGD,492,8,16,3472.99,2570.01
DFW,PNQ,2027-01-14,,GF,BUSINESS,3,0,0,1,ONE_WAY,USD,558,22,7,12321.51,12321.51
ZRH,FCO,2026-10-21,,6E,ECONOMY,1,1,0,2,ONE_WAY,EUR,349,16,21,562.27,607.25
DPS,CGK,2027-01-08,,EK,PREMIUM_ECONOMY,3,0,0,0,ONE_WAY,GBP,512,10,18,8446.52,10727.08
AMS,AUH,2027-03-30,,UK,ECONOMY,2,0,0,1,ONE_WAY,GBP,516,16,0,1341.54,1703.76
AMS,DFW,2026-10-18,2026-11-13,EY,ECONOMY,1,1,0,0,ROUND_TRIP,USD,616,13,23,2251.07,2251.07
CDG,DPS,2027-02-07,2027-03-05,BA,BUSINESS,1,1,0,0,ROUND_TRIP,INR,320,11,16,3917.28,47.01
BAH,LAX,2026-10-07,2026-10-15,TG,ECONOMY,1,1,0,1,ROUND_TRIP,EUR,652,11,21,3155.81,3408.27
MNL,HYD,2027-02-16,,UK,ECONOMY,1,0,0,1,ONE_WAY,INR,606,17,3,823.13,9.88
SFO,AUH,2027-04-24,2027-05-14,GF,BUSINESS,1,0,0,0,ROUND_TRIP,USD,240,15,19,6506.11,6506.11
ZRH,MCT,2027-05-16,2027-06-12,LH,BUSINESS,1,0,0,1,ROUND_TRIP,GBP,491,5,13,4682.71,5947.04
SIN,DOH,2026-09-25,,GA,BUSINESS,1,0,0,0,ONE_WAY,EUR,653,4,14,2297.46,2481.26
SYD,SFO,2027-01-22,2027-02-01,TG,ECONOMY,1,0,0,0,ROUND_TRIP,EUR,219,12,15,1422.17,1535.94
BKK,DXB,2026-10-06,,6E,PREMIUM_ECONOMY,4,0,0,1,ONE_WAY,SGD,290,21,1,3545.24,2623.48
ICN,ZRH,2026-10-03,,GA,ECONOMY,1,0,0,0,ONE_WAY,AED,302,2,7,361.34,98.28
ZRH,MIA,2026-09-04,,PR,PREMIUM_ECONOMY,1,0,0,0,ONE_WAY,USD,393,12,18,1045.72,1045.72
CDG,SIN,2027-03-20,2027-04-18,QR,ECONOMY,2,1,0,1,ROUND_TRIP,INR,199,11,14,5818.43,69.82
CCU,MCT,2027-07-23,2027-08-04,MH,BUSINESS,1,0,1,0,ROUND_TRIP,INR,487,16,0,3762.41,45.15
FCO,BAH,2027-04-11,2027-04-23,AI,ECONOMY,3,1,1,1,ROUND_TRIP,INR,225,3,6,1578.12,18.94
MAD,SIN,2027-02-17,,GA,BUSINESS,1,0,0,0,ONE_WAY,USD,576,7,16,3633.16,3633.16
SIN,BAH,2026-09-12,2026-09-20,6E,ECONOMY,2,0,0,1,ROUND_TRIP,EUR,238,10,13,1790.32,1933.55
KUL,DFW,2027-03-20,2027-03-25,KL,ECONOMY,2,0,1,1,ROUND_TRIP,EUR,266,1,5,3955.94,4272.42
LAX,MCT,2026-12-31,2027-01-03,IX,ECONOMY,3,0,0,0,ROUND_TRIP,EUR,322,21,2,3075.41,3321.44
FRA,BAH,2026-09-17,,DL,ECONOMY,1,1,0,0,ONE_WAY,INR,132,17,19,528.19,6.34
HKG,MNL,2026-10-27,,UK,ECONOMY,1,0,0,1,ONE_WAY,AED,203,15,18,490.15,133.32
MEL,AMD,2026-10-18,2026-10-24,AA,ECONOMY,3,2,0,2,ROUND_TRIP,EUR,644,13,23,8690.57,9385.82
MAA,CGK,2027-01-24,,GA,ECONOMY,2,2,0,1,ONE_WAY,USD,344,23,4,3087.64,3087.64
DXB,SIN,2027-03-08,2027-04-07,IX,ECONOMY,2,0,0,0,ROUND_TRIP,USD,281,13,17,3303.47,3303.47
MNL,BAH,2026-10-23,2026-11-17,SG,ECONOMY,1,0,0,0,ROUND_TRIP,INR,252,23,3,1350.86,16.21
SIN,KWI,2027-01-25,,LH,ECONOMY,2,0,0,2,ONE_WAY,EUR,701,13,0,2889.82,3121.01
JFK,PNQ,2026-11-10,,AF,ECONOMY,1,0,0,0,ONE_WAY,USD,476,17,0,1017.44,1017.44
BAH,FCO,2027-03-14,,UK,ECONOMY,1,0,0,2,ONE_WAY,USD,311,20,1,587.75,587.75
MAD,BKK,2027-06-24,2027-07-14,MH,ECONOMY,1,1,0,1,ROUND_TRIP,EUR,457,21,4,2183.84,2358.55
AMD,AUH,2026-09-12,,BA,BUSINESS,4,0,0,1,ONE_WAY,SGD,236,6,9,15162.41,11220.18
FCO,MIA,2026-12-04,2026-12-24,LH,ECONOMY,2,0,1,1,ROUND_TRIP,EUR,536,15,23,3880.12,4190.53
AMS,FCO,2027-08-05,,LX,BUSINESS,1,1,0,1,ONE_WAY,USD,273,20,0,8139.43,8139.43
BOM,BKK,2027-02-25,2027-03-11,LH,BUSINESS,2,2,0,1,ROUND_TRIP,USD,574,13,22,6205.27,6205.27
DOH,HYD,2027-07-28,2027-08-15,KL,BUSINESS,3,0,1,1,ROUND_TRIP,AED,730,14,2,21409.53,5823.39
SYD,FRA,2026-08-20,2026-08-29,EY,ECONOMY,2,0,1,0,ROUND_TRIP,INR,529,21,5,9765.78,117.19
AMS,HYD,2026-11-23,,WN,PREMIUM_ECONOMY,1,1,0,2,ONE_WAY,INR,561,21,6,1836.65,22.04
BLR,LHR,2026-12-28,,SG,PREMIUM_ECONOMY,3,1,0,2,ONE_WAY,USD,393,15,21,6478.35,6478.35
HKG,MNL,2027-04-22,2027-05-14,MH,BUSINESS,2,0,0,1,ROUND_TRIP,EUR,254,23,3,7927.02,8561.18
CGK,CCU,2027-06-23,2027-06-27,UK,ECONOMY,4,1,0,1,ROUND_TRIP,EUR,589,12,21,10434.89,11269.68
KWI,CDG,2026-11-26,2026-12-03,SQ,PREMIUM_ECONOMY,2,0,0,1,ROUND_TRIP,USD,370,15,21,5874.5,5874.5
NRT,SIN,2027-01-30,2027-02-03,UA,FIRST,1,0,0,2,ROUND_TRIP,EUR,640,20,6,8201.11,8857.2
BLR,JFK,2026-12-06,,IX,ECONOMY,1,0,0,1,ONE_WAY,INR,465,6,13,645.81,7.75
ORD,MNL,2026-12-30,2027-01-27,KL,ECONOMY,2,1,0,0,ROUND_TRIP,GBP,279,20,0,8389.93,10655.21
MEL,DOH,2026-09-18,,PR,PREMIUM_ECONOMY,1,0,0,1,ONE_WAY,USD,403,4,10,761.09,761.09
MNL,DFW,2027-01-04,2027-01-30,IX,ECONOMY,1,0,0,0,ROUND_TRIP,AED,575,7,16,547.84,149.01
PNQ,ORD,2027-06-05,2027-07-05,GA,ECONOMY,1,1,0,1,ROUND_TRIP,EUR,575,18,3,4430.86,4785.33
MAA,BAH,2027-01-04,2027-01-10,6E,ECONOMY,1,0,0,2,ROUND_TRIP,EUR,579,21,6,1066.74,1152.08
HYD,LHR,2027-07-04,,AF,PREMIUM_ECONOMY,1,0,0,0,ONE_WAY,USD,540,4,13,3452.44,3452.44
BKK,PNQ,2027-06-20,,AA,ECONOMY,1,0,0,2,ONE_WAY,INR,553,21,6,647.26,7.77
MAD,AUH,2026-09-24,,SQ,PREMIUM_ECONOMY,1,0,0,1,ONE_WAY,INR,509,22,6,1458.44,17.5
JFK,BOM,2027-01-01,2027-01-22,GA,BUSINESS,1,0,0,1,ROUND_TRIP,EUR,232,12,15,1454.88,1571.27
CCU,SIN,2026-09-09,2026-09-25,MH,PREMIUM_ECONOMY,1,0,0,0,ROUND_TRIP,USD,419,10,16,2742.91,2742.91
SIN,NRT,2027-07-26,2027-08-12,KL,ECONOMY,1,0,0,1,ROUND_TRIP,INR,403,3,9,537.14,6.45
MAA,DPS,2027-04-15,,DL,ECONOMY,3,1,0,1,ONE_WAY,GBP,551,0,9,2157.94,2740.58
DEL,BOM,2027-04-29,,IX,ECONOMY,2,1,0,0,ONE_WAY,AED,550,9,18,2070.5,563.18
BAH,DEL,2027-01-07,,MH,FIRST,2,1,0,1,ONE_WAY,EUR,665,13,0,10920.67,11794.32
FCO,CCU,2027-08-05,,TG,BUSINESS,2,1,0,1,ONE_WAY,EUR,646,8,18,13765.46,14866.7
BAH,KWI,2027-07-30,2027-08-08,AI,ECONOMY,2,2,0,0,ROUND_TRIP,USD,588,15,0,5852.45,5852.45
MNL,SYD,2026-10-26,,LH,BUSINESS,2,0,0,0,ONE_WAY,EUR,258,8,12,10825.62,11691.67
SFO,MAD,2026-09-21,,EY,ECONOMY,1,0,0,0,ONE_WAY,USD,384,4,10,557.64,557.64
CDG,DFW,2026-10-03,2026-10-15,GA,BUSINESS,1,2,0,1,ROUND_TRIP,INR,326,18,23,9058.06,108.7
SIN,BKK,2027-04-28,2027-05-02,EK,ECONOMY,1,0,0,1,ROUND_TRIP,EUR,309,15,20,1024.24,1106.18
ZRH,ICN,2027-06-18,,PR,BUSINESS,1,0,0,0,ONE_WAY,INR,195,12,15,2977.02,35.72
CGK,CDG,2026-11-22,2026-12-11,TG,BUSINESS,2,0,0,1,ROUND_TRIP,GBP,310,14,19,3805.1,4832.48
SYD,MIA,2027-05-16,,AA,ECONOMY,1,0,0,1,ONE_WAY,USD,698,3,14,1671.38,1671.38
DFW,LAX,2026-12-12,,EK,PREMIUM_ECONOMY,3,0,0,1,ONE_WAY,USD,180,15,18,7327.86,7327.86
ORD,DXB,2026-11-22,,UK,ECONOMY,2,2,0,0,ONE_WAY,USD,450,6,13,1259.2,1259.2
MAD,KWI,2027-03-11,2027-04-04,WN,BUSINESS,1,0,0,1,ROUND_TRIP,INR,253,20,0,4415.98,52.99
BLR,KUL,2026-12-09,2027-01-03,AF,ECONOMY,2,1,1,1,ROUND_TRIP,EUR,394,19,1,7557.44,8162.04
MAA,SYD,2027-06-01,,SG,FIRST,1,2,0,1,ONE_WAY,GBP,350,7,12,5686.57,7221.94
MNL,AMS,2027-05-25,,6E,PREMIUM_ECONOMY,1,0,0,0,ONE_WAY,USD,237,22,1,554.2,554.2
MNL,BAH,2026-09-24,,AF,ECONOMY,2,0,0,1,ONE_WAY,USD,321,6,11,2280.44,2280.44
CDG,DFW,2027-07-18,,LX,ECONOMY,2,0,0,1,ONE_WAY,INR,350,22,3,1472.37,17.67
ZRH,HYD,2027-05-09,2027-06-05,AI,ECONOMY,1,0,0,1,ROUND_TRIP,GBP,203,0,3,483.73,614.34
HKG,SIN,2027-01-21,2027-02-15,KL,BUSINESS,2,2,0,2,ROUND_TRIP,EUR,577,0,9,18913.95,20427.07
ZRH,MAA,2026-12-07,,WY,PREMIUM_ECONOMY,2,0,0,0,ONE_WAY,INR,380,9,15,4773.14,57.28
DFW,MAD,2026-10-25,,WN,ECONOMY,1,2,0,1,ONE_WAY,USD,392,4,10,489.73,489.73
AUH,BKK,2026-08-19,,GF,BUSINESS,2,0,0,2,ONE_WAY,GBP,364,4,10,4134.72,5251.09
ORD,BLR,2026-12-16,2027-01-15,LX,BUSINESS,2,1,0,1,ROUND_TRIP,AUD,188,17,20,9371.63,6091.56
HYD,JFK,2026-09-19,,UK,ECONOMY,2,0,0,1,ONE_WAY,EUR,630,4,14,1618.88,1748.39
JFK,DEL,2027-02-07,2027-02-28,6E,ECONOMY,2,0,0,1,ROUND_TRIP,INR,714,7,18,2290.46,27.49
DPS,DOH,2027-05-15,,IX,BUSINESS,1,0,0,0,ONE_WAY,USD,418,19,1,3856.79,3856.79
MEL,DPS,2027-01-23,2027-02-08,LH,PREMIUM_ECONOMY,2,0,0,1,ROUND_TRIP,EUR,386,18,0,5141.73,5553.07
DPS,HYD,2026-11-28,2026-12-14,LX,ECONOMY,1,0,0,1,ROUND_TRIP,GBP,291,3,7,1777.52,2257.45
NRT,MNL,2027-06-05,2027-07-03,GF,ECONOMY,1,1,1,1,ROUND_TRIP,GBP,435,19,2,1813.2,2302.76
NRT,AUH,2027-05-30,,SG,ECONOMY,4,0,0,1,ONE_WAY,EUR,724,12,0,3128.16,3378.41
CDG,DEL,2026-09-09,2026-09-29,PR,PREMIUM_ECONOMY,1,0,0,0,ROUND_TRIP,USD,407,6,12,2848.17,2848.17
AMD,DPS,2027-01-27,,UK,ECONOMY,2,0,1,1,ONE_WAY,USD,495,8,16,665.74,665.74
AMS,MAD,2026-11-17,,AI,ECONOMY,3,0,0,0,ONE_WAY,SGD,102,15,16,2492.35,1844.34
BLR,DFW,2026-09-07,,WY,ECONOMY,1,0,0,2,ONE_WAY,EUR,623,11,21,500.39,540.42
FCO,AMS,2026-12-05,,SQ,ECONOMY,1,1,1,1,ONE_WAY,USD,390,10,16,880.45,880.45
SFO,MIA,2026-08-24,,SQ,ECONOMY,3,1,0,0,ONE_WAY,INR,133,16,18,3506.12,42.07
KUL,SIN,2027-06-18,2027-06-30,BA,ECONOMY,3,0,1,1,ROUND_TRIP,USD,589,15,0,6226.67,6226.67
LHR,CGK,2027-05-31,2027-06-26,IX,BUSINESS,1,1,0,1,ROUND_TRIP,USD,194,12,15,2143.49,2143.49
BOM,AUH,2027-07-13,2027-07-23,IB,ECONOMY,3,1,0,0,ROUND_TRIP,EUR,559,5,14,6507.72,7028.34
AMD,MAA,2027-07-03,,SQ,ECONOMY,2,0,0,0,ONE_WAY,GBP,622,17,3,4554.22,5783.86
CDG,DEL,2026-08-20,,WN,BUSINESS,1,2,0,1,ONE_WAY,USD,486,6,14,8213.54,8213.54
DFW,MCT,2027-05-23,,EY,PREMIUM_ECONOMY,2,1,0,1,ONE_WAY,EUR,204,12,15,5117.51,5526.91
JFK,MEL,2027-05-19,2027-05-25,6E,ECONOMY,2,0,0,1,ROUND_TRIP,AED,686,10,21,2593.99,705.57
ORD,BLR,2026-10-07,,SG,BUSINESS,4,1,1,1,ONE_WAY,GBP,184,17,20,5003.37,6354.28
AMS,AMD,2026-10-11,2026-10-23,GF,BUSINESS,1,0,0,2,ROUND_TRIP,AED,820,8,21,3920.05,1066.25
SFO,CCU,2027-03-14,,WN,PREMIUM_ECONOMY,1,0,0,2,ONE_WAY,USD,777,4,16,383.45,383.45
SYD,ORD,2027-04-25,,GF,BUSINESS,2,0,0,1,ONE_WAY,USD,589,13,22,8613.08,8613.08
ORD,LAX,2027-05-28,,WN,ECONOMY,1,1,0,2,ONE_WAY,USD,591,3,12,770.72,770.72
SIN,AMS,2027-05-05,2027-05-15,AA,BUSINESS,2,0,0,0,ROUND_TRIP,USD,121,12,14,16223.06,16223.06
JFK,SYD,2026-11-22,2026-12-06,6E,PREMIUM_ECONOMY,2,0,0,1,ROUND_TRIP,USD,487,13,21,6217.41,6217.41
DEL,KWI,2026-11-11,,LX,ECONOMY,1,1,0,1,ONE_WAY,USD,244,7,11,1235.18,1235.18
PNQ,MNL,2027-02-04,2027-02-28,PR,ECONOMY,1,0,0,1,ROUND_TRIP,AUD,284,16,20,1303.38,847.2
BAH,PNQ,2027-01-01,2027-01-04,EY,PREMIUM_ECONOMY,2,0,0,0,ROUND_TRIP,GBP,629,14,0,7573.08,9617.81
CGK,AUH,2026-09-11,,DL,PREMIUM_ECONOMY,1,0,0,1,ONE_WAY,EUR,464,12,19,2298.54,2482.42
MAD,FRA,2027-07-19,,IX,ECONOMY,1,0,0,2,ONE_WAY,USD,331,4,9,283.0,283.0
AMD,DFW,2027-07-23,,IX,ECONOMY,1,0,0,1,ONE_WAY,USD,535,14,22,949.24,949.24
DFW,FRA,2026-08-24,,WN,BUSINESS,4,0,1,1,ONE_WAY,USD,338,3,8,6158.18,6158.18
ORD,MIA,2027-04-13,,WN,ECONOMY,1,2,1,0,ONE_WAY,GBP,110,7,8,821.59,1043.42
NRT,AMS,2026-10-09,,AI,PREMIUM_ECONOMY,2,0,0,0,ONE_WAY,USD,528,18,2,3344.64,3344.64
CGK,AMD,2027-02-13,2027-02-26,TG,FIRST,2,0,0,1,ROUND_TRIP,USD,414,17,23,23180.98,23180.98
MCT,MIA,2027-05-14,2027-05-25,UA,ECONOMY,1,1,0,1,ROUND_TRIP,USD,329,7,12,4140.76,4140.76
NRT,ICN,2026-08-25,,SG,ECONOMY,3,1,1,1,ONE_WAY,EUR,209,19,22,5676.4,6130.51
FCO,MIA,2026-10-16,,WY,ECONOMY,1,0,0,1,ONE_WAY,USD,525,21,5,612.99,612.99
BLR,NRT,2026-10-24,,SG,BUSINESS,1,0,0,0,ONE_WAY,USD,425,14,21,1054.91,1054.91
LHR,BKK,2026-09-07,,WN,BUSINESS,1,0,0,0,ONE_WAY,INR,451,8,15,2239.51,26.87
LHR,ORD,2027-02-06,,EY,ECONOMY,3,2,0,0,ONE_WAY,EUR,345,6,11,3087.31,3334.29
FCO,DFW,2026-09-14,2026-10-09,UK,ECONOMY,2,0,0,1,ROUND_TRIP,INR,236,0,3,1393.83,16.73
SYD,KUL,2027-02-28,2027-03-12,EK,ECONOMY,1,0,0,2,ROUND_TRIP,INR,401,2,8,1251.3,15.02
CCU,MCT,2026-11-10,,KL,ECONOMY,2,1,0,2,ONE_WAY,USD,611,13,23,1280.01,1280.01
HYD,SIN,2027-06-21,2027-07-13,IX,ECONOMY,1,0,0,2,ROUND_TRIP,GBP,254,6,10,1189.35,1510.47
MEL,FCO,2026-11-12,2026-12-04,LH,BUSINESS,1,0,0,1,ROUND_TRIP,USD,653,8,18,6870.93,6870.93
BKK,CGK,2027-01-31,,LH,ECONOMY,3,1,0,1,ONE_WAY,USD,307,13,18,1574.75,1574.75
SFO,BKK,2027-07-09,,LH,BUSINESS,1,0,0,0,ONE_WAY,USD,360,22,4,4546.75,4546.75
MNL,LAX,2027-02-01,2027-02-13,EY,PREMIUM_ECONOMY,1,0,0,1,ROUND_TRIP,USD,420,21,4,772.69,772.69
KUL,MAD,2027-02-15,2027-02-22,DL,ECONOMY,1,0,0,1,ROUND_TRIP,USD,521,11,19,2108.05,2108.05
MAD,MCT,2026-09-15,,6E,PREMIUM_ECONOMY,1,1,0,0,ONE_WAY,USD,149,15,17,1910.43,1910.43
DFW,SIN,2026-12-22,,AI,BUSINESS,2,0,0,2,ONE_WAY,EUR,382,15,21,9606.61,10375.14
LAX,MNL,2026-08-24,2026-09-01,PR,ECONOMY,1,2,0,0,ROUND_TRIP,USD,140,5,7,2237.49,2237.49
DPS,JFK,2026-12-24,,LH,ECONOMY,2,0,0,1,ONE_WAY,INR,277,3,7,3667.67,44.01
DXB,KWI,2027-04-14,2027-04-20,KL,BUSINESS,4,0,0,0,ROUND_TRIP,EUR,432,10,17,18151.88,19604.03
MIA,HKG,2027-02-10,,UA,BUSINESS,1,1,0,0,ONE_WAY,EUR,410,19,1,5249.45,5669.41
MCT,KWI,2027-03-14,,KL,ECONOMY,2,0,0,1,ONE_WAY,AED,394,19,1,507.78,138.12
DFW,DPS,2027-08-09,,MH,ECONOMY,1,0,0,0,ONE_WAY,AED,481,17,1,634.97,172.71
LAX,MAD,2027-02-25,,BA,ECONOMY,2,0,0,0,ONE_WAY,AUD,315,0,5,1675.35,1088.98
SIN,MAD,2026-09-23,2026-10-15,AI,FIRST,2,0,0,1,ROUND_TRIP,USD,569,23,8,5720.97,5720.97
DEL,MNL,2026-10-08,,MH,ECONOMY,1,0,0,1,ONE_WAY,EUR,231,18,21,693.88,749.39
MEL,MAD,2027-08-05,2027-08-29,UA,FIRST,1,0,1,0,ROUND_TRIP,EUR,141,0,2,16438.43,17753.5
AUH,FCO,2027-04-02,,SG,ECONOMY,1,1,1,2,ONE_WAY,INR,815,6,19,986.03,11.83
CGK,HYD,2027-05-13,2027-05-27,IX,ECONOMY,1,0,0,2,ROUND_TRIP,GBP,325,17,22,379.44,481.89
AMS,MCT,2026-09-26,,SG,ECONOMY,2,0,0,1,ONE_WAY,USD,450,9,16,406.55,406.55
MCT,SFO,2026-09-06,2026-09-15,GA,ECONOMY,1,0,0,0,ROUND_TRIP,INR,280,21,1,1226.72,14.72
AUH,CGK,2027-04-02,,BA,ECONOMY,2,0,0,0,ONE_WAY,AED,502,19,3,843.18,229.34
FCO,MCT,2027-08-11,,WY,BUSINESS,1,0,0,0,ONE_WAY,USD,127,17,19,3609.5,3609.5
HYD,BKK,2027-07-14,2027-08-04,IX,PREMIUM_ECONOMY,3,0,0,0,ROUND_TRIP,INR,209,23,2,6864.28,82.37
PNQ,JFK,2026-09-23,,UK,BUSINESS,1,1,0,0,ONE_WAY,USD,92,22,23,4216.28,4216.28
AMS,MNL,2026-11-15,,SQ,ECONOMY,1,0,0,0,ONE_WAY,GBP,98,5,6,504.87,641.18
ZRH,AMS,2027-01-09,2027-01-16,MH,ECONOMY,1,0,1,0,ROUND_TRIP,AED,581,8,17,2530.27,688.23
ICN,CCU,2027-03-06,2027-03-25,IB,ECONOMY,2,2,0,1,ROUND_TRIP,USD,269,20,0,2106.86,2106.86
SIN,NRT,2027-03-01,,EK,ECONOMY,1,0,0,1,ONE_WAY,GBP,451,3,10,359.31,456.32
FRA,DOH,2027-08-10,,PR,BUSINESS,1,0,0,1,ONE_WAY,INR,231,0,3,1815.91,21.79
AMD,JFK,2026-11-26,,WN,ECONOMY,1,0,0,1,ONE_WAY,GBP,662,7,18,296.32,376.33
CGK,DEL,2027-02-18,,UA,ECONOMY,1,0,0,1,ONE_WAY,GBP,552,6,15,244.74,310.82
PNQ,JFK,2027-03-14,,QR,ECONOMY,3,0,0,2,ONE_WAY,USD,268,8,12,3724.33,3724.33
FRA,MAA,2027-05-17,,EY,BUSINESS,1,0,0,1,ONE_WAY,AED,549,22,7,891.69,242.54
SIN,BAH,2027-07-14,2027-07-26,SG,ECONOMY,3,0,1,1,ROUND_TRIP,USD,273,22,2,3964.28,3964.28
PNQ,FRA,2027-03-07,,SG,ECONOMY,3,1,0,0,ONE_WAY,USD,606,9,19,1315.55,1315.55
JFK,CCU,2026-12-02,,GA,BUSINESS,2,0,0,0,ONE_WAY,USD,211,9,12,3047.27,3047.27
ZRH,KWI,2027-04-04,2027-04-17,MH,ECONOMY,2,0,0,2,ROUND_TRIP,EUR,425,17,0,1652.37,1784.56
KWI,PNQ,2027-08-03,,TG,PREMIUM_ECONOMY,1,2,0,0,ONE_WAY,GBP,639,23,9,3779.77,4800.31
MAA,JFK,2026-08-21,,WY,ECONOMY,2,0,1,2,ONE_WAY,AUD,388,3,9,2567.2,1668.68
BOM,MCT,2027-03-05,,SQ,ECONOMY,1,0,0,1,ONE_WAY,USD,753,6,18,1606.05,1606.05
SFO,FCO,2027-01-06,,EK,ECONOMY,3,0,1,1,ONE_WAY,USD,659,6,16,3189.02,3189.02
CGK,SIN,2026-08-16,,LX,PREMIUM_ECONOMY,4,0,0,1,ONE_WAY,GBP,316,2,7,9594.98,12185.62
LHR,MCT,2027-04-02,2027-04-05,QR,ECONOMY,3,1,1,1,ROUND_TRIP,EUR,462,5,12,5845.83,6313.5
CGK,PNQ,2027-04-06,,WN,ECONOMY,1,0,0,0,ONE_WAY,AED,430,11,18,346.47,94.24
PNQ,SIN,2027-03-16,,GA,ECONOMY,4,2,0,0,ONE_WAY,USD,258,16,20,5998.52,5998.52
HKG,KUL,2027-07-24,,DL,ECONOMY,1,0,1,0,ONE_WAY,USD,530,11,19,1964.24,1964.24
DOH,MCT,2026-09-05,2026-09-21,EK,PREMIUM_ECONOMY,2,2,0,1,ROUND_TRIP,EUR,620,18,4,12892.89,13924.32
LHR,FCO,2026-10-23,,GA,PREMIUM_ECONOMY,2,1,0,0,ONE_WAY,INR,349,15,20,1575.82,18.91
BOM,AUH,2027-08-04,2027-08-28,QR,BUSINESS,2,1,0,1,ROUND_TRIP,SGD,656,4,14,18816.86,13924.48
HYD,CGK,2027-06-26,,IX,ECONOMY,1,0,0,1,ONE_WAY,USD,740,21,9,370.38,370.38
MAA,PNQ,2026-12-16,,MH,ECONOMY,2,0,0,2,ONE_WAY,INR,553,17,2,2809.33,33.71
BKK,MEL,2026-11-15,,IB,ECONOMY,1,0,0,1,ONE_WAY,EUR,465,4,11,301.21,325.31
DFW,SIN,2027-03-08,,BA,ECONOMY,2,0,0,0,ONE_WAY,USD,250,4,8,3348.32,3348.32
FCO,MEL,2027-06-12,2027-07-01,SQ,ECONOMY,2,1,0,0,ROUND_TRIP,GBP,61,2,3,5856.43,7437.67
MCT,DEL,2027-08-10,,PR,ECONOMY,1,0,0,0,ONE_WAY,AED,255,17,21,1076.66,292.85
BKK,SFO,2027-02-03,,QR,BUSINESS,1,0,1,1,ONE_WAY,USD,228,1,4,2752.32,2752.32
MAD,FCO,2026-08-17,,QR,BUSINESS,3,0,0,1,ONE_WAY,USD,623,4,14,5644.29,5644.29
FRA,PNQ,2027-05-07,,KL,ECONOMY,2,0,0,1,ONE_WAY,USD,651,23,9,742.1,742.1
JFK,PNQ,2027-04-18,,SQ,PREMIUM_ECONOMY,1,0,1,1,ONE_WAY,USD,578,22,7,2182.06,2182.06
CGK,SFO,2027-05-14,2027-05-23,EK,ECONOMY,1,1,0,2,ROUND_TRIP,USD,431,16,23,4640.51,4640.51
CCU,BKK,2027-03-12,,QR,ECONOMY,1,0,0,1,ONE_WAY,AUD,294,16,20,1527.52,992.89
BAH,DOH,2027-02-03,,TG,BUSINESS,2,1,0,1,ONE_WAY,AED,607,16,2,6026.34,1639.16
JFK,PNQ,2026-11-19,,UK,ECONOMY,3,0,0,0,ONE_WAY,AED,476,23,6,2303.29,626.49
DPS,MIA,2026-12-16,2026-12-29,AA,ECONOMY,1,0,0,0,ROUND_TRIP,USD,195,13,16,1043.31,1043.31
CCU,SFO,2027-07-04,,LX,BUSINESS,1,0,0,1,ONE_WAY,USD,402,17,23,1848.34,1848.34
KUL,CCU,2026-09-06,2026-09-20,UA,ECONOMY,2,0,0,1,ROUND_TRIP,INR,423,2,9,5693.44,68.32
FRA,MNL,2027-08-09,2027-08-14,QR,FIRST,1,0,1,0,ROUND_TRIP,EUR,539,22,6,11487.96,12407.0
CCU,ZRH,2027-01-28,,GA,ECONOMY,1,0,0,0,ONE_WAY,USD,546,18,3,1324.65,1324.65
LHR,ZRH,2027-06-21,2027-07-01,DL,BUSINESS,4,0,0,1,ROUND_TRIP,INR,152,7,9,11919.44,143.03
AMD,DFW,2026-08-16,,SG,PREMIUM_ECONOMY,1,1,0,0,ONE_WAY,USD,472,12,19,3998.11,3998.11
AMD,MIA,2027-07-08,2027-07-11,TG,PREMIUM_ECONOMY,1,1,0,2,ROUND_TRIP,USD,532,19,3,5219.79,5219.79
NRT,MAA,2027-01-28,,AA,ECONOMY,1,1,0,0,ONE_WAY,USD,222,11,14,2502.42,2502.42
AUH,ZRH,2026-10-31,,LX,BUSINESS,2,0,0,2,ONE_WAY,INR,538,0,8,6971.78,83.66
DEL,MAD,2026-08-28,,DL,PREMIUM_ECONOMY,2,0,0,2,ONE_WAY,USD,506,2,10,1354.18,1354.18
BLR,MIA,2027-05-25,,KL,FIRST,3,0,0,1,ONE_WAY,USD,589,18,3,15024.83,15024.83
FRA,BLR,2027-03-15,2027-03-28,GF,ECONOMY,2,0,0,0,ROUND_TRIP,AED,159,12,14,3137.14,853.3
DFW,AMS,2026-09-25,,UK,PREMIUM_ECONOMY,1,0,0,2,ONE_WAY,USD,794,3,16,1601.67,1601.67
AMD,ICN,2027-07-03,2027-07-24,MH,PREMIUM_ECONOMY,2,0,0,1,ROUND_TRIP,GBP,516,5,13,9514.45,12083.35
SFO,KWI,2026-12-13,,LH,PREMIUM_ECONOMY,1,0,0,2,ONE_WAY,USD,523,6,14,2527.94,2527.94
HKG,FRA,2026-11-19,,UA,ECONOMY,1,1,0,1,ONE_WAY,USD,736,0,12,1619.65,1619.65
FRA,MCT,2026-10-16,,WY,FIRST,2,0,0,0,ONE_WAY,GBP,247,22,2,15679.69,19913.21
LHR,SYD,2027-02-06,,DL,BUSINESS,1,0,1,2,ONE_WAY,USD,259,17,21,2875.11,2875.11
MEL,BOM,2027-04-21,,UK,BUSINESS,1,0,0,1,ONE_WAY,USD,435,1,8,1968.02,1968.02
HYD,JFK,2026-09-17,2026-10-14,WN,ECONOMY,2,0,0,0,ROUND_TRIP,EUR,522,19,3,2618.28,2827.74
MEL,PNQ,2027-06-10,2027-06-26,AA,BUSINESS,1,1,0,0,ROUND_TRIP,EUR,601,2,12,5593.53,6041.01
BKK,MNL,2027-07-24,2027-08-21,SG,ECONOMY,2,1,0,1,ROUND_TRIP,USD,495,5,13,5265.32,5265.32
DFW,AMD,2026-12-27,2027-01-02,LH,BUSINESS,1,0,0,1,ROUND_TRIP,GBP,210,22,1,2597.09,3298.3
BKK,MNL,2026-12-27,2027-01-08,6E,ECONOMY,1,2,0,1,ROUND_TRIP,INR,456,17,0,6632.1,79.59
ICN,SYD,2027-06-03,2027-06-09,UA,PREMIUM_ECONOMY,4,1,0,0,ROUND_TRIP,EUR,61,18,19,7044.57,7608.14
AMS,CCU,2026-11-30,,GF,BUSINESS,3,1,0,2,ONE_WAY,USD,473,17,0,14354.76,14354.76
KWI,SYD,2027-07-31,,TG,BUSINESS,1,0,0,1,ONE_WAY,AED,167,23,1,4084.35,1110.94
KWI,LHR,2027-01-12,,KL,PREMIUM_ECONOMY,1,0,0,0,ONE_WAY,USD,128,9,11,700.73,700.73
HKG,MAD,2027-01-12,,QR,FIRST,2,2,0,1,ONE_WAY,USD,652,19,5,28230.13,28230.13
KUL,BAH,2027-07-08,,6E,BUSINESS,2,0,0,1,ONE_WAY,SGD,539,20,4,5099.6,3773.7
HKG,AMS,2027-02-09,,AF,ECONOMY,2,0,0,0,ONE_WAY,USD,147,12,14,2581.61,2581.61
MIA,DXB,2027-06-12,2027-07-07,SG,ECONOMY,1,0,0,1,ROUND_TRIP,GBP,671,10,21,1717.03,2180.63
BOM,HYD,2026-09-04,,6E,BUSINESS,1,1,0,1,ONE_WAY,USD,425,11,18,1249.79,1249.79
ORD,BKK,2027-05-28,2027-06-06,IX,BUSINESS,1,0,0,0,ROUND_TRIP,USD,380,18,0,4458.63,4458.63
BOM,JFK,2027-07-20,,EY,ECONOMY,1,0,0,2,ONE_WAY,USD,770,14,2,1491.18,1491.18
AUH,MAD,2027-03-17,,AA,FIRST,1,0,1,2,ONE_WAY,INR,664,15,2,1678.62,20.14
AMS,MIA,2027-03-16,,AF,BUSINESS,1,2,0,0,ONE_WAY,INR,471,20,3,5646.81,67.76
HYD,HKG,2027-05-22,2027-06-05,IB,ECONOMY,1,0,0,1,ROUND_TRIP,SGD,626,12,22,1741.85,1288.97
FCO,DFW,2027-07-14,2027-08-05,SG,BUSINESS,1,0,0,1,ROUND_TRIP,USD,232,21,0,2665.05,2665.05
LAX,AUH,2026-12-15,,EK,PREMIUM_ECONOMY,1,0,0,1,ONE_WAY,AED,540,8,17,1870.32,508.73
MAA,MAD,2027-07-17,,GF,ECONOMY,1,2,0,1,ONE_WAY,EUR,703,23,10,1716.44,1853.76
BAH,MAA,2027-03-16,2027-03-20,AA,ECONOMY,4,0,0,1,ROUND_TRIP,AUD,249,13,17,6533.13,4246.53
ICN,HKG,2027-08-08,,AA,PREMIUM_ECONOMY,1,2,1,0,ONE_WAY,INR,264,0,4,5310.42,63.73
ICN,MAD,2027-01-23,2027-02-19,AF,ECONOMY,1,0,0,1,ROUND_TRIP,EUR,355,3,8,1753.8,1894.1
LHR,CCU,2027-04-18,2027-05-10,IX,ECONOMY,1,0,0,1,ROUND_TRIP,GBP,412,1,7,1407.46,1787.47
HKG,SIN,2026-08-21,2026-09-18,BA,BUSINESS,3,1,0,0,ROUND_TRIP,USD,339,23,4,38338.14,38338.14
MEL,CDG,2027-02-28,,WN,ECONOMY,3,0,0,0,ONE_WAY,AUD,194,9,12,2202.68,1431.74
DFW,ORD,2026-11-22,2026-12-05,BA,ECONOMY,1,0,0,1,ROUND_TRIP,INR,404,3,9,1880.72,22.57
ICN,CDG,2027-04-27,2027-05-01,IX,ECONOMY,3,1,0,1,ROUND_TRIP,USD,657,1,11,6648.31,6648.31
NRT,BLR,2027-07-30,2027-08-17,6E,PREMIUM_ECONOMY,4,0,0,0,ROUND_TRIP,USD,280,7,11,7680.92,7680.92
MCT,AUH,2027-07-04,2027-07-14,UA,ECONOMY,1,0,1,1,ROUND_TRIP,USD,547,13,22,1613.52,1613.52
FRA,ICN,2026-10-23,,QR,ECONOMY,1,0,0,1,ONE_WAY,USD,592,18,3,552.11,552.11
KUL,ZRH,2026-12-24,,AA,ECONOMY,1,0,0,1,ONE_WAY,USD,252,9,13,1420.26,1420.26
LAX,DPS,2027-05-09,2027-05-18,UA,FIRST,1,2,0,0,ROUND_TRIP,GBP,371,1,7,24045.75,30538.1
SFO,AUH,2026-12-29,2027-01-09,KL,ECONOMY,3,2,0,1,ROUND_TRIP,USD,324,9,14,13348.2,13348.2
CCU,DOH,2026-12-17,,GA,ECONOMY,4,0,0,0,ONE_WAY,USD,418,21,3,5325.49,5325.49
HYD,ICN,2027-07-10,,SG,PREMIUM_ECONOMY,4,0,0,2,ONE_WAY,USD,385,21,3,2981.84,2981.84
HKG,AMS,2027-05-16,2027-06-15,6E,ECONOMY,2,0,0,0,ROUND_TRIP,INR,147,14,16,3548.44,42.58
CGK,ORD,2027-04-08,2027-04-27,SG,PREMIUM_ECONOMY,1,1,0,0,ROUND_TRIP,USD,284,23,3,1950.37,1950.37
FRA,SYD,2026-12-10,2026-12-30,GF,ECONOMY,2,1,1,0,ROUND_TRIP,USD,430,21,4,10563.52,10563.52
LAX,FRA,2026-09-22,,QR,ECONOMY,1,1,0,1,ONE_WAY,AED,681,19,6,2051.31,557.96
JFK,SIN,2027-02-17,,UA,ECONOMY,1,0,0,0,ONE_WAY,USD,503,16,0,525.53,525.53
NRT,BAH,2027-01-29,2027-02-15,GA,PREMIUM_ECONOMY,2,0,0,1,ROUND_TRIP,USD,583,0,9,5077.7,5077.7
KUL,HKG,2027-08-13,2027-09-11,WN,PREMIUM_ECONOMY,3,0,0,0,ROUND_TRIP,INR,503,10,18,12510.74,150.13
CGK,ZRH,2027-05-10,,SQ,PREMIUM_ECONOMY,3,0,0,2,ONE_WAY,USD,607,15,1,4349.14,4349.14
FCO,DOH,2027-05-11,,AF,BUSINESS,1,0,1,2,ONE_WAY,INR,618,9,19,1918.83,23.03
HKG,MCT,2027-04-14,,MH,ECONOMY,1,0,0,1,ONE_WAY,EUR,436,4,11,561.71,606.65
CGK,LAX,2026-12-12,,6E,BUSINESS,1,0,0,0,ONE_WAY,USD,61,17,18,2783.23,2783.23
BKK,DOH,2027-07-06,,AA,FIRST,1,0,0,1,ONE_WAY,EUR,434,9,16,4016.24,4337.54
ZRH,DEL,2027-08-13,2027-08-23,GA,PREMIUM_ECONOMY,1,0,0,1,ROUND_TRIP,EUR,431,11,18,4421.24,4774.94
AUH,MCT,2026-08-16,,DL,ECONOMY,1,0,1,1,ONE_WAY,USD,718,21,8,1658.98,1658.98
DXB,BAH,2027-02-26,,IX,FIRST,1,0,0,1,ONE_WAY,USD,714,1,12,6018.86,6018.86
MEL,NRT,2027-05-15,,AI,ECONOMY,1,1,0,0,ONE_WAY,INR,406,5,11,1737.97,20.86
MEL,AMD,2027-05-12,,PR,ECONOMY,2,0,0,1,ONE_WAY,EUR,588,20,5,1769.07,1910.6
HKG,ORD,2027-02-08,2027-02-12,IB,PREMIUM_ECONOMY,4,0,0,0,ROUND_TRIP,USD,67,4,5,6513.66,6513.66
DEL,SFO,2027-01-01,,EY,ECONOMY,1,0,0,0,ONE_WAY,INR,380,2,8,712.88,8.55
SIN,FRA,2027-07-05,2027-07-29,PR,BUSINESS,1,0,0,0,ROUND_TRIP,EUR,162,23,1,3798.42,4102.29
PNQ,MAD,2027-03-29,,EK,PREMIUM_ECONOMY,4,1,0,0,ONE_WAY,USD,547,8,17,3928.11,3928.11
BKK,NRT,2027-01-27,,WY,ECONOMY,1,1,0,0,ONE_WAY,INR,142,23,1,1211.81,14.54
LHR,CDG,2027-01-29,2027-02-02,LX,ECONOMY,2,1,0,0,ROUND_TRIP,USD,535,3,11,2801.3,2801.3
AMS,PNQ,2026-09-08,,LX,ECONOMY,1,1,0,1,ONE_WAY,EUR,516,1,9,904.61,976.98
PNQ,ICN,2027-01-15,2027-02-03,AF,ECONOMY,2,0,0,0,ROUND_TRIP,EUR,86,21,22,3407.88,3680.51
CCU,FCO,2027-08-07,2027-08-21,6E,ECONOMY,1,2,0,2,ROUND_TRIP,GBP,538,20,4,1377.6,1749.55
BOM,NRT,2026-12-06,2027-01-01,LX,ECONOMY,1,0,0,2,ROUND_TRIP,EUR,773,23,11,3075.08,3321.09
DXB,MCT,2027-07-21,2027-07-30,LX,ECONOMY,1,0,0,0,ROUND_TRIP,USD,119,20,21,2093.15,2093.15
FCO,AMD,2026-09-16,,UA,BUSINESS,4,1,1,1,ONE_WAY,USD,465,15,22,17718.37,17718.37
BKK,CDG,2027-05-30,,QR,BUSINESS,1,0,0,0,ONE_WAY,USD,283,15,19,5483.24,5483.24
CCU,HYD,2027-06-16,,UA,ECONOMY,1,0,0,2,ONE_WAY,GBP,781,19,8,1101.41,1398.79
DEL,BKK,2026-10-04,,MH,ECONOMY,3,0,1,0,ONE_WAY,EUR,237,2,5,1166.7,1260.04
SYD,DPS,2026-12-13,2026-12-16,IX,BUSINESS,1,0,0,1,ROUND_TRIP,AUD,364,18,0,5042.82,3277.83
ZRH,LHR,2027-03-10,,EY,PREMIUM_ECONOMY,2,2,0,1,ONE_WAY,SGD,421,18,1,6148.23,4549.69
CGK,ZRH,2027-01-04,,SQ,ECONOMY,1,0,0,0,ONE_WAY,USD,461,21,4,916.85,916.85
DOH,BAH,2026-12-15,2026-12-19,AI,ECONOMY,2,0,0,0,ROUND_TRIP,EUR,457,0,7,6025.84,6507.91
BLR,MEL,2026-09-03,,PR,ECONOMY,1,1,0,1,ONE_WAY,AUD,256,16,20,1239.94,805.96
LAX,LHR,2026-11-05,2026-11-22,GF,FIRST,1,0,0,0,ROUND_TRIP,USD,157,14,16,7767.98,7767.98
MNL,BAH,2027-04-02,,IX,BUSINESS,1,0,0,2,ONE_WAY,SGD,384,21,3,2452.93,1815.17
PNQ,DEL,2027-04-03,,QR,ECONOMY,1,0,0,0,ONE_WAY,SGD,176,8,10,398.33,294.76
HKG,AMS,2027-07-31,,SQ,ECONOMY,2,1,0,0,ONE_WAY,USD,147,20,22,4696.48,4696.48
PNQ,MAD,2027-07-08,,UA,ECONOMY,1,1,0,1,ONE_WAY,USD,617,18,4,834.52,834.52
SYD,MAA,2027-01-08,2027-01-21,DL,ECONOMY,1,0,0,1,ROUND_TRIP,SGD,518,12,20,997.75,738.34
NRT,FCO,2027-03-05,2027-03-18,KL,ECONOMY,2,0,0,0,ROUND_TRIP,USD,615,19,5,1490.17,1490.17
HYD,PNQ,2027-05-02,2027-05-30,GF,ECONOMY,2,0,0,0,ROUND_TRIP,GBP,617,7,17,5022.31,6378.33
NRT,DXB,2026-09-19,,GA,ECONOMY,2,1,0,1,ONE_WAY,EUR,490,4,12,1471.14,1588.83
DPS,PNQ,2026-08-27,2026-09-20,AF,PREMIUM_ECONOMY,1,1,0,1,ROUND_TRIP,EUR,243,16,20,7105.53,7673.97
SIN,DFW,2027-07-19,2027-08-01,LH,ECONOMY,2,0,0,1,ROUND_TRIP,USD,634,19,5,2915.32,2915.32
CGK,MCT,2027-05-09,2027-05-16,MH,PREMIUM_ECONOMY,1,0,0,1,ROUND_TRIP,EUR,594,6,15,3026.66,3268.79
CDG,MNL,2026-11-11,,QR,BUSINESS,1,0,0,1,ONE_WAY,USD,574,13,22,2780.08,2780.08
JFK,KUL,2027-02-14,2027-02-21,6E,ECONOMY,4,0,0,1,ROUND_TRIP,EUR,733,2,14,5986.9,6465.85
MCT,DXB,2027-05-01,,SG,ECONOMY,2,0,0,1,ONE_WAY,USD,359,16,21,1760.23,1760.23
DOH,ORD,2027-04-26,2027-05-25,BA,BUSINESS,2,0,0,1,ROUND_TRIP,EUR,414,21,3,11309.94,12214.74
BKK,MAA,2027-01-05,2027-01-15,MH,PREMIUM_ECONOMY,1,0,0,0,ROUND_TRIP,USD,355,9,14,982.98,982.98
MNL,FCO,2026-11-03,,IB,ECONOMY,2,0,0,1,ONE_WAY,AED,449,9,16,2163.63,588.51
NRT,ZRH,2026-12-20,,DL,ECONOMY,3,2,0,2,ONE_WAY,EUR,384,3,9,6767.36,7308.75
MIA,CGK,2026-10-26,,EK,ECONOMY,2,0,0,1,ONE_WAY,USD,209,3,6,1510.97,1510.97
MIA,BKK,2027-01-31,2027-02-25,IB,ECONOMY,2,0,0,0,ROUND_TRIP,GBP,381,19,1,2329.63,2958.63
HYD,MNL,2027-05-25,2027-06-15,SG,BUSINESS,2,0,0,0,ROUND_TRIP,EUR,258,20,0,6202.65,6698.86
HYD,JFK,2027-04-18,,6E,ECONOMY,4,0,0,0,ONE_WAY,USD,522,22,6,3439.95,3439.95
LAX,DFW,2026-09-21,2026-10-07,GF,ECONOMY,1,0,1,0,ROUND_TRIP,USD,596,9,18,814.3,814.3
CCU,ORD,2027-03-06,,SQ,ECONOMY,1,0,0,0,ONE_WAY,GBP,121,10,12,980.03,1244.64
FRA,MCT,2027-03-05,2027-03-16,BA,ECONOMY,1,2,0,0,ROUND_TRIP,INR,247,14,18,7475.86,89.71
MIA,BKK,2026-12-27,2027-01-01,WN,ECONOMY,1,0,0,1,ROUND_TRIP,INR,491,9,17,1108.36,13.3
AMS,MEL,2026-12-27,2027-01-05,KL,ECONOMY,1,0,0,0,ROUND_TRIP,GBP,409,11,17,2285.98,2903.19
MAA,ICN,2027-02-16,2027-02-22,WY,ECONOMY,2,0,0,1,ROUND_TRIP,SGD,503,6,14,3844.35,2844.82
HYD,ZRH,2026-12-12,,WN,PREMIUM_ECONOMY,2,2,0,2,ONE_WAY,USD,643,16,2,2825.28,2825.28
CGK,BOM,2027-02-26,,GA,PREMIUM_ECONOMY,2,0,1,0,ONE_WAY,INR,496,6,14,809.12,9.71
AUH,FRA,2026-10-09,2026-11-03,AF,ECONOMY,3,0,0,1,ROUND_TRIP,USD,587,19,4,2958.67,2958.67
MAD,DPS,2026-12-14,,GA,ECONOMY,2,0,0,0,ONE_WAY,INR,566,17,2,1391.5,16.7
DOH,MAD,2027-04-22,,LH,ECONOMY,1,0,0,1,ONE_WAY,USD,351,19,0,1447.53,1447.53
CCU,PNQ,2026-12-19,2027-01-14,LX,ECONOMY,1,2,0,1,ROUND_TRIP,AED,457,6,13,7927.34,2156.24
CDG,ORD,2027-07-04,2027-07-07,KL,ECONOMY,2,1,1,1,ROUND_TRIP,AED,384,8,14,3252.31,884.63
BOM,DPS,2027-06-22,2027-07-12,WY,ECONOMY,1,1,0,1,ROUND_TRIP,GBP,225,5,8,1751.44,2224.33
MAD,MIA,2027-07-08,2027-07-20,UA,ECONOMY,1,0,0,1,ROUND_TRIP,EUR,719,20,7,1577.26,1703.44
BKK,LHR,2027-05-25,,IX,FIRST,4,0,0,0,ONE_WAY,AED,446,23,6,16794.34,4568.06
DOH,LAX,2027-02-07,,WY,ECONOMY,2,0,0,0,ONE_WAY,USD,379,19,1,1666.71,1666.71
AMS,FRA,2027-01-14,,IB,ECONOMY,1,0,0,1,ONE_WAY,EUR,670,21,8,1243.47,1342.95
KWI,ORD,2027-02-21,,EY,ECONOMY,1,0,0,0,ONE_WAY,USD,651,3,13,1212.63,1212.63
DPS,ORD,2026-10-22,2026-11-16,BA,BUSINESS,2,0,1,0,ROUND_TRIP,GBP,262,17,21,3325.17,4222.97
BKK,BOM,2026-11-21,,KL,ECONOMY,1,0,0,0,ONE_WAY,INR,602,21,7,1220.83,14.65
BKK,KUL,2027-03-21,2027-03-27,UK,ECONOMY,1,0,0,2,ROUND_TRIP,EUR,323,11,16,504.06,544.38
CDG,DEL,2027-04-13,,BA,BUSINESS,3,0,0,0,ONE_WAY,INR,407,20,2,9900.8,118.81
DEL,NRT,2027-08-09,,AA,BUSINESS,3,0,0,0,ONE_WAY,USD,344,18,23,16697.3,16697.3
LAX,FRA,2027-06-07,,LX,ECONOMY,1,1,0,1,ONE_WAY,INR,664,0,11,1640.65,19.69
ZRH,CCU,2027-04-08,2027-04-29,AI,ECONOMY,1,0,0,1,ROUND_TRIP,USD,234,18,21,1477.49,1477.49
JFK,FRA,2027-04-10,2027-04-28,EY,ECONOMY,3,0,0,2,ROUND_TRIP,USD,573,20,5,4695.86,4695.86
DEL,CDG,2027-02-25,,LX,BUSINESS,1,1,0,0,ONE_WAY,USD,596,0,9,4472.82,4472.82
DPS,ORD,2027-05-02,2027-05-18,DL,ECONOMY,1,0,0,0,ROUND_TRIP,EUR,262,12,16,479.12,517.45
BOM,DPS,2027-02-21,,DL,PREMIUM_ECONOMY,2,2,0,1,ONE_WAY,GBP,278,18,22,3227.85,4099.37
HKG,MNL,2027-06-18,2027-07-09,QR,ECONOMY,3,1,0,0,ROUND_TRIP,GBP,138,13,15,7414.69,9416.66
AMS,ICN,2027-07-18,2027-08-03,MH,ECONOMY,4,2,0,1,ROUND_TRIP,GBP,246,20,0,6353.95,8069.52
KWI,DPS,2027-06-07,,MH,BUSINESS,3,1,0,1,ONE_WAY,GBP,567,9,18,13575.2,17240.5
MNL,BLR,2026-11-18,,6E,ECONOMY,2,1,1,0,ONE_WAY,INR,96,7,8,1445.99,17.35
AUH,PNQ,2027-05-19,,SQ,BUSINESS,4,1,0,0,ONE_WAY,USD,511,20,4,5455.04,5455.04
SFO,CDG,2026-10-27,2026-11-26,UK,FIRST,2,0,0,0,ROUND_TRIP,GBP,248,3,7,22053.32,28007.72
HKG,JFK,2026-10-13,2026-10-31,WN,ECONOMY,1,1,0,1,ROUND_TRIP,USD,412,6,12,2037.73,2037.73
MIA,DFW,2026-08-14,,KL,ECONOMY,1,0,0,2,ONE_WAY,USD,664,22,9,1323.12,1323.12
PNQ,AMD,2026-12-27,,AI,BUSINESS,1,0,0,0,ONE_WAY,USD,107,18,19,2891.14,2891.14
ZRH,CCU,2027-01-27,2027-02-01,TG,ECONOMY,2,0,0,0,ROUND_TRIP,EUR,121,14,16,3546.52,3830.24
CDG,SFO,2027-06-14,2027-06-23,DL,ECONOMY,3,0,0,0,ROUND_TRIP,AED,548,0,9,9705.42,2639.87
AMS,BLR,2027-06-18,2027-07-08,AA,ECONOMY,1,0,0,1,ROUND_TRIP,USD,640,22,8,1489.58,1489.58
BAH,CCU,2026-12-13,2027-01-07,AF,ECONOMY,2,0,0,1,ROUND_TRIP,USD,610,1,11,6855.25,6855.25
LAX,DEL,2027-03-31,2027-04-06,BA,ECONOMY,4,0,0,0,ROUND_TRIP,USD,113,1,2,4395.08,4395.08
ORD,AMD,2027-04-26,2027-05-08,AI,BUSINESS,3,0,0,0,ROUND_TRIP,GBP,198,18,21,20170.15,25616.09
LAX,ORD,2027-01-31,2027-02-11,MH,ECONOMY,1,1,0,1,ROUND_TRIP,USD,596,18,3,1776.52,1776.52
HKG,AMD,2027-05-26,,IX,BUSINESS,2,0,0,1,ONE_WAY,EUR,512,12,20,3816.23,4121.53
CDG,KWI,2027-03-18,,6E,ECONOMY,1,0,0,0,ONE_WAY,GBP,286,4,8,363.61,461.78
JFK,ICN,2026-10-03,2026-10-17,UA,ECONOMY,2,0,0,1,ROUND_TRIP,INR,278,3,7,2748.97,32.99
BOM,KUL,2026-12-22,,AA,BUSINESS,1,1,0,0,ONE_WAY,USD,506,21,5,12368.61,12368.61
BKK,SFO,2027-07-20,,BA,ECONOMY,3,0,0,1,ONE_WAY,USD,178,11,13,3169.58,3169.58
MIA,MAA,2027-08-03,2027-08-24,WY,ECONOMY,3,2,0,0,ROUND_TRIP,USD,416,0,6,11098.69,11098.69
FCO,DPS,2027-06-24,2027-07-11,KL,ECONOMY,3,0,0,2,ROUND_TRIP,USD,326,23,4,6083.23,6083.23
DPS,BLR,2026-08-21,,IB,BUSINESS,1,0,0,0,ONE_WAY,EUR,332,7,12,4322.03,4667.79
CGK,HKG,2027-04-13,2027-04-30,AI,ECONOMY,1,2,0,1,ROUND_TRIP,INR,596,17,2,1278.88,15.35
SIN,LHR,2027-04-06,2027-04-12,BA,ECONOMY,2,1,0,2,ROUND_TRIP,EUR,291,13,17,5423.51,5857.39
LHR,ORD,2027-04-29,,EK,BUSINESS,2,0,0,0,ONE_WAY,EUR,345,2,7,7847.47,8475.27
MCT,DXB,2026-09-25,,KL,ECONOMY,4,1,1,2,ONE_WAY,INR,469,21,4,4449.21,53.39
DXB,BLR,2027-01-19,2027-01-22,6E,ECONOMY,1,1,0,0,ROUND_TRIP,GBP,401,14,20,2122.35,2695.38
ICN,ORD,2027-05-25,2027-06-11,QR,ECONOMY,1,0,0,1,ROUND_TRIP,USD,257,10,14,1302.29,1302.29
FRA,SYD,2026-12-21,,QR,ECONOMY,1,1,0,1,ONE_WAY,USD,550,11,20,3540.91,3540.91
NRT,KUL,2027-03-24,,PR,ECONOMY,1,0,1,0,ONE_WAY,GBP,107,17,18,936.98,1189.96
DEL,PNQ,2027-07-24,2027-07-29,AA,ECONOMY,3,1,0,1,ROUND_TRIP,INR,654,4,14,7046.74,84.56
ORD,AMD,2027-06-04,,EK,ECONOMY,2,0,0,0,ONE_WAY,SGD,198,22,1,2780.67,2057.7
JFK,DFW,2026-10-05,2026-10-11,LX,BUSINESS,2,0,0,1,ROUND_TRIP,AED,440,15,22,10838.24,2948.0
DXB,HYD,2027-02-24,,QR,ECONOMY,2,0,1,1,ONE_WAY,AUD,761,11,23,1261.38,819.9
KWI,LHR,2027-02-27,,AI,ECONOMY,1,0,1,0,ONE_WAY,USD,128,9,11,434.4,434.4
MCT,BAH,2026-11-03,2026-11-08,GA,BUSINESS,1,0,0,1,ROUND_TRIP,USD,649,2,12,3405.36,3405.36
DOH,KUL,2027-04-12,2027-04-28,PR,BUSINESS,4,0,0,1,ROUND_TRIP,AUD,677,20,7,12145.06,7894.29
DXB,BLR,2026-12-17,2026-12-22,SQ,FIRST,2,0,0,1,ROUND_TRIP,USD,465,1,8,33872.16,33872.16
BOM,AMS,2027-03-15,2027-04-04,AF,ECONOMY,4,0,0,0,ROUND_TRIP,USD,253,12,16,5617.6,5617.6
LAX,CCU,2027-05-12,2027-05-22,AI,ECONOMY,1,0,0,1,ROUND_TRIP,USD,545,18,3,2299.26,2299.26
DOH,LAX,2027-08-12,,EY,ECONOMY,3,0,0,1,ONE_WAY,EUR,461,13,20,3219.74,3477.32
KUL,MNL,2026-12-12,,AF,ECONOMY,2,0,0,0,ONE_WAY,USD,223,2,5,2051.18,2051.18
JFK,CDG,2027-05-01,2027-05-12,WY,ECONOMY,3,0,0,0,ROUND_TRIP,GBP,363,21,3,4365.74,5544.49
KUL,SYD,2027-01-09,2027-01-20,TG,BUSINESS,1,1,0,1,ROUND_TRIP,USD,353,14,19,9487.28,9487.28
ICN,FCO,2027-08-07,2027-08-18,AA,ECONOMY,2,1,0,0,ROUND_TRIP,INR,156,5,7,4360.75,52.33
ORD,CGK,2027-06-06,2027-06-11,IX,PREMIUM_ECONOMY,1,0,0,0,ROUND_TRIP,USD,125,8,10,1963.73,1963.73
MIA,MAD,2027-07-06,2027-07-13,TG,ECONOMY,2,0,0,1,ROUND_TRIP,USD,743,10,22,5119.41,5119.41
MEL,PNQ,2026-09-13,2026-10-05,EY,ECONOMY,1,0,0,1,ROUND_TRIP,USD,690,21,8,700.77,700.77
MCT,AMS,2027-06-16,,AF,ECONOMY,1,2,0,0,ONE_WAY,INR,445,2,9,2210.93,26.53
DPS,BAH,2027-01-25,,UA,BUSINESS,3,0,0,2,ONE_WAY,GBP,822,0,13,15432.68,19599.5
ICN,ZRH,2027-04-28,,BA,ECONOMY,1,0,0,0,ONE_WAY,EUR,302,10,15,667.81,721.23
SFO,DOH,2026-12-09,2027-01-07,SG,ECONOMY,4,0,0,0,ROUND_TRIP,INR,300,16,21,2236.32,26.84
AMS,DFW,2027-07-12,2027-07-16,KL,BUSINESS,3,0,0,0,ROUND_TRIP,USD,616,2,12,17158.07,17158.07
FRA,MIA,2026-10-24,,GA,ECONOMY,1,1,0,1,ONE_WAY,USD,459,2,9,779.48,779.48
NRT,HKG,2027-06-03,,GF,ECONOMY,1,0,0,0,ONE_WAY,USD,492,16,0,1047.07,1047.07
LHR,BOM,2026-09-18,2026-10-16,DL,PREMIUM_ECONOMY,2,0,1,0,ROUND_TRIP,USD,416,15,21,6832.24,6832.24
BKK,HYD,2026-09-13,,TG,ECONOMY,1,0,0,1,ONE_WAY,GBP,203,21,0,439.5,558.16
BOM,DEL,2027-02-17,2027-03-13,WN,BUSINESS,1,1,0,1,ROUND_TRIP,EUR,271,19,23,5220.29,5637.91
AUH,CCU,2026-12-24,2027-01-08,EY,ECONOMY,1,0,0,0,ROUND_TRIP,USD,562,13,22,1437.87,1437.87
LHR,CGK,2026-11-11,2026-11-19,6E,ECONOMY,1,0,0,0,ROUND_TRIP,AED,83,3,4,292.24,79.49
JFK,HKG,2027-07-12,2027-08-08,EK,ECONOMY,4,0,0,2,ROUND_TRIP,USD,630,17,3,4025.47,4025.47
ZRH,ORD,2026-11-28,,BA,ECONOMY,1,0,0,1,ONE_WAY,AED,602,23,9,936.28,254.67
SYD,HKG,2027-05-27,2027-06-22,GF,BUSINESS,2,1,0,1,ROUND_TRIP,SGD,748,22,10,8667.76,6414.14
SFO,DFW,2026-11-14,,AA,ECONOMY,2,0,0,2,ONE_WAY,USD,547,16,1,1151.62,1151.62
BAH,HYD,2026-12-11,,BA,ECONOMY,1,0,1,0,ONE_WAY,AUD,257,20,0,2060.95,1339.62
BOM,CGK,2027-07-06,2027-08-05,SQ,ECONOMY,3,0,1,2,ROUND_TRIP,INR,518,11,19,10317.32,123.81
DEL,KUL,2026-12-26,,DL,PREMIUM_ECONOMY,1,0,0,0,ONE_WAY,AED,102,16,17,2846.79,774.33
DPS,AMD,2027-05-08,,LH,BUSINESS,1,1,0,1,ONE_WAY,USD,226,9,12,1968.11,1968.11
FCO,HKG,2027-02-08,2027-03-10,UK,ECONOMY,3,0,0,1,ROUND_TRIP,AED,739,2,14,5081.4,1382.14
MIA,DOH,2027-05-09,2027-05-21,IX,ECONOMY,2,0,0,0,ROUND_TRIP,USD,296,21,1,2195.31,2195.31
MIA,CDG,2026-10-05,2026-10-18,QR,ECONOMY,2,0,0,0,ROUND_TRIP,AUD,476,20,3,4745.61,3084.65
MEL,KWI,2027-01-03,,PR,FIRST,3,2,0,1,ONE_WAY,USD,210,3,6,21259.53,21259.53
AMS,SIN,2026-12-13,2026-12-28,GA,ECONOMY,3,0,0,0,ROUND_TRIP,EUR,220,2,5,6811.34,7356.25
PNQ,AMD,2027-03-22,,AF,BUSINESS,4,0,0,1,ONE_WAY,INR,198,16,19,9135.45,109.63
ZRH,SIN,2027-07-16,2027-08-13,SQ,ECONOMY,1,0,0,0,ROUND_TRIP,USD,494,17,1,3757.07,3757.07
BAH,PNQ,2027-07-11,2027-07-28,WY,ECONOMY,1,0,0,1,ROUND_TRIP,USD,718,9,20,2563.89,2563.89
ZRH,MNL,2026-09-17,2026-09-25,DL,ECONOMY,1,0,0,0,ROUND_TRIP,AED,600,8,18,2050.21,557.66
ICN,AUH,2027-05-05,,WY,BUSINESS,4,1,0,0,ONE_WAY,USD,408,20,2,21809.34,21809.34
BAH,SIN,2026-10-08,,MH,ECONOMY,1,0,1,0,ONE_WAY,USD,226,20,23,422.66,422.66
MAD,SFO,2026-10-20,2026-11-17,AF,ECONOMY,1,1,0,1,ROUND_TRIP,AED,673,7,18,3325.08,904.42
BKK,BOM,2027-06-08,2027-06-25,AA,BUSINESS,3,0,0,0,ROUND_TRIP,USD,602,11,21,30518.37,30518.37
HYD,MEL,2027-06-14,2027-07-03,EK,ECONOMY,4,1,0,1,ROUND_TRIP,GBP,177,1,3,5308.25,6741.48
AUH,KUL,2027-01-12,2027-01-18,AA,ECONOMY,2,2,1,1,ROUND_TRIP,GBP,352,21,2,6011.03,7634.01
MAD,CGK,2027-07-06,,WN,ECONOMY,1,1,0,0,ONE_WAY,USD,568,0,9,1465.04,1465.04
ICN,DXB,2026-08-18,,QR,PREMIUM_ECONOMY,1,0,0,1,ONE_WAY,SGD,587,13,22,1025.8,759.09
CGK,MEL,2026-10-14,,IX,PREMIUM_ECONOMY,1,0,0,2,ONE_WAY,GBP,344,4,9,1187.31,1507.88
BOM,LHR,2026-10-26,2026-11-05,BA,BUSINESS,3,1,0,0,ROUND_TRIP,INR,450,9,16,35186.31,422.24
DXB,MAD,2026-12-22,2027-01-18,SG,BUSINESS,2,0,1,1,ROUND_TRIP,INR,608,17,3,12277.0,147.32
DOH,KWI,2026-10-14,,EY,PREMIUM_ECONOMY,4,0,0,2,ONE_WAY,USD,833,19,8,5224.81,5224.81
MEL,BKK,2027-07-09,2027-07-19,SG,ECONOMY,1,0,1,0,ROUND_TRIP,INR,523,14,22,583.03,7.0
KWI,CCU,2026-12-27,2027-01-15,PR,ECONOMY,1,0,0,1,ROUND_TRIP,INR,206,19,22,517.49,6.21
MNL,FRA,2026-12-21,2027-01-09,PR,ECONOMY,2,1,0,0,ROUND_TRIP,GBP,263,11,15,1598.57,2030.18
BKK,AMS,2027-05-22,,QR,ECONOMY,4,0,0,1,ONE_WAY,AED,582,7,16,7009.56,1906.6
KUL,HKG,2027-04-20,2027-04-25,QR,FIRST,2,2,0,1,ROUND_TRIP,USD,609,23,9,64742.27,64742.27
LHR,CDG,2027-06-13,,QR,ECONOMY,2,0,0,0,ONE_WAY,USD,535,9,17,1658.52,1658.52
BLR,JFK,2027-05-09,,KL,ECONOMY,1,0,0,1,ONE_WAY,INR,453,3,10,616.22,7.39
KUL,MIA,2027-04-03,,IX,ECONOMY,2,0,0,0,ONE_WAY,EUR,252,10,14,584.7,631.48
PNQ,KUL,2026-09-15,2026-09-21,MH,ECONOMY,1,1,0,2,ROUND_TRIP,USD,472,14,21,767.23,767.23
MIA,CGK,2026-12-25,,IB,BUSINESS,1,0,0,2,ONE_WAY,USD,322,22,3,2633.41,2633.41
HKG,DPS,2027-08-13,,6E,BUSINESS,1,0,0,1,ONE_WAY,USD,232,16,19,2809.8,2809.8
MAD,DPS,2027-05-14,2027-06-01,IX,ECONOMY,3,0,0,0,ROUND_TRIP,USD,566,3,12,3465.95,3465.95
ZRH,JFK,2026-08-19,2026-08-28,TG,ECONOMY,1,1,0,2,ROUND_TRIP,GBP,758,11,23,6634.1,8425.31
CDG,KUL,2027-05-04,,GA,ECONOMY,1,0,0,0,ONE_WAY,INR,312,20,1,1460.91,17.53
ICN,AMD,2027-07-08,,PR,PREMIUM_ECONOMY,3,0,0,1,ONE_WAY,USD,718,18,5,7501.83,7501.83
HYD,DOH,2026-09-02,2026-09-18,AA,ECONOMY,3,0,0,0,ROUND_TRIP,GBP,515,5,13,1913.0,2429.51
AMS,BKK,2027-06-02,2027-06-29,IB,ECONOMY,2,0,0,1,ROUND_TRIP,AED,346,8,13,3417.16,929.47
DFW,SYD,2026-09-04,2026-09-10,GA,ECONOMY,3,0,0,0,ROUND_TRIP,USD,324,10,15,4537.88,4537.88
DOH,KUL,2027-05-10,,PR,FIRST,1,1,1,1,ONE_WAY,AED,669,15,2,4549.89,1237.57
LHR,BOM,2026-11-03,2026-11-09,IX,ECONOMY,4,0,0,1,ROUND_TRIP,AED,498,21,5,6535.07,1777.54
DOH,HKG,2027-01-08,2027-01-13,PR,FIRST,1,0,0,0,ROUND_TRIP,AED,275,23,3,2312.06,628.88
ICN,DOH,2027-05-01,2027-05-26,KL,ECONOMY,1,0,0,1,ROUND_TRIP,INR,619,8,18,706.97,8.48
BOM,ORD,2026-09-14,,EY,PREMIUM_ECONOMY,2,0,0,2,ONE_WAY,USD,812,19,8,3699.1,3699.1
ICN,SIN,2027-05-30,,SQ,ECONOMY,1,2,0,1,ONE_WAY,EUR,280,2,6,2962.42,3199.41
MNL,CGK,2026-09-15,2026-09-20,PR,ECONOMY,2,0,1,2,ROUND_TRIP,USD,226,0,3,4152.12,4152.12
CGK,SYD,2026-12-20,,QR,FIRST,3,0,0,1,ONE_WAY,INR,290,2,6,29798.58,357.58
ICN,MNL,2027-06-29,,TG,PREMIUM_ECONOMY,1,1,0,0,ONE_WAY,USD,231,21,0,1464.44,1464.44
FRA,FCO,2027-05-06,2027-05-24,LH,ECONOMY,1,0,0,0,ROUND_TRIP,INR,356,22,3,3409.06,40.91
KWI,FCO,2027-03-02,2027-03-22,GF,BUSINESS,1,1,0,0,ROUND_TRIP,INR,591,12,21,3936.61,47.24
FRA,DXB,2027-02-22,,AI,PREMIUM_ECONOMY,1,2,0,0,ONE_WAY,USD,327,2,7,1928.83,1928.83
SYD,DXB,2027-04-23,2027-05-14,BA,FIRST,4,2,0,1,ROUND_TRIP,AED,158,0,2,45776.38,12451.18
MAA,BAH,2027-03-24,2027-04-11,SG,BUSINESS,2,2,0,0,ROUND_TRIP,USD,403,2,8,14136.21,14136.21
KWI,MIA,2027-04-30,,EK,ECONOMY,1,0,0,0,ONE_WAY,INR,586,9,18,1580.04,18.96
ICN,KWI,2026-12-17,2026-12-25,AA,ECONOMY,1,1,0,0,ROUND_TRIP,USD,162,1,3,5049.4,5049.4
MAA,SYD,2027-07-18,2027-08-04,EK,ECONOMY,1,0,0,1,ROUND_TRIP,USD,350,16,21,1509.28,1509.28
MNL,DOH,2027-07-29,,WN,PREMIUM_ECONOMY,3,0,0,1,ONE_WAY,GBP,341,17,22,4876.38,6193.0
FRA,ICN,2026-10-04,2026-10-24,UK,ECONOMY,2,0,0,2,ROUND_TRIP,INR,706,9,20,1211.74,14.54
DEL,NRT,2026-12-26,2026-12-30,GA,FIRST,1,1,0,2,ROUND_TRIP,INR,582,11,20,31542.85,378.51
MIA,SYD,2026-10-03,,GF,BUSINESS,2,0,0,2,ONE_WAY,INR,447,1,8,4955.11,59.46
SYD,BKK,2027-07-17,2027-08-11,MH,BUSINESS,1,2,0,1,ROUND_TRIP,EUR,269,10,14,10382.88,11213.51
DXB,BAH,2027-02-20,2027-03-03,BA,PREMIUM_ECONOMY,2,1,0,1,ROUND_TRIP,INR,724,9,21,13536.86,162.44
ZRH,DEL,2026-10-29,,QR,PREMIUM_ECONOMY,1,0,0,2,ONE_WAY,USD,543,7,16,1916.81,1916.81
DFW,KUL,2027-03-07,,TG,ECONOMY,1,1,0,1,ONE_WAY,USD,404,13,19,1823.2,1823.2
FCO,DEL,2026-10-10,2026-10-28,WN,PREMIUM_ECONOMY,1,0,0,1,ROUND_TRIP,SGD,292,12,16,1840.36,1361.87
ICN,DEL,2026-09-23,,EY,ECONOMY,1,0,0,0,ONE_WAY,GBP,558,19,4,838.2,1064.51
ZRH,ICN,2027-03-07,,WY,ECONOMY,2,1,0,1,ONE_WAY,GBP,300,1,6,2053.2,2607.56
DXB,AUH,2027-07-04,,DL,ECONOMY,2,1,0,2,ONE_WAY,USD,447,12,19,824.1,824.1
ICN,HYD,2027-07-23,,LH,ECONOMY,1,2,0,0,ONE_WAY,USD,148,22,0,1785.17,1785.17
MNL,ORD,2026-12-26,,WN,ECONOMY,3,1,0,1,ONE_WAY,EUR,469,10,17,3318.81,3584.31
FRA,KUL,2027-04-20,,TG,ECONOMY,1,0,0,1,ONE_WAY,INR,499,11,19,1477.22,17.73
HKG,ZRH,2027-03-16,2027-04-04,EY,BUSINESS,4,2,0,1,ROUND_TRIP,GBP,235,20,23,34639.94,43992.72
AMD,DPS,2026-09-25,2026-10-13,UA,FIRST,1,0,0,1,ROUND_TRIP,EUR,484,20,4,4088.49,4415.57
HKG,ZRH,2027-02-05,,GF,ECONOMY,2,0,0,1,ONE_WAY,EUR,254,23,3,1889.93,2041.12
BAH,ZRH,2027-02-16,2027-02-28,UA,BUSINESS,4,0,0,1,ROUND_TRIP,USD,467,2,9,14441.08,14441.08
ZRH,BKK,2027-03-01,,LH,ECONOMY,4,0,1,0,ONE_WAY,AED,588,12,21,3073.08,835.88
CCU,SYD,2026-12-13,,6E,BUSINESS,2,0,0,0,ONE_WAY,AUD,366,3,9,3454.97,2245.73
AMS,SIN,2027-01-29,2027-02-23,6E,ECONOMY,2,0,0,1,ROUND_TRIP,GBP,293,17,21,2105.64,2674.16
LHR,CDG,2026-11-06,2026-11-25,SQ,ECONOMY,1,0,0,1,ROUND_TRIP,GBP,606,20,6,1244.5,1580.52
DEL,SFO,2026-08-24,,KL,ECONOMY,1,0,0,1,ONE_WAY,EUR,494,4,12,900.59,972.64
HYD,BOM,2027-03-09,2027-04-06,EY,BUSINESS,3,0,0,1,ROUND_TRIP,USD,492,8,16,18862.63,18862.63
DPS,MAA,2027-06-21,,AF,FIRST,1,0,0,2,ONE_WAY,EUR,597,9,18,7243.32,7822.79
CCU,DOH,2026-11-02,2026-11-20,IX,BUSINESS,1,0,0,1,ROUND_TRIP,USD,515,2,10,4759.03,4759.03
KUL,MIA,2026-10-09,,GA,ECONOMY,1,1,0,1,ONE_WAY,USD,315,21,2,662.65,662.65
HYD,DXB,2027-02-22,2027-03-05,IB,ECONOMY,1,0,0,1,ROUND_TRIP,USD,622,18,4,1269.53,1269.53
MNL,ZRH,2027-01-24,2027-02-23,AI,ECONOMY,1,0,0,0,ROUND_TRIP,AED,221,21,0,731.73,199.03
KWI,AMD,2027-02-24,2027-03-07,LX,ECONOMY,4,0,0,0,ROUND_TRIP,INR,97,17,18,4862.11,58.35
SFO,DFW,2027-07-11,2027-07-18,AA,PREMIUM_ECONOMY,1,1,0,2,ROUND_TRIP,AED,569,14,23,3672.56,998.94
NRT,MAD,2026-08-22,2026-08-27,MH,PREMIUM_ECONOMY,1,0,1,1,ROUND_TRIP,AUD,408,4,10,5279.51,3431.68
MEL,CCU,2026-12-13,2026-12-16,WY,BUSINESS,1,0,1,1,ROUND_TRIP,EUR,428,2,9,4169.04,4502.56
MEL,MNL,2026-12-25,2027-01-07,6E,ECONOMY,4,0,0,1,ROUND_TRIP,AED,200,4,7,7275.97,1979.06
MAA,DEL,2027-07-05,2027-07-21,IX,ECONOMY,2,0,0,0,ROUND_TRIP,EUR,613,0,10,1554.13,1678.46
AUH,AMD,2027-01-06,,AI,ECONOMY,1,0,0,0,ONE_WAY,EUR,534,17,1,1416.9,1530.25
ZRH,FCO,2027-06-26,2027-06-30,EK,ECONOMY,4,0,0,0,ROUND_TRIP,INR,109,23,0,4871.97,58.46
AMD,CGK,2027-07-10,2027-07-26,SG,ECONOMY,1,1,0,1,ROUND_TRIP,USD,200,18,21,3066.35,3066.35
HYD,CGK,2026-11-18,,AI,BUSINESS,1,1,0,1,ONE_WAY,EUR,758,17,5,3042.43,3285.82
JFK,CCU,2026-08-17,2026-09-10,IB,BUSINESS,1,0,0,0,ROUND_TRIP,USD,211,14,17,3980.75,3980.75
DXB,CGK,2026-11-01,,QR,BUSINESS,1,1,0,1,ONE_WAY,USD,717,22,9,7474.05,7474.05
DXB,LAX,2026-12-10,2027-01-09,6E,ECONOMY,1,0,0,1,ROUND_TRIP,USD,643,0,10,1238.11,1238.11
FRA,SIN,2027-01-12,,WY,ECONOMY,1,0,0,2,ONE_WAY,INR,725,2,14,310.94,3.73
MCT,HKG,2027-02-16,2027-03-15,UK,BUSINESS,4,0,0,0,ROUND_TRIP,USD,306,1,6,13673.75,13673.75
ICN,BLR,2027-05-11,2027-05-29,DL,ECONOMY,1,0,0,0,ROUND_TRIP,INR,199,12,15,1234.18,14.81
ORD,ZRH,2027-02-17,,AA,PREMIUM_ECONOMY,3,0,0,1,ONE_WAY,USD,302,22,3,5424.09,5424.09
MAD,ZRH,2027-03-10,,IX,ECONOMY,1,0,0,0,ONE_WAY,USD,406,14,20,305.72,305.72
KWI,BAH,2027-06-21,,SG,ECONOMY,1,0,0,2,ONE_WAY,SGD,788,17,6,894.19,661.7
MAA,FCO,2026-10-14,2026-10-22,EK,PREMIUM_ECONOMY,2,0,0,1,ROUND_TRIP,INR,277,8,12,2609.04,31.31
DFW,MCT,2026-11-24,,AF,ECONOMY,1,0,0,1,ONE_WAY,USD,197,20,23,1236.07,1236.07
CGK,KUL,2027-04-03,,SQ,ECONOMY,4,0,0,1,ONE_WAY,INR,197,13,16,1230.4,14.76
DFW,MAA,2027-05-02,2027-05-15,LH,PREMIUM_ECONOMY,1,0,0,1,ROUND_TRIP,EUR,631,16,2,2296.18,2479.87
AMD,MAD,2026-11-24,2026-12-10,TG,BUSINESS,2,0,0,2,ROUND_TRIP,GBP,456,17,0,8863.44,11256.57
KUL,ZRH,2027-04-23,,AI,ECONOMY,1,1,0,0,ONE_WAY,AED,167,9,11,1823.11,495.89
ICN,PNQ,2026-08-28,2026-09-02,UA,ECONOMY,1,0,0,1,ROUND_TRIP,GBP,188,15,18,1243.65,1579.44
DXB,CGK,2027-07-11,2027-08-10,AI,BUSINESS,2,0,0,1,ROUND_TRIP,AED,676,8,19,14937.33,4062.95
BLR,MIA,2026-08-19,2026-09-01,6E,ECONOMY,1,0,1,1,ROUND_TRIP,USD,591,8,17,2098.4,2098.4
MIA,MEL,2027-08-03,2027-08-10,IX,PREMIUM_ECONOMY,3,1,0,1,ROUND_TRIP,GBP,466,21,4,6882.32,8740.55
KWI,HKG,2026-10-24,2026-10-30,MH,ECONOMY,2,0,1,0,ROUND_TRIP,GBP,185,5,8,1309.6,1663.19
BAH,ZRH,2026-09-24,2026-10-11,AA,PREMIUM_ECONOMY,1,1,1,0,ROUND_TRIP,GBP,403,4,10,3332.95,4232.85
CCU,BLR,2027-04-03,2027-05-03,SQ,PREMIUM_ECONOMY,2,0,0,1,ROUND_TRIP,USD,242,0,4,9279.84,9279.84
ICN,MCT,2026-10-01,,LH,ECONOMY,1,0,0,0,ONE_WAY,AED,525,4,12,1175.93,319.85
MAD,KUL,2026-08-24,2026-09-06,AI,FIRST,1,0,0,1,ROUND_TRIP,EUR,200,8,11,4681.2,5055.7
SFO,FRA,2027-03-11,,PR,BUSINESS,2,0,0,0,ONE_WAY,EUR,204,17,20,6566.78,7092.12
PNQ,MCT,2027-04-10,,SG,ECONOMY,1,0,0,0,ONE_WAY,SGD,188,4,7,874.42,647.07
ICN,FRA,2027-04-18,2027-05-03,GA,BUSINESS,1,0,0,0,ROUND_TRIP,EUR,142,21,23,5888.94,6360.06
DXB,AMD,2027-01-06,,UA,FIRST,1,0,0,0,ONE_WAY,EUR,402,8,14,5560.03,6004.83
PNQ,HYD,2026-08-21,,AF,ECONOMY,2,0,0,1,ONE_WAY,USD,526,13,21,1910.82,1910.82
AMS,FCO,2027-02-07,,EY,BUSINESS,2,0,0,2,ONE_WAY,USD,340,8,13,6865.04,6865.04
CDG,LAX,2027-05-01,2027-05-30,EY,PREMIUM_ECONOMY,4,2,0,1,ROUND_TRIP,EUR,693,20,7,10660.97,11513.85
BAH,DOH,2027-03-30,2027-04-10,EK,BUSINESS,1,0,1,0,ROUND_TRIP,AED,498,20,4,6567.92,1786.47
LHR,ICN,2027-08-13,,WY,ECONOMY,3,0,0,2,ONE_WAY,AED,362,15,21,3154.77,858.1
JFK,DXB,2027-01-17,,EK,ECONOMY,2,0,0,0,ONE_WAY,GBP,142,0,2,3220.99,4090.66
AMS,DXB,2026-11-29,2026-12-13,6E,ECONOMY,2,0,0,1,ROUND_TRIP,EUR,761,1,13,2167.61,2341.02
BLR,AUH,2026-11-18,2026-12-04,UK,ECONOMY,1,0,0,1,ROUND_TRIP,USD,534,10,18,1783.9,1783.9
FCO,MAA,2027-01-19,,WN,ECONOMY,3,0,0,1,ONE_WAY,AED,563,9,18,3028.29,823.69
ZRH,JFK,2026-11-01,2026-11-21,QR,PREMIUM_ECONOMY,1,1,0,2,ROUND_TRIP,EUR,734,6,18,6434.81,6949.59
MIA,AMD,2026-10-02,,AF,FIRST,1,1,0,1,ONE_WAY,USD,279,10,14,10362.58,10362.58
PNQ,MIA,2026-10-11,2026-10-16,AA,ECONOMY,1,0,1,1,ROUND_TRIP,EUR,723,21,9,2670.56,2884.2
SIN,ORD,2027-07-12,,SQ,ECONOMY,4,2,0,1,ONE_WAY,USD,312,23,4,6983.9,6983.9
BOM,CGK,2026-12-02,,LH,BUSINESS,1,2,0,1,ONE_WAY,USD,471,7,14,15307.06,15307.06
JFK,AMD,2027-04-20,,BA,PREMIUM_ECONOMY,3,1,0,2,ONE_WAY,INR,192,12,15,3900.7,46.81
JFK,DPS,2027-05-21,2027-06-14,KL,ECONOMY,2,0,0,1,ROUND_TRIP,INR,137,6,8,783.01,9.4
AMD,ZRH,2027-07-24,2027-08-01,AF,ECONOMY,2,1,0,0,ROUND_TRIP,USD,240,19,23,2672.75,2672.75
MAD,LHR,2026-09-24,2026-10-19,LX,FIRST,2,0,0,0,ROUND_TRIP,GBP,541,12,21,11895.83,15107.7
FRA,AMS,2027-05-13,,PR,BUSINESS,2,0,0,1,ONE_WAY,EUR,446,2,9,5218.26,5635.72
MIA,FRA,2027-04-29,2027-05-24,WY,BUSINESS,1,0,1,1,ROUND_TRIP,AUD,395,14,20,3313.94,2154.06
LHR,DPS,2027-06-09,,UA,PREMIUM_ECONOMY,1,0,0,1,ONE_WAY,INR,535,18,2,2350.72,28.21
ICN,ZRH,2027-03-29,2027-04-10,TG,BUSINESS,1,0,0,0,ROUND_TRIP,AED,302,0,5,2520.11,685.47
DOH,ICN,2027-05-27,2027-06-02,TG,ECONOMY,2,1,0,1,ROUND_TRIP,INR,622,1,11,8029.17,96.35
CDG,ORD,2027-06-08,,IB,PREMIUM_ECONOMY,2,0,0,1,ONE_WAY,USD,355,5,10,1443.68,1443.68
PNQ,DOH,2027-03-06,,UA,PREMIUM_ECONOMY,2,1,0,2,ONE_WAY,GBP,567,7,16,4308.91,5472.32
JFK,BLR,2027-06-06,2027-06-20,AA,ECONOMY,3,0,0,0,ROUND_TRIP,EUR,643,21,7,4270.82,4612.49
ZRH,AMS,2027-04-27,2027-05-08,TG,ECONOMY,2,0,0,0,ROUND_TRIP,USD,581,17,2,3848.98,3848.98
MNL,MIA,2026-09-21,,WN,PREMIUM_ECONOMY,1,1,0,2,ONE_WAY,INR,762,5,17,1512.51,18.15
DFW,HYD,2026-10-24,2026-11-08,LH,PREMIUM_ECONOMY,1,0,0,0,ROUND_TRIP,INR,105,8,9,2956.79,35.48
MCT,MIA,2026-10-05,2026-11-04,SG,ECONOMY,2,0,0,0,ROUND_TRIP,AUD,212,13,16,2760.25,1794.16
MNL,ORD,2027-06-03,2027-06-25,GF,ECONOMY,1,0,0,0,ROUND_TRIP,INR,384,8,14,1613.72,19.36
CDG,NRT,2027-04-03,2027-05-01,SQ,ECONOMY,3,0,0,1,ROUND_TRIP,USD,686,14,1,2722.61,2722.61
DXB,ZRH,2027-06-23,,WN,ECONOMY,1,0,0,0,ONE_WAY,USD,340,18,23,278.19,278.19
MCT,DXB,2027-03-26,,AF,PREMIUM_ECONOMY,4,1,1,1,ONE_WAY,EUR,353,20,1,11445.26,12360.88
BAH,SFO,2027-05-16,2027-06-05,UA,ECONOMY,1,0,0,1,ROUND_TRIP,USD,397,0,6,2449.53,2449.53
MAD,SFO,2027-08-02,,UK,PREMIUM_ECONOMY,1,0,0,0,ONE_WAY,INR,569,12,21,1444.99,17.34
SYD,PNQ,2026-11-15,,EY,BUSINESS,1,0,0,2,ONE_WAY,GBP,495,3,11,2143.73,2722.54
LHR,HKG,2026-12-02,2026-12-20,WN,PREMIUM_ECONOMY,1,0,0,1,ROUND_TRIP,EUR,610,23,9,1131.05,1221.53
LHR,BAH,2027-02-07,2027-03-01,BA,BUSINESS,4,0,0,1,ROUND_TRIP,EUR,496,0,8,34825.93,37612.0
KWI,DXB,2027-01-07,2027-01-20,DL,BUSINESS,3,0,0,0,ROUND_TRIP,GBP,593,15,0,29563.65,37545.84
SYD,ZRH,2027-06-19,2027-06-26,6E,BUSINESS,2,0,1,2,ROUND_TRIP,INR,537,17,1,12980.82,155.77
BAH,SIN,2027-05-21,,DL,ECONOMY,3,1,0,0,ONE_WAY,USD,226,0,3,1977.4,1977.4
CDG,MEL,2026-09-18,2026-09-30,EY,BUSINESS,2,1,0,1,ROUND_TRIP,INR,523,23,7,21468.32,257.62
BLR,FCO,2027-01-24,,LX,PREMIUM_ECONOMY,1,2,0,1,ONE_WAY,USD,341,17,22,3203.54,3203.54
DEL,SFO,2026-12-12,2026-12-17,MH,FIRST,1,2,0,0,ROUND_TRIP,GBP,380,23,5,21499.11,27303.87
MNL,NRT,2026-09-15,2026-10-13,DL,PREMIUM_ECONOMY,2,0,0,0,ROUND_TRIP,INR,615,1,11,6912.59,82.95
MAA,DEL,2027-01-14,,LX,ECONOMY,2,1,0,1,ONE_WAY,INR,701,23,10,1143.49,13.72
NRT,CDG,2026-12-29,2027-01-09,6E,ECONOMY,1,0,0,0,ROUND_TRIP,USD,587,4,13,763.53,763.53
AMS,ZRH,2027-04-30,,SG,BUSINESS,1,0,0,1,ONE_WAY,EUR,496,21,5,3442.59,3718.0
BAH,CCU,2027-06-13,,6E,PREMIUM_ECONOMY,2,0,0,0,ONE_WAY,AED,522,14,22,2578.68,701.4
CDG,ZRH,2027-03-01,2027-03-10,SG,ECONOMY,3,0,0,1,ROUND_TRIP,USD,449,3,10,1352.44,1352.44
DFW,DOH,2027-07-24,,KL,BUSINESS,4,0,0,1,ONE_WAY,AED,243,17,21,3979.45,1082.41
SIN,SYD,2027-02-17,2027-03-17,IB,PREMIUM_ECONOMY,2,0,0,1,ROUND_TRIP,EUR,283,22,2,5694.45,6150.01
CCU,BLR,2027-06-13,2027-07-06,SG,PREMIUM_ECONOMY,2,0,1,0,ROUND_TRIP,USD,141,5,7,6550.09,6550.09
PNQ,MNL,2027-05-04,2027-05-07,KL,ECONOMY,1,1,0,1,ROUND_TRIP,USD,243,1,5,2522.42,2522.42
SFO,BOM,2027-07-16,2027-07-21,LH,ECONOMY,1,0,0,1,ROUND_TRIP,USD,335,15,20,2328.06,2328.06
DXB,BLR,2026-10-17,,PR,ECONOMY,2,0,0,1,ONE_WAY,USD,475,12,19,1383.62,1383.62
DOH,KWI,2026-11-11,,GA,ECONOMY,1,0,0,0,ONE_WAY,USD,639,21,7,1025.2,1025.2
CGK,DEL,2026-11-11,2026-11-28,AI,ECONOMY,1,0,0,0,ROUND_TRIP,USD,463,9,16,450.34,450.34
CCU,DFW,2026-09-01,2026-09-12,LX,BUSINESS,3,0,0,2,ROUND_TRIP,SGD,782,3,16,8282.22,6128.84
AMS,LHR,2027-02-07,2027-03-03,MH,ECONOMY,2,0,0,0,ROUND_TRIP,INR,606,10,20,4242.31,50.91
MAD,SIN,2027-07-21,,SQ,ECONOMY,1,1,0,2,ONE_WAY,AUD,802,21,10,2883.64,1874.37
CCU,NRT,2027-02-14,,UK,ECONOMY,1,1,0,1,ONE_WAY,USD,757,17,5,1533.03,1533.03
HYD,MAD,2026-09-17,2026-09-25,WN,ECONOMY,1,0,1,0,ROUND_TRIP,AED,470,19,2,412.19,112.12
LAX,JFK,2027-02-21,,AF,BUSINESS,3,1,0,1,ONE_WAY,GBP,609,6,16,4289.76,5448.0
FCO,HKG,2027-01-04,2027-01-19,TG,PREMIUM_ECONOMY,2,0,0,2,ROUND_TRIP,USD,787,10,23,6309.11,6309.11
AMD,AMS,2026-12-07,,KL,ECONOMY,1,1,0,1,ONE_WAY,USD,387,8,14,2088.23,2088.23
DEL,KUL,2026-12-04,2026-12-31,IB,BUSINESS,2,0,0,1,ROUND_TRIP,GBP,216,3,6,19055.88,24200.97
FCO,DPS,2027-01-25,,KL,ECONOMY,2,0,0,1,ONE_WAY,USD,246,6,10,1781.25,1781.25
MNL,ZRH,2026-08-25,2026-09-17,IX,BUSINESS,1,0,0,0,ROUND_TRIP,EUR,221,21,0,3261.54,3522.46
BAH,HKG,2026-12-28,,MH,ECONOMY,1,0,0,1,ONE_WAY,EUR,623,0,10,415.22,448.44
NRT,MNL,2027-07-01,,LH,FIRST,2,1,1,0,ONE_WAY,INR,361,17,23,12180.29,146.16
DOH,BKK,2026-12-11,2027-01-05,GF,ECONOMY,3,1,0,0,ROUND_TRIP,EUR,224,8,11,5026.85,5429.0
MAD,HKG,2026-11-23,2026-12-15,IB,PREMIUM_ECONOMY,2,0,0,1,ROUND_TRIP,EUR,241,21,1,6402.4,6914.59
ORD,CCU,2026-08-19,,LH,PREMIUM_ECONOMY,3,1,0,1,ONE_WAY,INR,658,9,19,8142.2,97.71
FRA,MAD,2027-01-10,2027-01-20,UA,ECONOMY,2,0,0,1,ROUND_TRIP,EUR,426,7,14,1689.15,1824.28
PNQ,AMS,2026-08-17,,SQ,BUSINESS,4,0,0,1,ONE_WAY,USD,306,7,12,17425.19,17425.19
CCU,MAA,2027-03-15,,UK,PREMIUM_ECONOMY,4,0,0,0,ONE_WAY,USD,513,6,14,1385.48,1385.48
MAD,LHR,2026-08-24,,6E,ECONOMY,2,2,1,2,ONE_WAY,USD,679,16,3,2268.4,2268.4
LHR,MEL,2027-01-28,,IX,ECONOMY,1,0,0,0,ONE_WAY,USD,476,21,4,356.64,356.64
MNL,LHR,2027-05-07,,IX,BUSINESS,1,0,0,1,ONE_WAY,USD,487,13,21,1088.51,1088.51
ICN,BKK,2027-01-20,2027-02-11,EK,ECONOMY,2,1,0,1,ROUND_TRIP,USD,521,8,16,9382.42,9382.42
MAD,BOM,2026-12-18,,EK,ECONOMY,1,0,1,0,ONE_WAY,USD,160,3,5,1362.09,1362.09
HKG,AMD,2026-12-12,,AA,ECONOMY,1,0,0,0,ONE_WAY,EUR,407,21,3,895.0,966.6
LHR,HKG,2027-05-14,,SQ,BUSINESS,2,0,0,2,ONE_WAY,EUR,766,20,8,2878.42,3108.69
MAA,MCT,2027-02-09,,IX,ECONOMY,1,0,0,0,ONE_WAY,USD,415,8,14,505.63,505.63
CGK,BLR,2026-10-14,,EK,BUSINESS,3,0,0,1,ONE_WAY,USD,372,8,14,3465.1,3465.1
LAX,CGK,2027-07-10,2027-07-19,IB,PREMIUM_ECONOMY,1,0,0,1,ROUND_TRIP,USD,334,19,0,3374.83,3374.83
ICN,ORD,2027-01-03,,MH,ECONOMY,2,1,0,2,ONE_WAY,EUR,389,10,16,1496.06,1615.74
BKK,AMS,2026-11-19,2026-11-29,LH,ECONOMY,2,0,0,1,ROUND_TRIP,EUR,635,15,1,5091.79,5499.13
MAD,BAH,2026-09-12,,LH,BUSINESS,1,0,0,0,ONE_WAY,USD,631,19,5,4793.14,4793.14
NRT,MCT,2026-11-12,2026-11-27,AI,ECONOMY,4,0,0,0,ROUND_TRIP,AED,533,11,19,8434.12,2294.08
MAD,MNL,2027-05-07,2027-05-17,WY,PREMIUM_ECONOMY,1,0,0,1,ROUND_TRIP,USD,137,9,11,1634.18,1634.18
DOH,NRT,2027-06-23,,DL,ECONOMY,1,1,0,0,ONE_WAY,USD,283,22,2,997.34,997.34
BAH,DFW,2027-08-09,2027-09-06,QR,PREMIUM_ECONOMY,1,1,0,0,ROUND_TRIP,USD,450,13,20,9500.25,9500.25
SFO,CGK,2026-11-28,,SG,FIRST,3,2,0,0,ONE_WAY,INR,328,13,18,17445.98,209.35
BKK,LHR,2027-01-02,,EK,BUSINESS,1,1,0,0,ONE_WAY,INR,446,2,9,6919.41,83.03
FRA,HKG,2027-02-28,,LX,PREMIUM_ECONOMY,1,0,1,1,ONE_WAY,USD,698,18,5,2520.43,2520.43
SIN,DXB,2026-09-02,2026-09-06,IB,ECONOMY,2,0,0,1,ROUND_TRIP,USD,422,14,21,2764.03,2764.03
NRT,KWI,2026-11-26,2026-12-20,EY,PREMIUM_ECONOMY,2,1,0,1,ROUND_TRIP,INR,166,20,22,8429.59,101.16
KWI,MAA,2027-06-03,,UK,ECONOMY,1,0,0,2,ONE_WAY,AED,300,16,21,374.34,101.82
BKK,LHR,2027-01-14,,BA,PREMIUM_ECONOMY,3,1,0,1,ONE_WAY,USD,555,9,18,7399.02,7399.02
DEL,BLR,2027-07-11,2027-07-26,WN,ECONOMY,2,1,0,1,ROUND_TRIP,USD,241,20,0,2342.37,2342.37
DFW,SIN,2027-03-03,2027-03-23,IX,BUSINESS,1,0,0,0,ROUND_TRIP,GBP,250,12,16,5594.05,7104.44
MNL,BKK,2027-04-02,,KL,ECONOMY,1,0,0,0,ONE_WAY,USD,520,11,19,721.64,721.64
DEL,AMS,2026-09-16,,AI,PREMIUM_ECONOMY,4,0,0,0,ONE_WAY,INR,599,14,23,4931.24,59.17
DXB,DEL,2027-05-15,,SQ,ECONOMY,3,2,0,1,ONE_WAY,EUR,190,21,0,5772.86,6234.69
PNQ,ICN,2027-05-28,2027-05-31,EK,ECONOMY,1,1,0,0,ROUND_TRIP,EUR,86,4,5,3966.23,4283.53
FCO,MAD,2027-03-11,2027-03-19,AF,ECONOMY,1,0,0,1,ROUND_TRIP,EUR,654,12,22,1227.87,1326.1
MNL,BLR,2027-05-08,,GF,BUSINESS,1,0,0,2,ONE_WAY,EUR,218,8,11,1867.01,2016.37
KWI,SFO,2027-03-29,,WN,ECONOMY,2,0,1,0,ONE_WAY,USD,503,6,14,442.7,442.7
ZRH,DPS,2027-01-25,2027-02-06,UA,FIRST,2,1,0,1,ROUND_TRIP,GBP,626,14,0,47583.35,60430.85
SIN,AMS,2026-10-09,2026-10-28,AF,PREMIUM_ECONOMY,1,1,0,2,ROUND_TRIP,EUR,347,19,0,5973.98,6451.9
MAA,BKK,2027-03-31,,KL,ECONOMY,1,2,0,0,ONE_WAY,AED,237,18,21,924.14,251.37
HYD,MAA,2026-11-07,,EK,ECONOMY,2,0,0,0,ONE_WAY,AED,68,4,5,1057.44,287.62
JFK,ZRH,2027-07-04,2027-07-27,EK,ECONOMY,4,2,0,1,ROUND_TRIP,USD,573,3,12,15046.78,15046.78
DOH,DFW,2027-01-31,2027-02-11,WY,FIRST,1,0,0,1,ROUND_TRIP,USD,584,11,20,4809.98,4809.98
JFK,ZRH,2027-01-26,,UK,ECONOMY,2,0,0,1,ONE_WAY,EUR,617,0,10,1410.51,1523.35
SFO,AUH,2026-11-20,2026-12-15,AA,BUSINESS,4,0,1,1,ROUND_TRIP,USD,318,3,8,24724.15,24724.15
BAH,DEL,2027-04-02,,AF,ECONOMY,2,0,0,1,ONE_WAY,USD,646,1,11,1257.73,1257.73
BOM,SIN,2026-12-24,2027-01-05,WN,ECONOMY,2,0,0,0,ROUND_TRIP,USD,206,18,21,3520.37,3520.37
MNL,AMD,2027-05-13,2027-06-01,TG,ECONOMY,2,0,0,0,ROUND_TRIP,USD,459,14,21,2655.34,2655.34
BAH,AMD,2027-04-26,,IX,PREMIUM_ECONOMY,2,0,0,1,ONE_WAY,INR,205,10,13,879.48,10.55
HKG,JFK,2027-04-07,,EY,PREMIUM_ECONOMY,3,0,1,0,ONE_WAY,USD,338,23,4,5312.15,5312.15
HKG,DEL,2027-03-15,,AI,ECONOMY,3,0,1,1,ONE_WAY,GBP,399,23,5,1958.27,2487.0
FCO,ZRH,2027-08-05,2027-09-04,UK,BUSINESS,4,1,1,0,ROUND_TRIP,INR,564,21,6,43266.8,519.2
DFW,KWI,2026-11-07,,MH,BUSINESS,2,0,0,0,ONE_WAY,USD,478,2,9,6290.42,6290.42
MAD,KUL,2026-12-20,,SQ,ECONOMY,1,0,0,1,ONE_WAY,AED,177,3,5,392.71,106.82
BAH,CCU,2027-08-05,,EK,ECONOMY,1,2,0,1,ONE_WAY,INR,607,22,8,3948.91,47.39
PNQ,CGK,2026-12-30,,WY,ECONOMY,2,0,0,0,ONE_WAY,INR,438,3,10,1670.66,20.05
AMS,BLR,2027-08-12,2027-08-15,AF,ECONOMY,1,0,0,0,ROUND_TRIP,INR,567,21,6,1709.91,20.52
AMD,JFK,2026-10-30,2026-11-06,6E,BUSINESS,2,0,0,0,ROUND_TRIP,GBP,571,2,11,3381.31,4294.26
BOM,AMS,2027-01-13,2027-01-22,TG,ECONOMY,4,0,0,0,ROUND_TRIP,USD,253,1,5,5744.81,5744.81
DXB,NRT,2026-10-27,,IB,ECONOMY,2,1,0,1,ONE_WAY,USD,243,17,21,1155.44,1155.44
MNL,CDG,2027-01-12,2027-02-01,UK,ECONOMY,1,0,0,1,ROUND_TRIP,GBP,272,14,18,1847.54,2346.38
SFO,ORD,2027-02-08,2027-02-21,GA,ECONOMY,2,0,1,1,ROUND_TRIP,USD,418,5,11,955.5,955.5
JFK,MCT,2026-10-06,,SG,ECONOMY,1,1,0,1,ONE_WAY,USD,580,6,15,1199.81,1199.81
MAA,DXB,2027-07-02,2027-07-26,IX,PREMIUM_ECONOMY,2,0,0,0,ROUND_TRIP,GBP,251,10,14,3873.63,4919.51
MIA,ZRH,2027-02-01,,MH,BUSINESS,3,0,0,1,ONE_WAY,USD,166,19,21,9717.35,9717.35
HYD,MIA,2027-01-08,,DL,ECONOMY,1,0,1,1,ONE_WAY,INR,165,19,21,266.72,3.2
FCO,AMS,2026-09-07,,AI,ECONOMY,2,0,0,1,ONE_WAY,USD,430,11,18,536.87,536.87
DXB,AMD,2027-05-13,2027-06-01,DL,ECONOMY,1,1,0,0,ROUND_TRIP,USD,402,2,8,3352.34,3352.34
DPS,LHR,2027-02-10,,EY,ECONOMY,1,0,0,1,ONE_WAY,AED,502,7,15,594.49,161.7
FCO,AMD,2026-12-19,2026-12-26,MH,BUSINESS,2,0,0,0,ROUND_TRIP,GBP,350,22,3,14909.68,18935.29
FRA,BOM,2027-01-27,,GF,BUSINESS,1,0,0,0,ONE_WAY,EUR,173,9,11,1815.61,1960.86
AMS,ZRH,2027-08-02,2027-08-07,SQ,BUSINESS,2,1,0,0,ROUND_TRIP,USD,396,12,18,28754.01,28754.01
MNL,AMD,2027-02-01,,QR,BUSINESS,2,0,1,1,ONE_WAY,EUR,564,3,12,5527.85,5970.08
FCO,SFO,2027-01-13,2027-01-16,AI,ECONOMY,1,0,0,1,ROUND_TRIP,USD,340,9,14,2059.3,2059.3
MAA,KUL,2026-11-24,,UA,ECONOMY,2,1,1,1,ONE_WAY,INR,474,12,19,2498.71,29.98
AMS,LAX,2027-05-15,,LH,BUSINESS,1,0,0,2,ONE_WAY,GBP,563,13,22,4499.02,5713.76
MAD,SFO,2027-06-01,2027-06-13,WN,FIRST,1,0,0,0,ROUND_TRIP,INR,569,16,1,8767.42,105.21
AMD,SIN,2026-08-31,,AA,BUSINESS,3,0,0,1,ONE_WAY,AED,721,2,14,6268.01,1704.9
HKG,CGK,2027-04-07,2027-04-27,6E,BUSINESS,3,1,0,1,ROUND_TRIP,EUR,704,7,18,26109.75,28198.53
FCO,MIA,2026-11-23,2026-12-15,WY,ECONOMY,2,0,0,0,ROUND_TRIP,EUR,426,13,20,2073.31,2239.17
FCO,KUL,2026-11-06,,TG,BUSINESS,1,0,0,1,ONE_WAY,USD,322,19,0,1848.23,1848.23
CCU,FRA,2026-08-24,2026-09-07,QR,ECONOMY,1,0,0,0,ROUND_TRIP,AED,475,12,19,1960.64,533.29
BKK,FRA,2027-03-21,,LH,ECONOMY,2,0,0,0,ONE_WAY,INR,227,23,2,2253.89,27.05
AMD,MCT,2026-11-16,2026-11-29,WY,FIRST,2,0,0,2,ROUND_TRIP,EUR,369,12,18,25488.34,27527.41
CGK,SIN,2027-02-22,,6E,ECONOMY,1,0,0,1,ONE_WAY,USD,299,4,8,560.03,560.03
MAA,SFO,2027-02-28,,6E,ECONOMY,2,0,0,2,ONE_WAY,USD,515,22,6,512.59,512.59
MCT,MAA,2026-12-06,,EY,PREMIUM_ECONOMY,1,0,0,1,ONE_WAY,EUR,326,15,20,1749.09,1889.02
CGK,KWI,2027-05-16,,GF,BUSINESS,1,0,0,0,ONE_WAY,USD,288,21,1,1548.65,1548.65
AMD,AUH,2027-05-24,,PR,PREMIUM_ECONOMY,1,1,0,2,ONE_WAY,AUD,303,14,19,2273.12,1477.53
MEL,MAD,2026-11-12,2026-12-12,TG,FIRST,1,1,0,1,ROUND_TRIP,USD,223,14,17,15614.82,15614.82
DEL,FCO,2026-12-28,,6E,ECONOMY,1,1,1,1,ONE_WAY,AUD,668,16,3,1228.53,798.54
BOM,MIA,2027-08-06,,EK,ECONOMY,1,0,0,2,ONE_WAY,SGD,789,17,6,540.46,399.94
KWI,BOM,2027-04-08,,BA,ECONOMY,1,0,0,1,ONE_WAY,USD,234,15,18,1165.32,1165.32
PNQ,SIN,2026-08-29,,DL,ECONOMY,2,0,0,0,ONE_WAY,USD,258,12,16,3316.95,3316.95
MAA,LHR,2027-07-12,,LX,ECONOMY,1,0,0,0,ONE_WAY,USD,576,2,11,1456.43,1456.43
DPS,BOM,2026-10-23,2026-11-04,GF,ECONOMY,1,0,0,2,ROUND_TRIP,INR,375,1,7,1945.77,23.35
ZRH,CCU,2027-06-06,,GA,BUSINESS,1,0,0,1,ONE_WAY,USD,217,10,13,3116.51,3116.51
DOH,AMS,2027-02-21,2027-03-22,EY,ECONOMY,1,0,0,0,ROUND_TRIP,EUR,454,15,22,2484.82,2683.61
ICN,DFW,2026-09-30,2026-10-11,AF,FIRST,2,0,0,1,ROUND_TRIP,USD,240,19,23,22165.08,22165.08
MIA,LAX,2027-02-17,2027-02-28,KL,BUSINESS,3,0,0,1,ROUND_TRIP,AED,732,21,9,7171.85,1950.74
DFW,CCU,2027-01-17,,GA,BUSINESS,1,0,0,1,ONE_WAY,EUR,286,9,13,3169.97,3423.57
BAH,FCO,2026-12-29,,IB,PREMIUM_ECONOMY,2,0,1,1,ONE_WAY,USD,238,10,13,3606.72,3606.72
MAA,PNQ,2027-01-18,,PR,ECONOMY,1,0,0,2,ONE_WAY,EUR,455,21,4,1189.42,1284.57
ORD,KUL,2027-07-26,,AA,ECONOMY,2,2,0,1,ONE_WAY,USD,532,19,3,3325.94,3325.94
MAD,MNL,2026-10-21,,QR,ECONOMY,1,0,0,1,ONE_WAY,EUR,147,15,17,418.25,451.71
DEL,DXB,2026-10-31,,DL,BUSINESS,2,0,0,1,ONE_WAY,INR,327,3,8,3954.1,47.45
MIA,ZRH,2026-12-07,2027-01-01,UA,ECONOMY,1,0,0,1,ROUND_TRIP,EUR,135,17,19,2830.69,3057.15
MIA,ICN,2027-04-03,,WY,ECONOMY,2,2,1,1,ONE_WAY,EUR,204,6,9,3248.44,3508.32
SIN,KUL,2026-08-24,2026-08-31,DL,BUSINESS,2,0,0,0,ROUND_TRIP,GBP,177,20,22,15452.46,19624.62
DOH,MNL,2027-06-05,2027-06-22,AF,ECONOMY,2,0,0,1,ROUND_TRIP,USD,509,12,20,5495.26,5495.26
ORD,SIN,2026-12-28,,GF,FIRST,3,0,0,2,ONE_WAY,EUR,351,1,6,25182.04,27196.6
SIN,AMD,2027-03-16,2027-03-25,SQ,ECONOMY,2,0,0,1,ROUND_TRIP,EUR,293,9,13,4203.77,4540.07
AUH,PNQ,2027-04-16,2027-04-24,6E,ECONOMY,3,0,0,2,ROUND_TRIP,INR,731,14,2,1295.59,15.55
HKG,CDG,2027-05-05,2027-05-13,EY,ECONOMY,1,0,0,1,ROUND_TRIP,USD,658,9,19,2017.48,2017.48
MAA,AUH,2027-03-18,,6E,ECONOMY,1,0,0,0,ONE_WAY,GBP,453,18,1,724.29,919.85
FCO,CGK,2027-07-31,2027-08-14,AI,ECONOMY,1,0,0,1,ROUND_TRIP,SGD,672,9,20,2616.72,1936.37
DFW,BOM,2027-01-30,,LX,PREMIUM_ECONOMY,2,0,0,0,ONE_WAY,USD,307,6,11,1609.19,1609.19
HYD,AMS,2026-10-30,2026-11-29,BA,ECONOMY,1,1,0,0,ROUND_TRIP,EUR,68,4,5,750.65,810.7
DFW,LAX,2026-09-25,2026-10-14,GA,PREMIUM_ECONOMY,1,0,0,1,ROUND_TRIP,GBP,206,21,0,2367.1,3006.22
DEL,LHR,2027-04-26,,GF,BUSINESS,2,0,0,0,ONE_WAY,USD,165,0,2,6743.36,6743.36
NRT,CGK,2026-10-25,2026-10-31,SQ,BUSINESS,3,0,0,1,ROUND_TRIP,INR,171,2,4,15717.31,188.61
CGK,AMD,2027-06-21,,IX,ECONOMY,2,2,0,0,ONE_WAY,GBP,305,17,22,3703.15,4703.0
AMD,SIN,2026-10-31,,TG,ECONOMY,3,0,0,0,ONE_WAY,GBP,613,1,11,1096.02,1391.95
DFW,MAA,2026-12-12,,TG,ECONOMY,2,0,0,2,ONE_WAY,AED,704,19,6,1325.97,360.66
MAD,ICN,2027-01-15,,UA,ECONOMY,2,1,0,1,ONE_WAY,USD,649,0,10,4391.08,4391.08
KUL,DPS,2027-02-22,2027-03-10,MH,BUSINESS,1,0,1,1,ROUND_TRIP,USD,646,12,22,7133.54,7133.54
KWI,CCU,2027-06-10,2027-06-28,QR,ECONOMY,1,0,0,1,ROUND_TRIP,EUR,153,12,14,540.87,584.14
HYD,MCT,2027-07-22,,IX,BUSINESS,2,0,0,0,ONE_WAY,AED,557,15,0,4322.85,1175.82
MAA,DXB,2026-09-27,,WN,ECONOMY,2,0,0,1,ONE_WAY,USD,353,12,17,997.64,997.64
CGK,KWI,2027-02-17,2027-03-10,WN,BUSINESS,1,1,0,2,ROUND_TRIP,USD,506,1,9,3279.7,3279.7
PNQ,CCU,2027-05-02,2027-05-17,PR,ECONOMY,1,2,0,0,ROUND_TRIP,USD,511,10,18,6881.39,6881.39
BOM,FRA,2027-08-13,,AA,ECONOMY,2,1,0,1,ONE_WAY,SGD,225,5,8,3472.85,2569.91
AMS,FRA,2027-08-04,2027-08-11,WY,ECONOMY,3,0,0,1,ROUND_TRIP,EUR,627,4,14,7976.91,8615.06
DPS,MNL,2027-02-02,,AF,PREMIUM_ECONOMY,1,0,1,0,ONE_WAY,EUR,478,22,5,1982.57,2141.18
MAA,DXB,2027-07-06,,MH,ECONOMY,1,0,0,0,ONE_WAY,USD,251,1,5,794.2,794.2
SFO,PNQ,2027-03-28,,IB,BUSINESS,1,0,1,1,ONE_WAY,EUR,356,6,11,887.53,958.53
BLR,ORD,2026-11-17,,IB,ECONOMY,2,0,0,0,ONE_WAY,USD,75,15,16,1206.2,1206.2
MEL,DOH,2026-09-19,,WN,ECONOMY,2,1,0,2,ONE_WAY,EUR,511,2,10,809.13,873.86
LHR,MNL,2027-04-25,,6E,ECONOMY,1,0,0,0,ONE_WAY,USD,178,1,3,800.63,800.63
AUH,FCO,2026-08-23,,SG,ECONOMY,1,0,0,1,ONE_WAY,USD,718,18,5,850.96,850.96
PNQ,DPS,2027-07-26,2027-07-31,QR,ECONOMY,1,0,0,2,ROUND_TRIP,USD,847,22,12,4026.25,4026.25
NRT,DOH,2026-11-13,2026-12-02,QR,ECONOMY,2,0,0,1,ROUND_TRIP,USD,489,14,22,3516.34,3516.34
HYD,ZRH,2027-04-18,,IX,BUSINESS,2,0,0,0,ONE_WAY,GBP,491,21,5,2871.87,3647.27
KUL,SIN,2027-02-21,,GF,ECONOMY,1,1,0,0,ONE_WAY,EUR,512,7,15,1424.19,1538.13
MAA,MCT,2027-05-16,,AA,ECONOMY,1,1,0,0,ONE_WAY,USD,415,21,3,1325.51,1325.51
JFK,PNQ,2027-05-25,,DL,ECONOMY,1,0,0,0,ONE_WAY,USD,476,20,3,1325.53,1325.53
MAA,DEL,2027-01-01,,AA,ECONOMY,1,2,0,1,ONE_WAY,INR,693,17,4,1153.79,13.85
CDG,CCU,2026-08-19,2026-09-08,BA,PREMIUM_ECONOMY,2,0,0,0,ROUND_TRIP,INR,375,23,5,16357.64,196.29
JFK,FRA,2027-03-24,2027-04-13,LX,BUSINESS,4,1,0,1,ROUND_TRIP,USD,532,7,15,21893.66,21893.66
BAH,DXB,2027-03-20,,WY,ECONOMY,1,1,0,0,ONE_WAY,INR,104,4,5,467.59,5.61
CGK,FRA,2027-08-05,,PR,FIRST,1,0,0,1,ONE_WAY,INR,178,11,13,2849.07,34.19
MAA,MIA,2027-08-02,2027-08-17,GF,PREMIUM_ECONOMY,1,0,0,0,ROUND_TRIP,USD,564,9,18,3157.57,3157.57
BOM,MIA,2027-01-11,,MH,FIRST,2,0,0,1,ONE_WAY,INR,655,5,15,4359.1,52.31
DOH,MAD,2027-01-12,2027-02-10,KL,BUSINESS,1,0,1,1,ROUND_TRIP,USD,358,15,20,8881.84,8881.84
NRT,CGK,2027-06-18,,LH,ECONOMY,1,1,1,0,ONE_WAY,EUR,84,23,0,2210.23,2387.05
ORD,PNQ,2026-12-17,,QR,ECONOMY,1,0,1,0,ONE_WAY,INR,175,5,7,1760.07,21.12
LAX,PNQ,2026-11-02,2026-11-29,KL,PREMIUM_ECONOMY,2,0,0,1,ROUND_TRIP,INR,391,1,7,6902.35,82.83
LHR,DPS,2027-06-29,,LX,BUSINESS,1,0,0,0,ONE_WAY,EUR,456,13,20,3733.02,4031.66
ORD,MCT,2027-03-07,,WN,BUSINESS,3,2,0,2,ONE_WAY,USD,724,9,21,9168.85,9168.85
ORD,AMS,2026-11-18,,GF,ECONOMY,2,0,0,0,ONE_WAY,SGD,377,12,18,1188.44,879.45
SYD,BOM,2026-08-22,2026-08-30,SG,ECONOMY,1,0,0,1,ROUND_TRIP,EUR,723,1,13,2387.25,2578.23
BOM,ORD,2026-09-07,,KL,PREMIUM_ECONOMY,1,0,0,0,ONE_WAY,AED,644,2,12,2272.63,618.16
AMD,FRA,2027-06-13,2027-06-26,PR,PREMIUM_ECONOMY,3,0,1,1,ROUND_TRIP,SGD,339,17,22,11077.46,8197.32
ORD,MAA,2027-05-03,,AA,BUSINESS,3,0,0,1,ONE_WAY,GBP,177,16,18,2374.07,3015.07
MAA,MIA,2027-03-18,2027-04-03,QR,ECONOMY,1,2,0,2,ROUND_TRIP,USD,684,21,8,4176.56,4176.56
KWI,CDG,2026-10-13,2026-11-12,BA,ECONOMY,1,0,0,2,ROUND_TRIP,INR,410,17,23,1798.89,21.59
CDG,BOM,2027-04-06,,MH,ECONOMY,2,0,0,0,ONE_WAY,EUR,308,20,1,2352.61,2540.82
SFO,BLR,2027-08-11,,MH,ECONOMY,1,0,0,1,ONE_WAY,AUD,560,14,23,1258.69,818.15
AMS,BAH,2026-11-27,,WY,BUSINESS,1,0,0,0,ONE_WAY,AED,336,15,20,979.58,266.45
CDG,LHR,2027-01-06,2027-01-29,AI,ECONOMY,1,0,0,0,ROUND_TRIP,USD,133,5,7,539.63,539.63
HYD,DXB,2027-06-10,2027-06-24,IX,PREMIUM_ECONOMY,2,0,0,0,ROUND_TRIP,INR,555,4,13,5319.43,63.83
MNL,NRT,2027-04-01,2027-04-05,UK,ECONOMY,1,0,0,1,ROUND_TRIP,USD,677,15,2,1579.59,1579.59
CDG,MNL,2026-12-26,,EY,BUSINESS,1,0,0,0,ONE_WAY,USD,483,13,21,2984.49,2984.49
DOH,DXB,2027-01-18,2027-02-15,IX,PREMIUM_ECONOMY,2,0,0,1,ROUND_TRIP,USD,243,18,22,3917.85,3917.85
CCU,DOH,2027-06-28,,AF,ECONOMY,1,0,0,2,ONE_WAY,EUR,544,9,18,1189.95,1285.15
BLR,ZRH,2026-12-31,2027-01-22,AA,FIRST,1,0,0,0,ROUND_TRIP,USD,438,10,17,20062.45,20062.45
MEL,KUL,2027-08-06,,IB,ECONOMY,1,0,0,2,ONE_WAY,AED,445,10,17,868.79,236.31
KWI,BOM,2026-10-03,,GF,ECONOMY,1,0,0,0,ONE_WAY,USD,174,4,6,924.17,924.17
KWI,HYD,2027-07-24,,DL,ECONOMY,2,0,1,2,ONE_WAY,USD,385,19,1,2556.44,2556.44
ORD,CGK,2027-08-08,,IB,PREMIUM_ECONOMY,2,0,0,0,ONE_WAY,USD,125,14,16,2757.05,2757.05
MCT,MIA,2027-07-29,,GA,ECONOMY,1,2,0,0,ONE_WAY,USD,212,11,14,3128.8,3128.8
DOH,JFK,2026-10-06,,UA,ECONOMY,2,0,0,0,ONE_WAY,USD,261,9,13,2188.09,2188.09
CDG,MEL,2027-03-20,,LX,ECONOMY,2,0,0,1,ONE_WAY,USD,504,8,16,2533.22,2533.22
PNQ,ZRH,2026-12-19,,GF,PREMIUM_ECONOMY,2,0,0,1,ONE_WAY,INR,524,15,23,4736.64,56.84
BLR,PNQ,2027-01-31,2027-02-11,BA,FIRST,1,0,0,1,ROUND_TRIP,EUR,628,11,21,4318.14,4663.59
ZRH,KWI,2026-09-14,,WN,ECONOMY,3,0,0,1,ONE_WAY,USD,370,19,1,931.97,931.97
SYD,CDG,2026-12-26,,BA,ECONOMY,1,2,0,0,ONE_WAY,EUR,128,20,22,2186.53,2361.45
BLR,DXB,2026-12-07,2026-12-19,WY,ECONOMY,1,0,0,0,ROUND_TRIP,USD,433,1,8,3532.21,3532.21
AMS,ORD,2027-02-14,,GF,BUSINESS,3,1,0,0,ONE_WAY,GBP,126,6,8,5358.33,6805.08
FCO,MCT,2026-09-10,,AI,PREMIUM_ECONOMY,4,0,0,0,ONE_WAY,EUR,127,11,13,6112.49,6601.49
BAH,DPS,2027-06-30,,6E,ECONOMY,1,0,0,0,ONE_WAY,USD,537,6,14,989.68,989.68
AUH,MAA,2027-05-21,,MH,ECONOMY,4,0,0,0,ONE_WAY,GBP,103,0,1,1164.41,1478.8
MNL,MEL,2027-08-04,,WN,BUSINESS,2,0,1,2,ONE_WAY,AED,560,13,22,4879.94,1327.34
DFW,BKK,2026-12-01,,AA,PREMIUM_ECONOMY,1,0,0,1,ONE_WAY,USD,454,7,14,1594.59,1594.59
MNL,DXB,2027-01-04,,GF,PREMIUM_ECONOMY,1,0,0,1,ONE_WAY,INR,284,12,16,1565.22,18.78
NRT,ICN,2027-02-18,,WY,ECONOMY,1,0,0,1,ONE_WAY,AED,204,23,2,1100.42,299.31
JFK,LHR,2026-09-01,,TG,BUSINESS,1,0,0,1,ONE_WAY,EUR,265,5,9,1981.26,2139.76
PNQ,AUH,2027-08-02,2027-08-16,AF,PREMIUM_ECONOMY,1,0,0,0,ROUND_TRIP,AED,89,11,12,1951.87,530.91
ICN,CCU,2027-03-16,,MH,BUSINESS,1,1,0,0,ONE_WAY,GBP,188,4,7,1990.12,2527.45
FCO,LHR,2026-09-03,2026-09-07,KL,ECONOMY,1,1,0,0,ROUND_TRIP,USD,170,20,22,3572.96,3572.96
AMS,AMD,2026-12-28,2027-01-04,EY,BUSINESS,3,2,0,2,ROUND_TRIP,EUR,784,11,0,28015.26,30256.48
MNL,JFK,2027-02-13,,GA,ECONOMY,4,0,0,1,ONE_WAY,INR,668,13,0,3571.08,42.85
MNL,BAH,2026-08-29,,WY,ECONOMY,1,0,0,1,ONE_WAY,EUR,322,0,5,1555.61,1680.06
FRA,KWI,2026-10-21,,AI,BUSINESS,1,1,0,0,ONE_WAY,USD,362,11,17,5475.84,5475.84
CGK,SYD,2026-11-11,,LX,ECONOMY,2,0,0,1,ONE_WAY,USD,269,15,19,1650.13,1650.13
AUH,MAA,2027-07-23,,MH,PREMIUM_ECONOMY,1,1,0,1,ONE_WAY,INR,175,2,4,778.8,9.35
MAA,SIN,2027-07-04,2027-07-11,AA,FIRST,2,1,0,1,ROUND_TRIP,GBP,638,12,22,30509.6,38747.19
CDG,ICN,2027-06-12,,MH,BUSINESS,1,0,1,0,ONE_WAY,EUR,625,14,0,5252.47,5672.67
HYD,ICN,2026-11-01,2026-11-19,LX,ECONOMY,2,1,1,1,ROUND_TRIP,EUR,279,1,5,2729.11,2947.44
BKK,LHR,2026-12-23,,WY,ECONOMY,3,1,0,0,ONE_WAY,INR,446,18,1,4974.87,59.7
CDG,AMD,2026-09-30,2026-10-14,SG,ECONOMY,3,1,1,1,ROUND_TRIP,USD,724,18,6,3392.59,3392.59
ICN,SYD,2026-11-10,,SG,ECONOMY,2,0,0,1,ONE_WAY,AUD,130,7,9,563.36,366.18
MAA,FRA,2026-08-23,2026-09-01,TG,ECONOMY,2,0,0,0,ROUND_TRIP,USD,123,2,4,3054.78,3054.78
MIA,SYD,2026-09-10,2026-10-10,TG,ECONOMY,4,0,0,0,ROUND_TRIP,INR,221,15,18,8535.03,102.42
CCU,MAD,2027-02-21,,EK,BUSINESS,1,0,0,1,ONE_WAY,EUR,608,20,6,4132.68,4463.29
BKK,LHR,2027-03-31,,PR,PREMIUM_ECONOMY,2,0,0,0,ONE_WAY,EUR,446,16,23,3238.09,3497.14
MEL,MAA,2026-10-27,2026-11-24,KL,ECONOMY,1,0,1,1,ROUND_TRIP,AED,170,17,19,404.94,110.14
FRA,AUH,2026-11-03,,SG,BUSINESS,1,0,1,2,ONE_WAY,AED,792,5,18,3194.11,868.8
MAD,LAX,2026-10-03,2026-10-23,EY,BUSINESS,1,0,0,2,ROUND_TRIP,INR,207,21,0,3801.11,45.61
JFK,AMS,2026-11-03,,AI,ECONOMY,2,1,0,1,ONE_WAY,USD,571,0,9,679.74,679.74
MIA,AMD,2027-06-04,,MH,PREMIUM_ECONOMY,1,0,0,0,ONE_WAY,GBP,203,22,1,1867.23,2371.38
LHR,AMD,2027-03-31,,UK,ECONOMY,2,0,0,0,ONE_WAY,AUD,224,8,11,1156.67,751.84
SIN,HKG,2027-05-20,,SG,ECONOMY,2,0,0,1,ONE_WAY,EUR,525,17,1,1346.33,1454.04
PNQ,BKK,2027-06-23,,UA,ECONOMY,4,0,0,0,ONE_WAY,EUR,535,9,17,3351.33,3619.44
JFK,MAD,2027-05-24,,MH,ECONOMY,2,0,0,0,ONE_WAY,USD,634,20,6,2854.91,2854.91
CCU,MIA,2027-01-25,2027-01-31,TG,BUSINESS,2,0,0,0,ROUND_TRIP,AUD,327,22,3,11564.43,7516.88
SFO,KUL,2026-11-24,,LH,ECONOMY,2,0,0,0,ONE_WAY,SGD,556,23,8,1839.1,1360.93
KWI,MIA,2027-07-05,2027-07-28,UA,ECONOMY,2,0,0,0,ROUND_TRIP,GBP,586,19,4,5547.06,7044.77
AMD,BKK,2026-12-05,,UA,FIRST,1,0,0,0,ONE_WAY,GBP,578,16,1,9946.02,12631.45
BKK,SYD,2026-09-09,,WN,PREMIUM_ECONOMY,1,0,0,2,ONE_WAY,USD,732,8,20,475.93,475.93
KWI,BKK,2027-03-28,2027-04-13,IX,BUSINESS,2,0,1,0,ROUND_TRIP,USD,651,5,15,4681.78,4681.78
DEL,DPS,2027-03-05,,UA,BUSINESS,1,1,0,0,ONE_WAY,INR,240,14,18,7697.18,92.37
DEL,DFW,2027-08-01,2027-08-05,DL,ECONOMY,1,0,0,0,ROUND_TRIP,USD,556,16,1,1500.37,1500.37
NRT,MCT,2027-01-03,2027-01-24,AI,PREMIUM_ECONOMY,1,0,0,2,ROUND_TRIP,USD,705,22,9,3328.02,3328.02
DXB,KUL,2027-08-04,,GA,PREMIUM_ECONOMY,1,2,0,0,ONE_WAY,EUR,263,19,23,5662.13,6115.1
BOM,BLR,2026-12-01,,WY,BUSINESS,2,0,0,1,ONE_WAY,USD,631,18,4,4273.47,4273.47
MNL,DEL,2027-07-31,2027-08-08,PR,ECONOMY,3,0,0,1,ROUND_TRIP,EUR,649,8,18,8111.09,8759.98
CDG,CCU,2027-04-12,,6E,BUSINESS,3,0,0,2,ONE_WAY,EUR,603,20,6,9033.9,9756.61
DPS,KWI,2027-08-03,2027-09-02,GA,ECONOMY,1,0,0,0,ROUND_TRIP,INR,365,16,22,2962.7,35.55
PNQ,SYD,2026-12-03,,6E,ECONOMY,1,0,0,1,ONE_WAY,USD,690,1,12,1181.34,1181.34
LAX,BOM,2027-05-24,,UA,ECONOMY,3,0,0,1,ONE_WAY,USD,189,3,6,1825.81,1825.81
MNL,AMS,2026-11-09,2026-12-07,AA,ECONOMY,2,0,0,0,ROUND_TRIP,USD,237,17,20,1728.54,1728.54
JFK,DEL,2026-10-24,2026-11-08,GF,ECONOMY,2,1,0,1,ROUND_TRIP,USD,711,11,22,4172.01,4172.01
ICN,SYD,2026-09-18,2026-10-04,GF,BUSINESS,2,2,0,0,ROUND_TRIP,EUR,61,21,22,8533.66,9216.35
AMS,PNQ,2027-03-06,2027-03-28,UA,ECONOMY,1,1,0,2,ROUND_TRIP,USD,691,20,7,1444.8,1444.8
DOH,SIN,2027-01-20,,GA,ECONOMY,1,0,0,0,ONE_WAY,USD,234,2,5,461.41,461.41
AMS,FRA,2027-08-08,,EY,ECONOMY,1,0,0,2,ONE_WAY,AED,720,12,0,1268.03,344.9
AUH,DPS,2026-10-23,2026-11-20,AF,PREMIUM_ECONOMY,2,1,0,2,ROUND_TRIP,EUR,758,15,3,11265.4,12166.63
SYD,DPS,2027-02-11,2027-03-01,LX,ECONOMY,1,0,0,2,ROUND_TRIP,USD,465,2,9,1533.6,1533.6
MAA,BKK,2026-08-26,,TG,ECONOMY,2,0,1,0,ONE_WAY,USD,237,14,17,1339.93,1339.93
LHR,BKK,2027-05-29,,TG,ECONOMY,2,0,0,1,ONE_WAY,USD,522,9,17,1423.24,1423.24
KUL,PNQ,2026-10-21,,GA,ECONOMY,1,0,0,1,ONE_WAY,USD,326,4,9,369.04,369.04
AMD,SIN,2026-11-05,,GA,BUSINESS,3,2,0,0,ONE_WAY,USD,613,8,18,7083.62,7083.62
AMS,LHR,2027-06-19,2027-07-07,SQ,ECONOMY,2,0,0,0,ROUND_TRIP,INR,606,2,12,5309.46,63.71
DXB,HYD,2027-06-15,,AF,ECONOMY,1,0,0,1,ONE_WAY,SGD,726,14,2,611.94,452.84
MIA,CGK,2026-09-30,,LH,ECONOMY,1,2,0,2,ONE_WAY,EUR,284,7,11,1725.83,1863.9
DPS,AMS,2027-08-08,,AI,ECONOMY,1,2,0,0,ONE_WAY,USD,297,4,8,2116.44,2116.44
MAD,FCO,2027-06-27,,MH,PREMIUM_ECONOMY,1,0,0,0,ONE_WAY,USD,518,1,9,675.33,675.33
AMD,MEL,2026-12-08,,EY,ECONOMY,2,0,0,1,ONE_WAY,USD,237,15,18,1379.46,1379.46
LAX,MCT,2027-05-18,2027-05-22,WN,ECONOMY,1,0,0,0,ROUND_TRIP,USD,322,15,20,973.56,973.56
JFK,BLR,2027-01-01,,TG,BUSINESS,3,0,0,1,ONE_WAY,USD,711,1,12,7474.97,7474.97
FCO,KWI,2026-10-04,2026-10-11,GA,ECONOMY,2,0,0,0,ROUND_TRIP,GBP,278,22,2,3287.22,4174.77
MEL,LAX,2026-10-09,2026-10-25,DL,PREMIUM_ECONOMY,2,2,0,1,ROUND_TRIP,USD,707,12,23,5020.15,5020.15
ZRH,MCT,2027-07-23,,AF,BUSINESS,2,1,0,1,ONE_WAY,USD,479,7,14,7387.92,7387.92
BAH,SFO,2027-07-15,,SG,BUSINESS,2,0,0,1,ONE_WAY,INR,389,13,19,6226.17,74.71
MAA,ZRH,2026-11-13,,UA,ECONOMY,3,1,0,1,ONE_WAY,AED,584,12,21,4163.88,1132.58
DEL,BAH,2027-06-09,,UK,ECONOMY,1,0,0,0,ONE_WAY,INR,218,19,22,363.2,4.36
KUL,LHR,2026-11-16,,SG,ECONOMY,3,1,0,1,ONE_WAY,USD,605,9,19,3422.26,3422.26
DFW,MIA,2027-06-13,,IX,BUSINESS,2,0,0,0,ONE_WAY,USD,528,8,16,8769.42,8769.42
FRA,DEL,2027-05-24,,PR,ECONOMY,1,0,0,0,ONE_WAY,SGD,290,8,12,940.26,695.79
BKK,ORD,2026-11-18,,QR,PREMIUM_ECONOMY,1,0,1,2,ONE_WAY,USD,354,11,16,745.6,745.6
MCT,FRA,2027-02-09,,KL,BUSINESS,1,0,0,1,ONE_WAY,AED,587,12,21,2115.35,575.38
ZRH,FRA,2026-11-23,,AA,PREMIUM_ECONOMY,4,2,0,0,ONE_WAY,EUR,649,21,7,4808.31,5192.97
NRT,MNL,2026-10-18,,WN,ECONOMY,1,1,0,1,ONE_WAY,EUR,437,18,1,789.03,852.15
ZRH,MIA,2026-11-13,,QR,ECONOMY,3,0,0,1,ONE_WAY,USD,486,22,6,2184.09,2184.09
MIA,CDG,2027-08-12,,EY,ECONOMY,1,0,0,0,ONE_WAY,USD,476,11,18,1284.72,1284.72
LHR,DPS,2027-05-02,,WY,ECONOMY,3,1,1,1,ONE_WAY,USD,565,3,12,4192.77,4192.77
LAX,SIN,2027-04-06,2027-04-23,LH,PREMIUM_ECONOMY,1,0,0,0,ROUND_TRIP,USD,140,0,2,4031.5,4031.5
CDG,LAX,2026-10-19,2026-10-29,LX,ECONOMY,2,0,0,0,ROUND_TRIP,GBP,592,10,19,2368.92,3008.53
HYD,SFO,2027-06-28,,UA,ECONOMY,2,0,0,2,ONE_WAY,EUR,729,12,0,3070.59,3316.24
SIN,BAH,2027-07-31,,UA,PREMIUM_ECONOMY,1,0,1,1,ONE_WAY,USD,267,21,1,1764.94,1764.94
AMS,ORD,2027-05-18,,WY,BUSINESS,3,1,0,1,ONE_WAY,GBP,218,13,16,6566.38,8339.3
DPS,KWI,2027-01-11,2027-01-24,LX,ECONOMY,2,1,0,1,ROUND_TRIP,USD,458,9,16,6052.88,6052.88
DXB,CGK,2026-10-09,2026-11-07,LX,ECONOMY,1,0,0,1,ROUND_TRIP,USD,679,23,10,1831.2,1831.2
BKK,MNL,2026-12-22,,EK,ECONOMY,1,0,0,0,ONE_WAY,EUR,391,14,20,2378.26,2568.52
DEL,MEL,2027-05-20,,EK,FIRST,1,0,0,1,ONE_WAY,EUR,701,4,15,8928.7,9643.0
FRA,DOH,2026-11-11,2026-12-01,IB,FIRST,1,0,0,0,ROUND_TRIP,EUR,133,19,21,4870.84,5260.51
ORD,PNQ,2027-03-29,2027-04-12,EK,ECONOMY,3,1,0,0,ROUND_TRIP,AUD,175,13,15,8451.66,5493.58
JFK,PNQ,2026-10-16,2026-11-08,AA,ECONOMY,1,1,0,1,ROUND_TRIP,USD,546,22,7,2888.24,2888.24
ORD,BOM,2027-02-18,,AF,BUSINESS,1,2,0,2,ONE_WAY,INR,667,16,3,4709.88,56.52
BKK,JFK,2026-12-27,2026-12-31,SG,PREMIUM_ECONOMY,4,0,0,0,ROUND_TRIP,AED,211,11,14,11945.33,3249.13
HKG,DPS,2027-05-05,2027-05-18,IB,ECONOMY,1,2,1,1,ROUND_TRIP,USD,239,11,14,5026.96,5026.96
BKK,MNL,2027-01-06,2027-01-13,6E,ECONOMY,1,0,0,0,ROUND_TRIP,INR,391,5,11,1710.91,20.53
HYD,JFK,2026-11-17,,GF,PREMIUM_ECONOMY,4,1,0,1,ONE_WAY,AED,614,19,5,7014.54,1907.95
MEL,MIA,2026-12-02,2026-12-09,IB,ECONOMY,2,0,0,1,ROUND_TRIP,GBP,470,6,13,2578.61,3274.83
DEL,CCU,2026-11-18,2026-11-25,IB,ECONOMY,4,0,0,1,ROUND_TRIP,INR,250,19,23,1782.27,21.39
MIA,SIN,2026-11-27,,IX,ECONOMY,3,0,0,1,ONE_WAY,EUR,171,15,17,1091.51,1178.83
MNL,BLR,2027-02-27,,QR,PREMIUM_ECONOMY,4,0,0,0,ONE_WAY,USD,96,20,21,4950.07,4950.07
KUL,JFK,2027-05-20,2027-06-02,AA,ECONOMY,4,0,0,1,ROUND_TRIP,USD,614,5,15,5019.08,5019.08
HKG,NRT,2027-01-11,2027-01-16,SQ,ECONOMY,1,1,0,0,ROUND_TRIP,EUR,644,0,10,4885.48,5276.32
SYD,KWI,2027-05-30,2027-06-16,AA,ECONOMY,1,0,0,1,ROUND_TRIP,USD,157,8,10,2311.66,2311.66
DEL,HYD,2026-09-19,,WN,ECONOMY,4,0,1,1,ONE_WAY,SGD,199,20,23,2054.2,1520.11
MAD,SIN,2026-10-23,2026-11-09,UK,ECONOMY,1,1,0,0,ROUND_TRIP,USD,576,17,2,2606.42,2606.42
KWI,BLR,2027-02-09,,UK,ECONOMY,1,0,0,0,ONE_WAY,USD,310,6,11,223.72,223.72
ZRH,PNQ,2027-05-22,,LH,BUSINESS,3,0,0,0,ONE_WAY,INR,332,18,23,6832.46,81.99
BOM,MNL,2027-05-28,2027-06-01,SG,BUSINESS,4,0,0,0,ROUND_TRIP,EUR,336,12,17,6362.73,6871.75
JFK,BLR,2027-08-06,,MH,ECONOMY,2,0,0,0,ONE_WAY,USD,643,23,9,1852.1,1852.1
MAD,AMS,2026-12-07,,6E,ECONOMY,2,0,0,0,ONE_WAY,USD,596,3,12,1379.1,1379.1
MAD,BKK,2026-09-23,2026-10-05,UK,ECONOMY,1,1,0,2,ROUND_TRIP,USD,610,17,3,1478.13,1478.13
AMD,AUH,2026-11-11,2026-11-29,KL,PREMIUM_ECONOMY,1,0,0,2,ROUND_TRIP,AED,315,7,12,2585.78,703.33
SFO,NRT,2027-05-02,,UA,ECONOMY,4,2,0,1,ONE_WAY,AED,408,20,2,3656.21,994.49
AMS,KUL,2027-05-30,2027-06-05,6E,FIRST,2,0,0,1,ROUND_TRIP,AED,351,5,10,21873.9,5949.7
FRA,AMS,2027-06-15,,WN,ECONOMY,1,0,0,0,ONE_WAY,GBP,380,20,2,853.98,1084.55
BLR,KWI,2027-01-29,,PR,ECONOMY,1,2,0,0,ONE_WAY,AED,268,21,1,2134.23,580.51
AUH,MEL,2027-05-02,,KL,ECONOMY,1,0,0,0,ONE_WAY,USD,189,2,5,755.16,755.16
ICN,SYD,2027-07-15,2027-08-07,UK,PREMIUM_ECONOMY,1,0,0,0,ROUND_TRIP,EUR,61,8,9,1137.71,1228.73
ZRH,LHR,2027-05-29,2027-06-22,PR,FIRST,1,0,0,1,ROUND_TRIP,USD,419,10,16,12933.24,12933.24
CCU,DEL,2026-10-20,2026-10-25,DL,ECONOMY,1,0,0,1,ROUND_TRIP,GBP,208,13,16,1545.1,1962.28
SIN,KWI,2027-04-12,,TG,BUSINESS,2,0,0,1,ONE_WAY,USD,571,20,5,8424.32,8424.32
FCO,AMD,2027-06-06,2027-07-02,GF,ECONOMY,1,0,1,1,ROUND_TRIP,USD,422,21,4,2482.38,2482.38
MEL,LHR,2027-08-13,2027-09-12,LH,ECONOMY,2,0,0,1,ROUND_TRIP,INR,300,2,7,5416.84,65.0
HYD,FRA,2026-11-20,,IB,FIRST,1,0,0,1,ONE_WAY,USD,471,14,21,5273.77,5273.77
LHR,MCT,2027-07-20,,BA,BUSINESS,1,0,0,0,ONE_WAY,GBP,361,0,6,3126.14,3970.2
FRA,BKK,2026-10-06,2026-10-25,LX,ECONOMY,3,2,0,2,ROUND_TRIP,INR,246,16,20,3649.39,43.79
BLR,KUL,2027-05-15,2027-06-08,AF,BUSINESS,2,1,1,2,ROUND_TRIP,USD,510,20,4,20664.14,20664.14
KUL,HYD,2026-12-19,,WY,ECONOMY,1,0,1,1,ONE_WAY,EUR,394,4,10,934.42,1009.17
MIA,DFW,2027-04-24,2027-05-23,AI,BUSINESS,1,0,0,1,ROUND_TRIP,INR,607,4,14,5159.0,61.91
SYD,BOM,2026-11-14,2026-12-06,LH,ECONOMY,3,1,0,1,ROUND_TRIP,USD,722,12,0,7761.71,7761.71
KWI,MNL,2027-07-31,,QR,ECONOMY,2,0,0,0,ONE_WAY,AED,555,9,18,1060.69,288.51
MIA,DEL,2027-06-19,2027-07-11,SQ,PREMIUM_ECONOMY,4,0,0,1,ROUND_TRIP,GBP,320,7,12,10895.74,13837.59
LHR,BAH,2027-05-13,,GA,ECONOMY,1,0,0,2,ONE_WAY,USD,603,11,21,1362.64,1362.64
FRA,ORD,2027-07-12,,GA,ECONOMY,1,1,0,1,ONE_WAY,USD,227,9,12,1544.16,1544.16
CCU,BKK,2026-12-05,2026-12-15,GA,PREMIUM_ECONOMY,2,1,0,0,ROUND_TRIP,USD,217,14,17,15474.85,15474.85
BOM,AMS,2027-02-21,,IB,ECONOMY,3,0,0,0,ONE_WAY,USD,253,21,1,1581.68,1581.68
ICN,ZRH,2027-04-30,,KL,ECONOMY,2,0,0,0,ONE_WAY,USD,302,16,21,1017.0,1017.0
BKK,AUH,2027-04-07,,WY,ECONOMY,1,1,1,1,ONE_WAY,USD,148,4,6,705.84,705.84
MIA,KUL,2027-01-27,,QR,ECONOMY,2,1,1,0,ONE_WAY,AED,633,22,8,6146.98,1671.98
HYD,ICN,2027-04-25,,LH,BUSINESS,1,0,0,0,ONE_WAY,USD,201,18,21,2356.55,2356.55
MAA,JFK,2027-08-06,,IX,ECONOMY,1,0,0,0,ONE_WAY,EUR,218,22,1,797.89,861.72
CGK,DXB,2026-12-04,2026-12-11,AI,FIRST,2,0,0,0,ROUND_TRIP,USD,591,21,6,23322.37,23322.37
SFO,MCT,2026-10-26,,WY,ECONOMY,1,0,1,2,ONE_WAY,USD,314,11,16,416.92,416.92
MIA,DPS,2026-09-24,,UK,PREMIUM_ECONOMY,2,1,0,0,ONE_WAY,INR,480,17,1,4288.0,51.46
MAD,DEL,2026-09-16,,WY,BUSINESS,1,0,0,2,ONE_WAY,USD,716,18,5,2363.28,2363.28
HKG,MAA,2027-02-27,2027-03-26,AF,ECONOMY,2,0,0,2,ROUND_TRIP,INR,760,3,15,3872.32,46.47
SYD,MAA,2027-07-10,,UA,ECONOMY,1,0,0,0,ONE_WAY,USD,454,2,9,668.66,668.66
JFK,MAA,2027-06-18,2027-07-12,GF,ECONOMY,1,0,1,1,ROUND_TRIP,INR,683,2,13,2029.75,24.36
DOH,MAA,2026-09-06,2026-09-30,IX,ECONOMY,1,1,0,0,ROUND_TRIP,GBP,214,12,15,1130.69,1435.98
CDG,DOH,2027-02-18,2027-03-06,AA,ECONOMY,1,0,0,2,ROUND_TRIP,SGD,855,23,13,802.2,593.63
MAD,AMD,2026-12-31,2027-01-26,AI,ECONOMY,1,0,0,1,ROUND_TRIP,USD,554,0,9,1572.83,1572.83
MNL,DFW,2026-12-22,2027-01-17,WY,ECONOMY,1,0,0,2,ROUND_TRIP,USD,741,10,22,959.08,959.08
ORD,ZRH,2026-12-24,2026-12-29,GF,FIRST,1,0,1,2,ROUND_TRIP,USD,431,7,14,17179.57,17179.57
MIA,BAH,2026-12-01,,IX,ECONOMY,3,0,0,2,ONE_WAY,INR,409,0,6,2155.0,25.86
LHR,AMD,2027-04-11,2027-05-06,SG,ECONOMY,1,0,1,1,ROUND_TRIP,USD,323,22,3,1325.52,1325.52
BLR,NRT,2026-09-22,,EK,PREMIUM_ECONOMY,3,1,0,2,ONE_WAY,USD,553,3,12,3243.13,3243.13
MEL,SYD,2026-09-15,,EY,PREMIUM_ECONOMY,2,1,0,1,ONE_WAY,EUR,634,6,16,3786.19,4089.09
CCU,MEL,2027-07-16,,KL,BUSINESS,2,2,0,1,ONE_WAY,USD,439,21,4,15348.84,15348.84
PNQ,MAD,2026-12-19,,QR,ECONOMY,3,2,0,2,ONE_WAY,AUD,731,11,23,2499.45,1624.64
SYD,DEL,2027-04-05,,LH,FIRST,1,2,0,1,ONE_WAY,INR,353,13,18,14028.44,168.34
AMS,FCO,2027-02-25,,KL,ECONOMY,1,0,0,1,ONE_WAY,USD,290,8,12,1079.79,1079.79
AMS,BOM,2027-04-19,2027-05-03,MH,PREMIUM_ECONOMY,2,0,0,0,ROUND_TRIP,USD,251,8,12,2827.56,2827.56
FRA,MEL,2027-03-07,,DL,ECONOMY,2,0,0,0,ONE_WAY,EUR,383,6,12,662.66,715.67
AMD,LAX,2026-12-18,2027-01-16,WN,ECONOMY,2,1,0,0,ROUND_TRIP,USD,580,8,17,2399.4,2399.4
AMS,JFK,2026-12-25,2027-01-08,QR,ECONOMY,1,1,1,0,ROUND_TRIP,AED,637,21,7,3805.79,1035.17
BLR,NRT,2027-08-09,2027-08-21,TG,ECONOMY,3,0,0,0,ROUND_TRIP,USD,425,9,16,2745.12,2745.12
AMS,BLR,2026-12-23,2027-01-22,AA,PREMIUM_ECONOMY,1,0,0,0,ROUND_TRIP,INR,567,0,9,2941.54,35.3
KWI,DOH,2027-02-01,2027-03-03,TG,ECONOMY,3,0,0,0,ROUND_TRIP,AED,299,11,15,3886.57,1057.15
ORD,BOM,2027-05-14,,WN,PREMIUM_ECONOMY,3,0,0,2,ONE_WAY,EUR,741,21,9,2539.35,2742.5
MIA,MAA,2026-12-01,,UA,ECONOMY,1,0,1,1,ONE_WAY,EUR,514,13,21,1732.15,1870.72
HYD,NRT,2027-08-07,2027-09-06,DL,PREMIUM_ECONOMY,2,0,0,2,ROUND_TRIP,SGD,497,1,9,8845.12,6545.39
KUL,AMS,2027-01-25,2027-02-07,KL,ECONOMY,1,0,0,1,ROUND_TRIP,USD,486,10,18,749.51,749.51
BAH,LHR,2026-10-21,2026-11-14,EY,BUSINESS,3,0,0,1,ROUND_TRIP,USD,595,15,0,4649.27,4649.27
MAD,BKK,2026-10-16,,MH,ECONOMY,1,0,0,0,ONE_WAY,EUR,386,21,3,618.48,667.96
ZRH,AUH,2027-07-01,,AF,ECONOMY,1,1,0,1,ONE_WAY,AED,272,10,14,2435.28,662.4
CGK,NRT,2026-09-29,,MH,ECONOMY,1,0,0,1,ONE_WAY,SGD,490,16,0,749.12,554.35
CGK,DOH,2027-03-27,,AF,ECONOMY,2,0,0,1,ONE_WAY,USD,177,23,1,558.86,558.86
AMD,MEL,2026-10-05,2026-11-01,SG,BUSINESS,1,0,1,1,ROUND_TRIP,USD,259,6,10,2426.06,2426.06
DOH,SYD,2027-03-30,,UA,BUSINESS,1,1,0,0,ONE_WAY,GBP,420,23,6,5774.49,7333.6
ICN,NRT,2027-04-06,2027-04-12,AF,PREMIUM_ECONOMY,1,2,0,0,ROUND_TRIP,USD,257,9,13,3734.2,3734.2
KWI,KUL,2026-08-27,2026-09-13,WY,BUSINESS,1,1,0,1,ROUND_TRIP,EUR,608,2,12,4856.01,5244.49
CDG,BAH,2026-12-04,,KL,ECONOMY,1,0,1,1,ONE_WAY,USD,238,14,17,941.04,941.04
BKK,BOM,2027-03-04,,WY,PREMIUM_ECONOMY,3,0,1,0,ONE_WAY,INR,602,8,18,5616.6,67.4
AUH,FRA,2027-02-03,2027-02-14,LH,ECONOMY,1,0,0,1,ROUND_TRIP,SGD,609,23,9,1013.92,750.3
MAD,AUH,2027-04-06,2027-04-22,SG,BUSINESS,2,0,0,1,ROUND_TRIP,INR,488,22,6,6845.88,82.15
MAA,DPS,2026-11-17,2026-12-05,AF,PREMIUM_ECONOMY,2,0,0,1,ROUND_TRIP,AUD,552,17,2,3268.53,2124.54
HYD,HKG,2026-11-15,,DL,ECONOMY,1,0,0,1,ONE_WAY,AED,605,0,10,1036.47,281.92
MEL,HKG,2026-10-19,2026-10-30,QR,BUSINESS,3,0,0,1,ROUND_TRIP,EUR,205,0,3,5491.24,5930.54
JFK,AUH,2026-11-20,,MH,FIRST,1,1,1,1,ONE_WAY,INR,721,23,11,6847.39,82.17
KWI,AUH,2027-07-18,,SQ,BUSINESS,2,0,0,1,ONE_WAY,USD,460,9,16,13170.35,13170.35
DEL,DFW,2027-01-16,,DL,ECONOMY,1,0,0,0,ONE_WAY,USD,556,7,16,620.35,620.35
BKK,AMD,2027-04-07,2027-05-07,GF,BUSINESS,2,0,0,0,ROUND_TRIP,USD,363,5,11,15807.0,15807.0
SYD,MAD,2027-02-02,2027-02-12,6E,BUSINESS,2,0,0,1,ROUND_TRIP,EUR,393,20,2,6112.95,6601.99
ZRH,AMD,2026-09-07,,EK,BUSINESS,3,0,0,1,ONE_WAY,USD,727,10,22,11579.83,11579.83
AUH,MAD,2026-11-19,,LX,PREMIUM_ECONOMY,4,0,0,1,ONE_WAY,GBP,578,14,23,1675.75,2128.2
BOM,MAA,2027-02-15,,AF,ECONOMY,1,2,0,0,ONE_WAY,GBP,659,10,20,4574.19,5809.22
BAH,KWI,2027-01-14,2027-01-25,PR,FIRST,2,0,0,1,ROUND_TRIP,USD,698,21,8,19922.06,19922.06
DPS,PNQ,2026-10-15,,QR,ECONOMY,2,0,0,0,ONE_WAY,USD,132,18,20,1669.5,1669.5
DFW,AMS,2027-08-13,,UK,ECONOMY,2,0,0,0,ONE_WAY,AED,658,5,15,2553.32,694.5
MEL,ORD,2026-12-03,,6E,ECONOMY,3,0,1,1,ONE_WAY,USD,593,18,3,830.46,830.46
ICN,ZRH,2027-06-26,,AA,BUSINESS,1,0,0,1,ONE_WAY,USD,387,2,8,1874.21,1874.21
CCU,BLR,2027-06-22,2027-07-10,MH,BUSINESS,1,0,1,0,ROUND_TRIP,INR,141,16,18,8254.02,99.05
KWI,SYD,2027-01-16,2027-02-10,SG,BUSINESS,2,1,0,1,ROUND_TRIP,AED,162,22,0,14422.14,3922.82
MEL,KUL,2026-10-05,2026-10-11,WN,BUSINESS,1,0,0,1,ROUND_TRIP,EUR,386,11,17,3185.96,3440.84
PNQ,BKK,2027-07-25,,MH,ECONOMY,1,2,1,2,ONE_WAY,GBP,721,17,5,1538.85,1954.34
DXB,BOM,2027-07-03,,KL,ECONOMY,2,0,0,1,ONE_WAY,SGD,377,5,11,1868.03,1382.34
ORD,AUH,2026-09-09,2026-10-05,SQ,PREMIUM_ECONOMY,1,0,0,1,ROUND_TRIP,USD,645,20,6,5375.75,5375.75
DFW,LAX,2026-10-25,,KL,PREMIUM_ECONOMY,3,0,1,0,ONE_WAY,INR,86,14,15,4202.38,50.43
FCO,AMS,2026-11-06,,MH,ECONOMY,2,0,0,0,ONE_WAY,USD,327,9,14,497.41,497.41
DPS,KUL,2027-03-25,,6E,ECONOMY,1,0,0,1,ONE_WAY,USD,396,3,9,709.62,709.62
BLR,AUH,2027-03-01,2027-03-29,MH,ECONOMY,1,0,0,1,ROUND_TRIP,USD,544,16,1,2841.93,2841.93
FRA,JFK,2026-10-11,,TG,ECONOMY,2,0,0,0,ONE_WAY,EUR,328,19,0,993.23,1072.69
JFK,SYD,2027-06-23,,EK,PREMIUM_ECONOMY,1,0,0,1,ONE_WAY,USD,523,14,22,3181.16,3181.16
AMD,MNL,2027-02-13,,IX,ECONOMY,1,1,0,2,ONE_WAY,EUR,484,7,15,315.81,341.07
BOM,AUH,2026-09-08,,KL,PREMIUM_ECONOMY,1,0,0,2,ONE_WAY,GBP,721,16,4,1321.32,1678.08
AUH,HYD,2027-02-13,,SQ,ECONOMY,1,0,0,0,ONE_WAY,GBP,658,13,23,586.42,744.75
CCU,MNL,2027-08-11,,GA,ECONOMY,1,0,1,0,ONE_WAY,GBP,309,21,2,844.56,1072.59
FCO,DPS,2026-09-27,,GA,BUSINESS,2,0,0,2,ONE_WAY,GBP,396,5,11,5627.32,7146.7
AMD,KUL,2026-12-13,,MH,ECONOMY,1,0,0,1,ONE_WAY,AED,552,4,13,1811.35,492.69
MEL,JFK,2027-03-12,,TG,ECONOMY,1,2,1,2,ONE_WAY,AED,726,23,11,3365.86,915.51
ZRH,LAX,2027-03-24,2027-04-02,AI,ECONOMY,1,0,0,0,ROUND_TRIP,USD,153,17,19,934.06,934.06
DOH,NRT,2026-11-06,,TG,BUSINESS,1,1,0,0,ONE_WAY,INR,283,3,7,2822.04,33.86
MAD,MIA,2027-03-01,,EK,ECONOMY,4,0,0,1,ONE_WAY,USD,721,7,19,3132.82,3132.82
SIN,LHR,2026-09-23,2026-10-07,AI,ECONOMY,3,0,0,2,ROUND_TRIP,INR,343,12,17,4345.95,52.15
ORD,JFK,2027-02-04,,MH,ECONOMY,4,2,1,2,ONE_WAY,USD,251,19,23,5444.12,5444.12
HKG,BAH,2027-07-16,2027-07-31,GA,PREMIUM_ECONOMY,1,0,0,1,ROUND_TRIP,INR,760,3,15,2717.89,32.61
ORD,SIN,2027-05-01,,TG,ECONOMY,1,0,0,0,ONE_WAY,EUR,157,12,14,1147.7,1239.52
BKK,PNQ,2027-01-04,2027-01-25,SG,ECONOMY,2,0,0,2,ROUND_TRIP,EUR,501,20,4,1437.87,1552.9
MAD,BAH,2027-04-25,,KL,PREMIUM_ECONOMY,1,0,0,0,ONE_WAY,AED,631,19,5,2055.61,559.13
MAD,KUL,2026-09-10,,IB,PREMIUM_ECONOMY,1,0,0,0,ONE_WAY,INR,96,15,16,391.57,4.7
DFW,HYD,2026-10-04,2026-10-20,LH,ECONOMY,1,2,0,1,ROUND_TRIP,USD,212,21,0,4034.33,4034.33
ORD,FCO,2027-02-25,,WN,PREMIUM_ECONOMY,1,0,0,1,ONE_WAY,AED,378,9,15,561.98,152.86
DEL,ICN,2026-11-25,2026-12-19,TG,FIRST,1,1,0,2,ROUND_TRIP,AED,741,5,17,19589.19,5328.26
MAD,DXB,2026-12-06,,UA,BUSINESS,1,0,0,0,ONE_WAY,USD,446,13,20,4531.69,4531.69
SIN,SFO,2027-04-25,2027-05-19,IB,ECONOMY,2,1,1,2,ROUND_TRIP,USD,521,15,23,4375.44,4375.44
DOH,MCT,2027-04-11,,KL,ECONOMY,1,0,0,1,ONE_WAY,USD,627,20,6,831.92,831.92
DOH,KWI,2026-12-22,2027-01-20,AF,ECONOMY,1,0,0,1,ROUND_TRIP,INR,745,10,22,2746.45,32.96
BKK,KWI,2027-01-15,2027-02-12,WY,PREMIUM_ECONOMY,1,0,1,1,ROUND_TRIP,USD,596,16,1,2790.48,2790.48
JFK,MNL,2027-07-03,2027-07-13,AA,BUSINESS,2,1,0,0,ROUND_TRIP,USD,495,23,7,12062.04,12062.04
LAX,SFO,2027-01-29,,PR,ECONOMY,3,0,0,0,ONE_WAY,USD,473,2,9,1382.44,1382.44
DFW,BLR,2026-09-27,2026-10-02,AF,ECONOMY,2,2,0,1,ROUND_TRIP,USD,685,1,12,7791.37,7791.37
BAH,DEL,2026-12-24,2026-12-28,UA,BUSINESS,2,0,0,1,ROUND_TRIP,AED,657,9,19,10197.06,2773.6
MAA,SFO,2026-11-21,2026-12-12,AF,PREMIUM_ECONOMY,2,0,0,1,ROUND_TRIP,USD,460,13,20,2994.12,2994.12
DEL,FCO,2027-07-28,,AA,BUSINESS,1,0,0,2,ONE_WAY,AED,790,18,7,2598.77,706.87
NRT,FRA,2027-06-16,,GA,BUSINESS,1,0,0,1,ONE_WAY,INR,623,4,14,1093.15,13.12
MEL,LHR,2027-06-26,2027-06-29,BA,PREMIUM_ECONOMY,2,0,1,2,ROUND_TRIP,INR,433,10,17,8016.34,96.2
BAH,BLR,2027-07-07,2027-07-26,UK,ECONOMY,1,0,0,1,ROUND_TRIP,USD,559,5,14,1301.56,1301.56
MAD,DFW,2026-11-22,,GA,PREMIUM_ECONOMY,1,0,0,0,ONE_WAY,EUR,465,14,21,376.43,406.54
CCU,CGK,2027-06-02,2027-06-29,QR,ECONOMY,2,0,0,0,ROUND_TRIP,AUD,290,20,0,6056.12,3936.48
BKK,HYD,2026-10-14,2026-11-13,GA,PREMIUM_ECONOMY,1,0,0,0,ROUND_TRIP,INR,84,13,14,1163.46,13.96
ZRH,SFO,2026-08-22,,EK,ECONOMY,1,2,0,1,ONE_WAY,INR,178,10,12,1113.82,13.37
FCO,DXB,2027-07-21,,SG,ECONOMY,2,0,0,0,ONE_WAY,USD,116,21,22,1496.58,1496.58
FRA,DFW,2027-07-07,2027-07-28,AF,ECONOMY,1,0,0,1,ROUND_TRIP,AED,575,22,7,2503.53,680.96
CGK,BOM,2027-01-26,2027-02-23,AI,BUSINESS,2,0,0,0,ROUND_TRIP,USD,496,18,2,3637.51,3637.51
MNL,MAA,2026-08-23,,KL,PREMIUM_ECONOMY,3,0,0,0,ONE_WAY,AED,322,13,18,2525.61,686.97
CCU,BOM,2027-03-06,,PR,PREMIUM_ECONOMY,1,0,0,0,ONE_WAY,USD,405,15,21,967.11,967.11
LHR,HYD,2026-09-05,2026-09-20,UA,ECONOMY,1,0,0,2,ROUND_TRIP,USD,427,4,11,2638.25,2638.25
JFK,ICN,2027-07-17,,GA,ECONOMY,2,1,1,1,ONE_WAY,AED,277,13,17,2423.87,659.29
DPS,DOH,2026-11-21,2026-12-19,SG,BUSINESS,2,0,0,1,ROUND_TRIP,INR,521,23,7,10188.01,122.26
FRA,MIA,2026-08-27,2026-09-22,AF,BUSINESS,2,0,0,0,ROUND_TRIP,EUR,341,15,20,11612.96,12542.0
HKG,BKK,2026-11-07,,LX,ECONOMY,1,0,0,1,ONE_WAY,AUD,304,11,16,957.33,622.26
BKK,BOM,2027-05-17,2027-06-04,GF,ECONOMY,1,0,0,1,ROUND_TRIP,USD,678,20,7,2280.49,2280.49
AMS,LHR,2027-05-02,2027-05-23,UA,ECONOMY,1,1,0,0,ROUND_TRIP,GBP,606,16,2,4710.14,5981.88
DEL,DXB,2026-12-04,,AA,BUSINESS,2,1,0,1,ONE_WAY,USD,311,18,23,7408.34,7408.34
SYD,ORD,2026-11-14,2026-12-02,PR,ECONOMY,2,2,0,1,ROUND_TRIP,SGD,599,1,10,6830.42,5054.51
HKG,CDG,2027-01-14,2027-02-06,WN,FIRST,2,1,0,1,ROUND_TRIP,USD,689,6,17,27063.98,27063.98
HKG,DEL,2027-08-01,2027-08-16,GA,ECONOMY,1,1,0,2,ROUND_TRIP,EUR,480,15,23,2214.16,2391.29
HYD,AMS,2027-08-08,2027-08-20,PR,BUSINESS,2,2,0,1,ROUND_TRIP,EUR,150,8,10,5404.4,5836.75
ORD,NRT,2027-07-13,2027-08-01,EK,BUSINESS,1,0,0,0,ROUND_TRIP,USD,78,18,19,5254.94,5254.94
AMD,HYD,2027-05-22,,LH,ECONOMY,1,0,0,0,ONE_WAY,INR,632,8,18,964.61,11.58
MNL,MAA,2026-10-13,,WY,ECONOMY,1,0,1,1,ONE_WAY,EUR,402,0,6,296.64,320.37
MIA,SIN,2027-02-04,,EY,BUSINESS,1,0,1,0,ONE_WAY,USD,93,23,0,1391.16,1391.16
SFO,JFK,2026-10-27,2026-11-26,QR,ECONOMY,1,0,0,0,ROUND_TRIP,EUR,578,3,12,824.13,890.06
DOH,MAD,2026-12-27,,BA,ECONOMY,1,0,0,2,ONE_WAY,AED,450,22,5,2077.75,565.15
MAA,SIN,2027-06-11,,AA,ECONOMY,4,1,1,1,ONE_WAY,INR,586,20,5,4959.83,59.52
HKG,AUH,2026-08-24,,QR,ECONOMY,1,0,0,1,ONE_WAY,EUR,270,8,12,1505.04,1625.44
MNL,KWI,2026-10-05,2026-10-21,IX,ECONOMY,4,2,0,1,ROUND_TRIP,INR,266,4,8,8085.58,97.03
MEL,DFW,2027-03-28,2027-04-14,GA,PREMIUM_ECONOMY,4,0,0,0,ROUND_TRIP,AUD,642,14,0,12454.91,8095.69
ZRH,BAH,2026-10-09,2026-10-14,AA,ECONOMY,2,0,0,2,ROUND_TRIP,USD,771,16,4,4847.99,4847.99
MEL,MAA,2026-10-19,,DL,ECONOMY,2,2,0,0,ONE_WAY,INR,86,13,14,812.23,9.75
HKG,LHR,2027-01-17,2027-01-21,BA,PREMIUM_ECONOMY,2,0,0,0,ROUND_TRIP,EUR,645,16,2,3641.5,3932.82
ZRH,MEL,2027-02-28,,GF,ECONOMY,1,0,0,1,ONE_WAY,GBP,470,14,21,1080.32,1372.01
LHR,ICN,2027-07-24,,KL,ECONOMY,1,0,0,1,ONE_WAY,USD,262,9,13,1144.08,1144.08
CCU,MCT,2026-10-02,,GA,BUSINESS,1,0,0,0,ONE_WAY,USD,487,19,3,1545.44,1545.44
MEL,BLR,2026-10-18,,PR,FIRST,2,0,0,0,ONE_WAY,USD,583,2,11,13224.38,13224.38
CGK,NRT,2026-11-07,,KL,BUSINESS,2,1,0,1,ONE_WAY,USD,514,0,8,7744.03,7744.03
HKG,BKK,2026-09-16,2026-10-09,AI,ECONOMY,4,0,0,0,ROUND_TRIP,USD,201,21,0,7201.29,7201.29
DXB,DOH,2026-09-02,,LH,ECONOMY,1,0,0,0,ONE_WAY,USD,446,13,20,1839.15,1839.15
SFO,SIN,2027-02-21,,LX,ECONOMY,1,0,0,2,ONE_WAY,AUD,664,22,9,559.45,363.64
ORD,MNL,2027-04-02,,PR,FIRST,2,1,1,1,ONE_WAY,EUR,355,17,22,17630.64,19041.09
AMD,MNL,2027-06-26,2027-07-02,SQ,BUSINESS,4,0,1,1,ROUND_TRIP,GBP,404,22,4,9783.09,12424.52
CGK,SYD,2026-10-14,,SG,ECONOMY,2,1,0,1,ONE_WAY,USD,293,16,20,1892.33,1892.33
MCT,CGK,2026-11-12,,AA,ECONOMY,2,0,0,1,ONE_WAY,EUR,209,3,6,1012.5,1093.5
BLR,BOM,2027-03-23,2027-04-11,WY,BUSINESS,2,0,0,0,ROUND_TRIP,USD,493,10,18,2957.05,2957.05
BAH,KUL,2027-06-11,2027-06-16,AI,BUSINESS,3,2,0,1,ROUND_TRIP,AUD,656,1,11,11114.11,7224.17
KUL,MAD,2027-01-01,2027-01-19,EK,ECONOMY,1,0,0,0,ROUND_TRIP,EUR,406,0,6,3576.78,3862.92
BOM,DFW,2026-12-11,2026-12-26,KL,BUSINESS,4,0,0,0,ROUND_TRIP,AUD,178,4,6,31285.14,20335.34
AMD,CDG,2027-04-27,,GF,ECONOMY,3,0,0,1,ONE_WAY,INR,453,12,19,1142.55,13.71
SYD,BOM,2027-04-29,,EY,ECONOMY,1,0,0,1,ONE_WAY,EUR,722,5,17,949.12,1025.05
SIN,CDG,2027-01-30,2027-02-23,LX,BUSINESS,3,1,0,0,ROUND_TRIP,EUR,443,19,2,29380.43,31730.86
ICN,PNQ,2026-12-07,2026-12-29,GA,ECONOMY,1,1,0,0,ROUND_TRIP,INR,124,5,7,2215.84,26.59
KUL,ZRH,2027-02-01,,GF,ECONOMY,1,2,0,0,ONE_WAY,EUR,167,22,0,2047.02,2210.78
KWI,FCO,2027-07-08,,UK,BUSINESS,1,0,0,0,ONE_WAY,INR,591,9,18,1310.21,15.72
PNQ,MAD,2027-02-12,2027-03-10,TG,ECONOMY,1,0,0,1,ROUND_TRIP,AED,651,6,16,577.76,157.15
AMS,JFK,2026-11-28,,PR,FIRST,1,1,0,0,ONE_WAY,GBP,637,5,15,7392.56,9388.55
MIA,DPS,2026-11-03,,LH,ECONOMY,2,0,1,0,ONE_WAY,USD,480,12,20,2445.49,2445.49
MAD,CDG,2027-05-02,2027-05-16,KL,ECONOMY,2,1,1,1,ROUND_TRIP,USD,628,7,17,3924.5,3924.5
FCO,BLR,2027-04-12,2027-04-15,IX,PREMIUM_ECONOMY,2,0,1,1,ROUND_TRIP,EUR,479,13,20,3017.31,3258.69
MNL,AMS,2026-10-17,2026-10-28,UA,ECONOMY,1,1,1,0,ROUND_TRIP,EUR,237,12,15,1474.29,1592.23
DEL,LAX,2027-04-19,2027-05-11,GA,BUSINESS,1,2,0,0,ROUND_TRIP,GBP,539,9,17,8659.54,10997.62
ZRH,AMD,2026-11-04,2026-11-21,BA,ECONOMY,1,2,0,1,ROUND_TRIP,EUR,760,0,12,4395.4,4747.03
DFW,MAA,2027-07-01,,AI,PREMIUM_ECONOMY,2,0,0,2,ONE_WAY,AUD,662,11,22,1735.64,1128.17
AMD,CGK,2026-11-30,,LX,FIRST,2,0,0,0,ONE_WAY,EUR,87,2,3,12247.22,13227.0
PNQ,DFW,2027-06-11,,GA,BUSINESS,1,0,0,1,ONE_WAY,AUD,563,16,1,1753.5,1139.78
KUL,DEL,2027-05-23,,6E,ECONOMY,3,0,0,0,ONE_WAY,USD,481,21,5,1806.9,1806.9
MNL,LAX,2026-09-09,2026-10-03,LX,BUSINESS,2,1,0,1,ROUND_TRIP,AUD,392,14,20,4721.28,3068.83
CGK,MEL,2026-09-01,,KL,BUSINESS,2,0,0,1,ONE_WAY,USD,274,23,3,7386.18,7386.18
MCT,DOH,2026-12-15,,EK,ECONOMY,1,0,0,2,ONE_WAY,USD,435,13,20,676.72,676.72
CCU,BOM,2026-08-16,2026-08-24,EK,BUSINESS,1,0,0,1,ROUND_TRIP,GBP,484,13,21,9404.5,11943.72
AUH,MEL,2026-09-26,,6E,ECONOMY,1,1,0,1,ONE_WAY,GBP,299,22,2,916.8,1164.34
KWI,ORD,2026-10-29,,IB,ECONOMY,2,0,0,1,ONE_WAY,AUD,719,10,21,2270.7,1475.95
SIN,BLR,2026-11-30,,6E,ECONOMY,3,2,0,0,ONE_WAY,GBP,271,16,20,900.47,1143.6
BLR,CCU,2027-02-09,,SQ,ECONOMY,1,1,0,1,ONE_WAY,USD,586,4,13,448.55,448.55
AMD,BLR,2026-08-31,2026-09-21,SG,ECONOMY,1,1,0,1,ROUND_TRIP,USD,504,18,2,2357.33,2357.33
KUL,PNQ,2027-01-26,,BA,ECONOMY,1,2,0,2,ONE_WAY,USD,417,0,6,1124.39,1124.39
FCO,AMD,2027-01-30,2027-02-03,EK,BUSINESS,3,0,0,1,ROUND_TRIP,USD,421,16,23,20910.23,20910.23
BAH,DPS,2026-10-08,,6E,ECONOMY,2,0,0,0,ONE_WAY,USD,537,19,3,1634.09,1634.09
HYD,MAD,2027-03-11,,LH,ECONOMY,2,1,0,1,ONE_WAY,USD,532,2,10,666.33,666.33
MAD,SYD,2026-11-16,2026-11-28,GA,ECONOMY,1,0,0,1,ROUND_TRIP,USD,413,15,21,475.16,475.16
BLR,ORD,2027-06-05,2027-07-05,EK,BUSINESS,2,0,0,1,ROUND_TRIP,SGD,192,2,5,10262.63,7594.35
SFO,BAH,2027-01-30,2027-02-18,SQ,ECONOMY,4,2,0,1,ROUND_TRIP,INR,232,17,20,6668.61,80.02
AMD,SYD,2027-03-23,,LH,ECONOMY,1,1,0,1,ONE_WAY,EUR,586,4,13,2230.7,2409.16
DFW,AMD,2027-05-28,2027-06-12,6E,ECONOMY,1,0,0,0,ROUND_TRIP,USD,142,16,18,442.9,442.9
HKG,MAA,2027-02-26,2027-03-04,BA,PREMIUM_ECONOMY,1,0,0,2,ROUND_TRIP,EUR,798,13,2,4191.44,4526.76
ZRH,CDG,2027-01-17,,WY,PREMIUM_ECONOMY,1,2,0,0,ONE_WAY,USD,495,7,15,1210.05,1210.05
DPS,FRA,2027-06-09,2027-07-04,WY,ECONOMY,1,1,0,0,ROUND_TRIP,USD,138,16,18,3300.04,3300.04
LHR,BAH,2027-06-26,2027-07-04,WY,BUSINESS,4,0,0,0,ROUND_TRIP,GBP,431,14,21,36086.55,45829.92
CGK,KUL,2026-09-12,,SG,ECONOMY,3,0,1,0,ONE_WAY,GBP,115,2,3,686.13,871.39
MNL,NRT,2027-06-06,2027-06-14,IB,ECONOMY,2,0,0,1,ROUND_TRIP,EUR,729,18,6,5056.77,5461.31
CDG,BLR,2026-09-09,2026-10-01,DL,ECONOMY,1,0,0,1,ROUND_TRIP,SGD,580,20,5,2428.63,1797.19
JFK,BOM,2027-03-15,,DL,FIRST,2,0,0,2,ONE_WAY,INR,312,16,21,2598.36,31.18
BOM,BAH,2027-05-27,2027-06-07,LH,PREMIUM_ECONOMY,2,1,0,1,ROUND_TRIP,AED,684,0,11,4062.58,1105.02
PNQ,BOM,2026-11-19,2026-12-07,EK,FIRST,2,2,0,2,ROUND_TRIP,EUR,603,18,4,45302.62,48926.83
BKK,LHR,2026-11-04,,6E,ECONOMY,3,0,0,1,ONE_WAY,AED,513,10,18,2051.86,558.11
SIN,MAD,2027-01-11,,IB,ECONOMY,1,0,0,1,ONE_WAY,INR,563,22,7,245.15,2.94
MNL,PNQ,2026-08-19,,LH,BUSINESS,1,0,0,2,ONE_WAY,USD,384,15,21,6293.81,6293.81
HKG,AUH,2027-01-24,2027-02-21,KL,ECONOMY,1,1,0,0,ROUND_TRIP,USD,182,4,7,2501.49,2501.49
KWI,BLR,2027-04-07,2027-04-13,LX,PREMIUM_ECONOMY,1,0,0,0,ROUND_TRIP,EUR,310,23,4,734.81,793.59
BKK,AUH,2027-07-09,,LH,ECONOMY,1,0,1,1,ONE_WAY,INR,176,22,0,606.58,7.28
FRA,AUH,2027-04-23,2027-05-12,TG,ECONOMY,1,2,0,0,ROUND_TRIP,USD,568,6,15,7050.78,7050.78
KUL,MAA,2027-04-30,2027-05-19,WN,ECONOMY,1,1,0,1,ROUND_TRIP,GBP,227,2,5,2314.72,2939.69
HKG,CDG,2027-08-01,2027-08-05,IB,BUSINESS,2,0,0,0,ROUND_TRIP,EUR,586,14,23,15770.46,17032.1
PNQ,MNL,2027-07-18,2027-07-29,UA,ECONOMY,4,1,1,0,ROUND_TRIP,EUR,164,9,11,8416.55,9089.87
AMS,BLR,2027-04-04,,EK,BUSINESS,3,0,1,0,ONE_WAY,GBP,567,14,23,7355.7,9341.74
DFW,CDG,2026-11-04,,BA,ECONOMY,2,0,0,1,ONE_WAY,USD,142,1,3,958.32,958.32
KUL,MCT,2027-06-14,,UA,PREMIUM_ECONOMY,1,0,0,2,ONE_WAY,AED,681,18,5,1392.76,378.83
DXB,AUH,2027-04-13,,WY,ECONOMY,2,0,0,1,ONE_WAY,USD,406,20,2,530.41,530.41
DFW,HYD,2026-10-16,,UK,ECONOMY,4,0,0,0,ONE_WAY,GBP,105,10,11,2304.51,2926.73
DXB,MIA,2027-03-25,2027-04-08,BA,ECONOMY,1,0,0,1,ROUND_TRIP,USD,156,13,15,2128.91,2128.91
ICN,FRA,2027-06-08,2027-06-25,6E,ECONOMY,2,0,0,1,ROUND_TRIP,INR,229,6,9,2690.68,32.29
MAA,KWI,2027-02-10,,SG,PREMIUM_ECONOMY,3,0,0,0,ONE_WAY,EUR,228,15,18,1477.8,1596.02
DXB,PNQ,2026-12-15,2027-01-12,TG,ECONOMY,4,0,0,0,ROUND_TRIP,USD,618,18,4,4474.1,4474.1
HKG,DOH,2027-07-09,,DL,ECONOMY,2,0,1,1,ONE_WAY,USD,576,2,11,1361.19,1361.19
ORD,BOM,2026-10-25,,SQ,PREMIUM_ECONOMY,2,0,0,0,ONE_WAY,EUR,533,15,23,2279.69,2462.07
AMS,FCO,2027-02-17,2027-02-28,LX,ECONOMY,1,2,1,2,ROUND_TRIP,USD,414,18,0,5431.24,5431.24
SIN,SYD,2026-09-30,2026-10-18,WY,ECONOMY,1,0,0,2,ROUND_TRIP,GBP,323,15,20,1467.76,1864.06
DPS,MAD,2026-09-03,2026-09-06,WY,ECONOMY,2,0,0,0,ROUND_TRIP,EUR,378,9,15,2397.84,2589.67
DPS,ORD,2026-12-10,2026-12-15,BA,BUSINESS,4,2,0,0,ROUND_TRIP,USD,262,12,16,12243.07,12243.07
SYD,KWI,2026-10-18,2026-11-09,WY,ECONOMY,2,0,0,0,ROUND_TRIP,GBP,76,18,19,3534.07,4488.27
ICN,LHR,2026-10-12,,DL,ECONOMY,2,0,0,0,ONE_WAY,AUD,571,18,3,2142.58,1392.68
HKG,KWI,2026-12-10,,WY,ECONOMY,2,0,0,0,ONE_WAY,AED,572,23,8,937.29,254.94
MIA,KUL,2026-09-20,,6E,PREMIUM_ECONOMY,2,0,0,0,ONE_WAY,INR,633,0,10,3552.02,42.62
DEL,KUL,2027-01-05,,EK,ECONOMY,1,0,0,0,ONE_WAY,EUR,102,12,13,1344.02,1451.54
HKG,ZRH,2027-04-03,,WN,ECONOMY,1,0,0,0,ONE_WAY,USD,173,11,13,1069.83,1069.83
CDG,JFK,2027-02-14,,IB,ECONOMY,1,0,0,1,ONE_WAY,USD,668,7,18,1050.9,1050.9
NRT,MNL,2027-04-28,2027-05-22,WN,BUSINESS,2,0,1,1,ROUND_TRIP,USD,467,3,10,6384.92,6384.92
MNL,AMS,2027-07-02,,SQ,BUSINESS,1,0,0,2,ONE_WAY,EUR,383,8,14,1668.01,1801.45
DOH,CDG,2027-01-03,,TG,ECONOMY,3,0,0,0,ONE_WAY,INR,455,8,15,1585.89,19.03
KWI,DXB,2026-12-12,,EK,BUSINESS,2,0,0,0,ONE_WAY,EUR,593,5,14,18304.15,19768.48
DFW,HYD,2027-07-13,2027-07-27,PR,BUSINESS,1,0,0,0,ROUND_TRIP,USD,105,16,17,6108.66,6108.66
MAA,CGK,2027-06-04,2027-06-29,QR,ECONOMY,3,0,0,1,ROUND_TRIP,EUR,354,4,9,7433.16,8027.81
AUH,MAD,2027-05-03,,UK,BUSINESS,1,1,0,0,ONE_WAY,EUR,484,22,6,1353.35,1461.62
LHR,HKG,2027-03-26,,PR,ECONOMY,3,0,0,1,ONE_WAY,INR,631,17,3,1013.18,12.16
CCU,MAD,2027-07-10,2027-07-27,LH,ECONOMY,1,1,0,2,ROUND_TRIP,EUR,723,7,19,4581.8,4948.34
DOH,CDG,2027-07-03,,EY,FIRST,1,0,1,1,ONE_WAY,USD,546,7,16,3672.34,3672.34
ICN,JFK,2026-10-11,2026-10-18,SG,ECONOMY,1,1,1,0,ROUND_TRIP,AUD,390,13,19,1925.4,1251.51
DFW,KUL,2027-07-13,,LH,BUSINESS,3,0,0,1,ONE_WAY,EUR,407,17,23,16557.4,17881.99
LHR,CDG,2027-05-23,,QR,ECONOMY,2,0,0,0,ONE_WAY,GBP,535,9,17,1646.65,2091.25
CDG,AMS,2026-10-20,,SG,ECONOMY,2,0,0,1,ONE_WAY,USD,673,1,12,885.21,885.21
KUL,LHR,2027-07-02,2027-08-01,UA,FIRST,2,0,0,1,ROUND_TRIP,GBP,637,17,3,35252.37,44770.51
LHR,DEL,2027-06-14,2027-07-10,PR,ECONOMY,3,0,0,1,ROUND_TRIP,AUD,488,19,3,2153.6,1399.84
BKK,ZRH,2026-08-23,,KL,ECONOMY,2,0,0,0,ONE_WAY,USD,303,4,9,3218.82,3218.82
MCT,ICN,2027-06-20,2027-07-02,EY,ECONOMY,4,0,0,1,ROUND_TRIP,USD,303,16,21,4498.33,4498.33
MIA,BAH,2027-01-26,,TG,PREMIUM_ECONOMY,3,1,0,1,ONE_WAY,AED,317,6,11,5442.01,1480.23
MIA,MAA,2027-02-27,,UK,PREMIUM_ECONOMY,2,0,0,0,ONE_WAY,USD,416,9,15,3006.0,3006.0
FRA,SIN,2027-03-23,,BA,PREMIUM_ECONOMY,2,2,0,1,ONE_WAY,GBP,598,18,3,2207.89,2804.02
MAD,CGK,2027-07-17,,AI,ECONOMY,1,0,0,1,ONE_WAY,USD,686,6,17,1010.43,1010.43
MEL,CCU,2027-05-28,,EY,PREMIUM_ECONOMY,1,1,0,0,ONE_WAY,EUR,319,16,21,1506.73,1627.27
AMD,KWI,2027-03-17,,WN,PREMIUM_ECONOMY,1,0,0,0,ONE_WAY,AED,468,3,10,294.26,80.04
HYD,AMD,2027-08-13,2027-09-02,AI,PREMIUM_ECONOMY,2,1,0,2,ROUND_TRIP,EUR,269,5,9,9243.3,9982.76
AMD,HYD,2027-05-04,2027-05-16,UK,FIRST,1,0,0,1,ROUND_TRIP,USD,722,18,6,7066.06,7066.06
BOM,FCO,2027-03-20,2027-04-13,TG,PREMIUM_ECONOMY,2,2,0,1,ROUND_TRIP,EUR,674,7,18,4454.62,4810.99
FCO,LAX,2027-01-28,2027-02-23,EY,ECONOMY,2,0,0,0,ROUND_TRIP,INR,642,7,17,4777.88,57.33
CGK,CCU,2026-10-31,,WY,BUSINESS,2,0,0,0,ONE_WAY,GBP,492,6,14,8343.32,10596.02
KUL,ORD,2027-07-20,,6E,ECONOMY,3,0,0,1,ONE_WAY,USD,317,9,14,1216.56,1216.56
DPS,MCT,2027-08-13,2027-08-28,KL,ECONOMY,1,0,1,1,ROUND_TRIP,USD,335,7,12,1624.54,1624.54
KUL,DOH,2027-03-29,2027-04-27,IX,BUSINESS,2,0,0,1,ROUND_TRIP,EUR,337,1,6,8234.4,8893.15
MCT,NRT,2027-07-24,,WN,ECONOMY,1,0,0,0,ONE_WAY,USD,316,6,11,782.44,782.44
JFK,ICN,2026-10-26,,KL,ECONOMY,2,0,0,1,ONE_WAY,AED,263,13,17,1337.81,363.88
MAA,BOM,2027-02-02,,UK,ECONOMY,1,0,0,0,ONE_WAY,INR,484,14,22,494.63,5.94
MIA,AMD,2026-12-12,,SQ,PREMIUM_ECONOMY,1,0,0,1,ONE_WAY,USD,297,19,23,2835.47,2835.47
HKG,DPS,2027-05-05,2027-05-08,EY,PREMIUM_ECONOMY,1,0,0,1,ROUND_TRIP,USD,281,4,8,3232.21,3232.21
SYD,CGK,2027-08-07,,GF,PREMIUM_ECONOMY,1,1,0,2,ONE_WAY,GBP,239,13,16,3052.68,3876.9
AUH,MAD,2027-02-23,2027-03-11,LX,FIRST,2,0,0,1,ROUND_TRIP,USD,594,9,18,4944.93,4944.93
SIN,ORD,2027-01-13,2027-01-29,WN,PREMIUM_ECONOMY,2,0,0,1,ROUND_TRIP,USD,343,19,0,5237.63,5237.63
AMS,SYD,2026-11-09,,EK,ECONOMY,1,0,0,1,ONE_WAY,USD,345,1,6,888.21,888.21
DFW,NRT,2027-07-25,2027-08-05,QR,ECONOMY,2,0,0,1,ROUND_TRIP,USD,581,5,14,4206.84,4206.84
HYD,FCO,2027-04-14,,KL,PREMIUM_ECONOMY,1,0,0,2,ONE_WAY,AED,503,4,12,844.29,229.65
SYD,BAH,2027-04-19,,6E,BUSINESS,1,0,0,0,ONE_WAY,INR,238,14,17,1972.52,23.67
BOM,HYD,2027-06-01,2027-06-23,SQ,ECONOMY,3,0,0,0,ROUND_TRIP,INR,319,10,15,2069.21,24.83
SIN,DOH,2026-09-10,,LX,ECONOMY,1,0,0,1,ONE_WAY,USD,737,13,1,902.05,902.05
BKK,DFW,2027-08-13,,WY,PREMIUM_ECONOMY,2,2,0,2,ONE_WAY,GBP,413,13,19,7450.53,9462.17
DXB,SFO,2027-01-16,,BA,BUSINESS,1,0,0,1,ONE_WAY,EUR,472,3,10,3376.07,3646.16
